ticker,name,mc,px,industry
SPCX,Space Exploration Technologies Corp. Class A Common Stock,2.01366e+12,148.36,Technology
HONA,Honeywell Aerospace Inc. Common Stock ,5.17679e+10,163.33,Industrials
CBRS,Cerebras Systems Inc. Class A Common Stock,4.87576e+10,205.24,Technology
MDLN,Medline Inc. Class A Common Stock,4.50945e+10,34.3,Health Care
XEL,Xcel Energy Inc. Common Stock,4.41367e+10,70.66,Utilities
TRI,Thomson Reuters Corporation Common Shares,4.26485e+10,98.45,Consumer Discretionary
RVMD,Revolution Medicines Inc. Common Stock,4.08825e+10,190.74,Health Care
VIK,Viking Holdings Ltd Ordinary Shares,3.57966e+10,80.3,Consumer Discretionary
FTS,Fortis Inc. Common Shares,2.7231e+10,53.3,Utilities
Q,Qnity Electronics Inc. Common Stock,2.60465e+10,124.5,Technology
GFS,GlobalFoundries Inc. Ordinary Shares,2.58754e+10,46.42,Technology
SN,SharkNinja Inc. Ordinary Shares,2.37354e+10,168.49,Consumer Discretionary
ARXS,Arxis Inc. Class A Common Stock,2.1358e+10,51.16,Industrials
FDXF,FedEx Freight Holding Company Inc. Common Stock,1.78256e+10,119.22,Consumer Discretionary
NLY,Annaly Capital Management Inc. Common Stock,1.58582e+10,21.04,Real Estate
APA,APA Corporation Common Stock,1.53104e+10,43.7,Energy
VNOM,Viper Energy Inc. Class A Common Stock,1.47018e+10,40.93,Energy
PNFP,Pinnacle Financial Partners Inc. Common stock,1.41139e+10,93.4,Finance
ARCC,Ares Capital Corporation Common Stock,1.37501e+10,19.15,Finance
CET,Central Securities Corporation Common Stock,1.36599e+10,56.44,Finance
QNT,Quantinuum Inc. Class A Common Stock,1.31944e+10,50.11,Technology
SMMT,Summit Therapeutics Inc. Common Stock ,1.3123e+10,16.45,Health Care
FPS,Forgent Power Solutions Inc. Class A Common Stock,1.21406e+10,39.88,Energy
AGNC,AGNC Investment Corp. Common Stock,1.17481e+10,9.91,Real Estate
PSKY,Paramount Skydance Corporation Class B Common Stock,1.11746e+10,9.96,Industrials
BEPC,Brookfield Renewable Corporation Brookfield Renewable Corporation Class A Subordinate Voting Shares,1.10126e+10,29.22,Utilities
SOLS,Solstice Advanced Materials Inc. Common Stock ,9.20997e+09,57.98,Industrials
LLYVK,Liberty Live Holdings Inc. Series C Liberty Live Group Common Stock,9.03125e+09,98.16,Industrials
LLYVA,Liberty Live Holdings Inc. Series A Liberty Live Group Common Stock,8.73959e+09,94.99,Industrials
PCVX,Vaxcyte Inc. Common Stock,8.40675e+09,56.495,Health Care
SYRE,Spyre Therapeutics Inc. Common Stock,7.77428e+09,88.17,Health Care
NTSK,Netskope Inc. Class A Common Stock,7.58747e+09,18.57,Technology
CBC,Central Bancompany Inc. Class A Common Stock,7.51328e+09,31.37,Finance
GJS,Goldman Sachs Group Securities STRATS Trust for Goldman Sachs Group Securities Series 2006-2,7.28131e+09,23.33,Finance
OKLO,Oklo Inc. Class A common stock,7.22121e+09,38.82,Utilities
AUGO,Aura Minerals Inc. Common Shares,7.15057e+09,85.34,Basic Materials
IMVT,Immunovant Inc. Common Stock,7.13433e+09,34.54,Health Care
XE,X-Energy Inc. Class A Common Stock,6.65628e+09,16.38,Industrials
SRRK,Scholar Rock Holding Corporation Common Stock,6.071e+09,49.85,Health Care
SWX,Southwest Gas Holdings Inc. Common Stock (DE),5.96519e+09,82.34,Utilities
ORKA,Oruka Therapeutics Inc. Common Stock,5.95391e+09,89.93,Health Care
USAR,USA Rare Earth Inc. Class A Common Stock,5.93746e+09,15.83,Basic Materials
MMED,MiniMed Group Inc. Common Stock,5.77893e+09,20.54,Health Care
LGN,Legence Corp. Class A Common stock,5.71935e+09,52.92,Consumer Discretionary
BETA,Beta Technologies Inc. Class A Common Stock,5.69413e+09,24.34,Industrials
MBGL,Mobility Global Inc. Common Stock,5.56623e+09,18.88,Consumer Discretionary
COGT,Cogent Biosciences Inc. Common Stock,5.45042e+09,31.41,Health Care
OBDC,Blue Owl Capital Corporation Common Stock,5.39991e+09,10.95,Finance
BLLN,BillionToOne Inc. Class A Common Stock,5.39914e+09,114.42,Health Care
OCTV,Octave Intelligence plc Class B Ordinary Shares,5.32044e+09,19.82,Technology
OZK,Bank OZK Common Stock,5.21444e+09,46.09,Finance
MWH,SOLV Energy Inc. Class A Common Stock,5.15074e+09,25.45,Industrials
MAIN,Main Street Capital Corporation Common Stock,5.15045e+09,55.08,Finance
NAVN,Navan Inc. Class A Common Stock,5.11967e+09,19.66,Technology
DFTX,Definium Therapeutics Inc. Common Shares,5.05892e+09,37.65,Health Care
ERAS,Erasca Inc. Common Stock,4.87743e+09,13.945,Health Care
FRVO,Fervo Energy Company Class A common stock,4.81938e+09,16.35,Utilities
OTF,Blue Owl Technology Finance Corp. Common Stock,4.76055e+09,10.39,Uncategorized
VSNT,Versant Media Group Inc. Class A Common Stock ,4.5857e+09,33.04,Industrials
EQPT,EquipmentShare.com Inc Class A Common Stock,4.58104e+09,18.08,Consumer Discretionary
MC,Moelis & Company Class A Common Stock,4.55369e+09,58.18,Finance
OGS,ONE Gas Inc. Common Stock,4.54388e+09,72.29,Utilities
EWTX,Edgewise Therapeutics Inc. Common Stock,4.4582e+09,41.05,Health Care
MRP,Millrose Properties Inc. Class A Common Stock,4.45174e+09,26.81,Finance
ACHR,Archer Aviation Inc. Class A Common Stock,4.44401e+09,5.71,Industrials
ALH,Alliance Laundry Holdings Inc. Common Stock,4.18849e+09,21.07,Industrials
MTH,Meritage Homes Corporation Common Stock,4.16202e+09,63.86,Consumer Discretionary
BULL,Webull Corporation Class A Ordinary Shares,4.13471e+09,7.65,Finance
PBLS,Parabilis Medicines Inc. Common Stock,4.06222e+09,33.31,Health Care
SKT,Tanger Inc. Common Stock,4.0357e+09,35.13,Real Estate
CELC,Celcuity Inc. Common Stock,3.91406e+09,79.99,Health Care
IOND,Ionic Digital Inc. Class A Common Stock,3.89847e+09,86.64,Finance
AQN,Algonquin Power & Utilities Corp. Common Shares,3.89492e+09,5.06,Utilities
CLSK,CleanSpark Inc. Common Stock,3.71357e+09,14.46,Finance
CII,BlackRock Enhanced Large Cap Core Fund Inc. Common Stock,3.59113e+09,24.14,Finance
MIAX,Miami International Holdings Inc. Common Stock,3.5614e+09,35.89,Finance
PTRN,Pattern Group Inc. Series A Common Stock,3.43445e+09,19.36,Consumer Discretionary
ELVN,Enliven Therapeutics Inc. Common Stock,3.37705e+09,46.09,Health Care
PDI,PIMCO Dynamic Income Fund Common Stock,3.36923e+09,13.86,Finance
PURR,Hyperliquid Strategies Inc Common Stock,3.31659e+09,13.94,Finance
NESR,National Energy Services Reunited Corp Ordinary Shares,3.30895e+09,32.81,Energy
CSQ,Calamos Strategic Total Return Common Stock,3.29692e+09,20.75,Finance
GBDC,Golub Capital BDC Inc. Common Stock,3.23266e+09,12.45,Finance
FRMI,Fermi Inc. Common Stock,3.08705e+09,4.82,Real Estate
FSK,FS KKR Capital Corp. Common Stock,3.08672e+09,11.17,Finance
QS,QuantumScape Corporation Class A Common Stock,3.03985e+09,4.91,Miscellaneous
DYN,Dyne Therapeutics Inc. Common Stock,3.03089e+09,16.23,Health Care
NAN,Nuveen New York Quality Municipal Income Fund Common Stock,3.02618e+09,10.01,Finance
DX,Dynex Capital Inc. Common Stock,2.911e+09,11.73,Real Estate
MBX,MBX Biosciences Inc. Common Stock,2.78799e+09,57.89,Health Care
LFTO,Liftoff Mobile Inc. Common Stock,2.72454e+09,16.09,Technology
TOWN,TowneBank Common Stock,2.69145e+09,36.07,Finance
MGEE,MGE Energy Inc,2.67738e+09,70.86,Energy
PGEN,Precigen Inc. Common Stock,2.66378e+09,7.44,Health Care
GDV,Gabelli Dividend & Income Trust Common Shares of Beneficial Interest,2.60104e+09,28.84,Finance
IRON,Disc Medicine Inc. Common Stock,2.53738e+09,66.09,Health Care
BANR,Banner Corporation Common Stock,2.49405e+09,68.07,Finance
TTAM,Titan America SA Common Shares,2.48889e+09,13.5,Industrials
ARR,ARMOUR Residential REIT Inc.,2.43962e+09,14.6,Real Estate
VIA,Via Transportation Inc. Class A Common Stock,2.40768e+09,29.54,Technology
VERA,Vera Therapeutics Inc. Class A Common Stock,2.38169e+09,33.05,Health Care
MLYS,Mineralys Therapeutics Inc. Common Stock,2.37726e+09,26.89,Health Care
SLS,SELLAS Life Sciences Group Inc. Common Stock,2.32641e+09,11.52,Health Care
BGR,BlackRock Energy and Resources Trust,2.3253e+09,17.15,Finance
ALMR,Alamar Biosciences Inc. Common Stock,2.23028e+09,32.14,Industrials
UNIT,Uniti Group Inc. Common Stock,2.22336e+09,9.16,Real Estate
LIFE,Ethos Technologies Inc. Class A Common Stock,2.16208e+09,33.91,Finance
PVLA,Palvella Therapeutics Inc. Common Stock,2.15492e+09,149.56,Health Care
GENB,Generate Biomedicines Inc. Common Stock,2.12038e+09,16.52,Health Care
BTX,BlackRock Technology and Private Equity Term Trust Common Shares of Beneficial Interest,2.11745e+09,8.98,Uncategorized
EMAT,Evolution Metals & Technologies Corp. Common Stock,2.08426e+09,3.335,Miscellaneous
SHAZ,SharonAI Holdings Inc. Class A Common Stock,2.06694e+09,57.73,Technology
BHVN,Biohaven Ltd. Common Shares ,2.06477e+09,13.67,Health Care
TRVI,Trevi Therapeutics Inc. Common Stock,2.0602e+09,14.46,Health Care
STUB,StubHub Holdings Inc. Class A Common Stock,2.0289e+09,5.31,Consumer Discretionary
MFP,Midera Food Processing Inc. Common Stock,2.02632e+09,44.8,Industrials
HYMC,Hycroft Mining Holding Corporation Class A Common Stock,1.98104e+09,21.26,Basic Materials
KOD,Kodiak Sciences Inc Common Stock,1.98101e+09,31.52,Health Care
TIC,TIC Solutions Inc. Common Stock,1.94871e+09,8.93,Consumer Discretionary
BRVE,Braveheart Bio Inc. Common Stock,1.93224e+09,21.46,Health Care
KYN,Kayne Anderson Energy Infrastructure Fund Inc.,1.93035e+09,14.18,Finance
BRSL,Brightstar Lottery PLC Trading under the Legal Name to begin at the market open on July 21 2025. Ordinary Shares,1.89297e+09,10.26,Consumer Discretionary
TY,Tri Continental Corporation Common Stock,1.88054e+09,34.6,Finance
RVT,Royce Small-Cap Trust Inc. Common Stock,1.86981e+09,17.32,Finance
LIME,Neutron Holdings Inc. Common Stock,1.85855e+09,28.6,Technology
HOS,Hornbeck Offshore Services Inc. Common Stock,1.85509e+09,8.35,Energy
MIY,Blackrock MuniYield Michigan Quality Fund Inc. Common Stock,1.74945e+09,11.76,Finance
PDO,PIMCO Dynamic Income Opportunities Fund Common Shares of Beneficial Interest,1.74431e+09,11.68,Finance
COAG,Hemab Therapeutics Holdings Inc. Common Stock,1.71574e+09,36.73,Health Care
KLRA,Kailera Therapeutics Inc. Common Stock,1.70222e+09,13.13,Health Care
BDJ,Blackrock Enhanced Equity Dividend Trust,1.69024e+09,9.55,Finance
MUJ,Blackrock MuniHoldings New Jersey Quality Fund Inc. Common Stock,1.68994e+09,11.36,Finance
FRNM,Freenome Inc. Common stock,1.68691e+09,15.7,Health Care
ETV,Eaton Vance Corporation Eaton Vance Tax-Managed Buy-Write Opportunities Fund Common Shares of Beneficial Interest,1.67836e+09,15.36,Finance
RAPP,Rapport Therapeutics Inc. Common Stock,1.6375e+09,34.13,Health Care
TYRA,Tyra Biosciences Inc. Common Stock,1.5972e+09,23.23,Health Care
MHD,Blackrock MuniHoldings Fund Inc. Common Stock,1.57986e+09,10.62,Finance
FRA,Blackrock Floating Rate Income Strategies Fund Inc  Common Stock,1.57242e+09,10.57,Finance
ADIG,ADI Global Distribution Inc. Common Stock,1.57009e+09,20.68,Industrials
GAB,Gabelli Equity Trust Inc. (The) Common Stock,1.56311e+09,5.32,Finance
MAZE,Maze Therapeutics Inc. Common Stock,1.56038e+09,28.09,Health Care
GAM,General American Investors Inc. Common Stock,1.55362e+09,64.8,Finance
HAWK,HawkEye 360 Inc. Common Stock,1.55079e+09,15.83,Technology
PBT,Permian Basin Royalty Trust Common Stock,1.54368e+09,33.12,Energy
ECAT,BlackRock ESG Capital Allocation Term Trust Common Shares of Beneficial Interest,1.54309e+09,14.27,Finance
WLTH,Wealthfront Corporation Common Stock,1.53678e+09,9.84,Finance
OXLC,Oxford Lane Capital Corp. Common Stock,1.52768e+09,8.8,Finance
RQI,Cohen & Steers Quality Income Realty Fund Inc Common Shares,1.52431e+09,11.35,Finance
MQY,Blackrock MuniYield Quality Fund Inc. Common Stock,1.51886e+09,10.21,Finance
BCAT,BlackRock Capital Allocation Term Trust Common Shares of Beneficial Interest,1.50848e+09,13.95,Finance
OMER,Omeros Corporation Common Stock,1.50133e+09,20.74,Health Care
AVBP,ArriVent BioPharma Inc. Common Stock,1.49402e+09,30.3,Health Care
MUC,Blackrock MuniHoldings California Quality Fund Inc.  Common Stock,1.49358e+09,10.04,Finance
GLOB,Globant S.A. Common Shares,1.48754e+09,34.45,Technology
MYI,Blackrock MuniYield Quality Fund III Inc Common Stock,1.45936e+09,9.81,Finance
CSWC,Capital Southwest Corporation Common Stock,1.43856e+09,23.15,Consumer Discretionary
BKT,BlackRock Income Trust Inc. (The),1.42961e+09,9.61,Finance
NRP,Natural Resource Partners LP Limited Partnership,1.42548e+09,107.58,Energy
MUA,Blackrock MuniAssets Fund Inc Common Stock,1.41919e+09,9.54,Finance
NCV,Virtus Convertible & Income Fund Common Shares of Beneficial Interest,1.40892e+09,15.59,Finance
ORIC,Oric Pharmaceuticals Inc. Common Stock,1.38169e+09,13.33,Health Care
CDNL,Cardinal Infrastructure Group Inc. Class A Common Stock,1.36153e+09,28.68,Industrials
KARD,Kardigan Inc. Common Stock,1.35767e+09,14.52,Health Care
BCAX,Bicara Therapeutics Inc. Common Stock,1.35555e+09,20.485,Health Care
LTGO,Latigo Biotherapeutics Inc. Common Stock,1.324e+09,19.97,Health Care
AVLN,Avalyn Pharma Inc. Common Stock,1.31536e+09,29.67,Health Care
BRUN,Boost Run Inc. Class A Common Stock,1.31234e+09,16.51,Technology
TRAX,First Tracks Biotherapeutics Inc. Ordinary Shares ,1.30989e+09,36.66,Health Care
ITG,ITG Inc. Class A Common Stock,1.26889e+09,10.22,Industrials
LBRX,LB Pharmaceuticals Inc Common Stock,1.26424e+09,39.19,Health Care
YSWY,Yesway Inc. Class A Common Stock,1.23672e+09,19.57,Consumer Staples
CNL,Collective Mining Ltd. Common Shares,1.22699e+09,13.23,Uncategorized
REPL,Replimune Group Inc. Common Stock,1.22109e+09,12.96,Health Care
CLBK,Columbia Financial Inc. Common Stock,1.16325e+09,11.18,Finance
VOR,Vor Biopharma Inc. Common Stock,1.14597e+09,19.37,Health Care
SPTX,Seaport Therapeutics Inc. Common Stock,1.13967e+09,21.29,Health Care
PSEC,Prospect Capital Corporation Common Stock,1.13889e+09,2.17,Finance
NCZ,Virtus Convertible & Income Fund II Common Shares of Beneficial Interest,1.12118e+09,14.73,Finance
MLTX,MoonLake Immunotherapeutics Class A Ordinary Shares,1.09788e+09,12.9,Health Care
AKTS,Aktis Oncology Inc. Common stock,1.09682e+09,19.72,Health Care
BST,BlackRock Science and Technology Trust Common Shares of Beneficial Interest,1.09526e+09,49.43,Finance
CGEM,Cullinan Therapeutics Inc. Common Stock,1.08566e+09,16.87,Health Care
GSBD,Goldman Sachs BDC Inc. Common Stock,1.08517e+09,9.64,Finance
ANRO,Alto Neuroscience Inc. Common Stock,1.07916e+09,27.5,Health Care
OCSL,Oaktree Specialty Lending Corporation Common Stock,1.07112e+09,12.16,Finance
DEC,Diversified Energy Company Common Stock,1.06614e+09,13.89,Uncategorized
ETW,Eaton Vance Corporation Eaton Vance Tax-Managed Global Buy-Write Opportunites Fund Common Shares of Beneficial Interest,1.05543e+09,9.63,Finance
CRVS,Corvus Pharmaceuticals Inc. Common Stock,1.05488e+09,12.54,Health Care
SBR,Sabine Royalty Trust Common Stock,1.05452e+09,72.33,Energy
NBN,Northeast Bank Common Stock,1.04885e+09,129.01,Finance
FSCO,FS Credit Opportunities Corp. Common Stock,1.04534e+09,5.27,Finance
BCX,BlackRock Resources Common Shares of Beneficial Interest,1.0429e+09,12.29,Finance
ASA,ASA  Gold and Precious Metals Limited,1.04001e+09,57.09,Industrials
AEF,abrdn Emerging Markets ex-China Fund Inc. Common Stock,1.02961e+09,9.59,Finance
SVRA,Savara Inc. Common Stock,1.0273e+09,5,Health Care
HQH,abrdn Healthcare Investors Shares of Beneficial Interest,1.02262e+09,21.6,Finance
BTZ,BlackRock Credit Allocation Income Trust,1.01971e+09,9.43,Finance
DSL,DoubleLine Income Solutions Fund Common Shares of Beneficial Interests,1.01691e+09,9.97,Finance
ODTX,Odyssey Therapeutics Inc. Common Stock,9.97695e+08,20.76,Health Care
KURA,Kura Oncology Inc. Common Stock,9.82125e+08,11.04,Health Care
LMRI,Lumexa Imaging Holdings Inc. Common Stock,9.742e+08,10.14,Health Care
OIG,Orion180 Insurance Group Inc. Class A common stock,9.65566e+08,9.75,Finance
ALMS,Alumis Inc. Common Stock,9.62998e+08,7.44,Health Care
BXBL,BOXABL Inc. Common stock,9.61144e+08,3.98,Consumer Discretionary
BTGO,BitGo Holdings Inc. Class A Common Stock,9.5212e+08,8.1,Finance
OBX,Obsidian Therapeutics Inc. Common Stock,9.42654e+08,15.26,Health Care
SGP,SpyGlass Pharma Inc. Common Stock,9.41895e+08,28.16,Health Care
APMD,Apnimed Inc. Common Stock,9.36276e+08,22.49,Health Care
JBIO,Jade Biosciences Inc. Common Stock,9.35518e+08,14.71,Health Care
RMIX,Suncrete Inc. Class A Common Stock,9.35475e+08,12.73,Industrials
SANA,Sana Biotechnology Inc. Common Stock,9.22031e+08,3.08,Health Care
NNE,Nano Nuclear Energy Inc. Common Stock,9.13405e+08,17.01,Utilities
FRBT,Forbright Inc. Class A Common Stock,9.07159e+08,17.87,Finance
BBDC,Barings BDC Inc. Common Stock,9.06762e+08,8.66,Finance
ANGX,Angel Studios Inc. Class A Common Stock,9.05768e+08,4.85,Consumer Discretionary
CIM,Chimera Investment Corporation Common Stock,8.99902e+08,10.75,Real Estate
DC,Dakota Gold Corp. Common Stock,8.90909e+08,6.64,Basic Materials
FMN,Federated Hermes Premier Municipal Income Fund,8.84975e+08,10.26,Finance
CADL,Candel Therapeutics Inc. Common Stock,8.63895e+08,11.29,Health Care
KBDC,Kayne Anderson BDC Inc. Common Stock,8.63775e+08,13.08,Uncategorized
SLDB,Solid Biosciences Inc. Common Stock,8.59946e+08,8.02,Health Care
IMMX,Immix Biopharma Inc. Common Stock,8.52749e+08,11.92,Health Care
ATTO,Attovia Therapeutics Inc. Common Stock,8.45461e+08,18.52,Health Care
AVTX,Avalo Therapeutics Inc. Common Stock,8.20539e+08,15.3,Health Care
FTH,Faeth Therapeutics Inc. Common Stock,8.15265e+08,31.55,Health Care
HMH,HMH Holding Inc. Class A Common Stock,8.14981e+08,18.55,Consumer Discretionary
ACHV,Achieve Life Sciences Inc. Common Shares,8.05726e+08,7.83,Health Care
ETRA,Electra Therapeutics Inc. Common stock,7.95257e+08,12.59,Health Care
DSGN,Design Therapeutics Inc. Common Stock,7.73509e+08,12.36,Health Care
OLMA,Olema Pharmaceuticals Inc. Common Stock,7.72604e+08,8.83,Health Care
CGBD,Carlyle Secured Lending Inc. Common Stock,7.71987e+08,11.22,Finance
VSTM,Verastem Inc. Common Stock,7.40809e+08,8.18,Health Care
ANNX,Annexon Inc. Common Stock,7.33671e+08,3.87,Health Care
MFIC,MidCap Financial Investment Corporation Common Stock,7.33116e+08,8.9,Finance
GEMI,Gemini Space Station Inc. Class A Common Stock,7.29942e+08,5.63,Finance
EVEX,Eve Holding Inc. Common Stock,7.24852e+08,2.08,Industrials
RCBC,River City Bank Common stock,7.24469e+08,51.02,Finance
FDUS,Fidus Investment Corporation Common Stock,7.24169e+08,19.08,Finance
CLYM,Climb Bio Inc. Common Stock,7.19102e+08,12.52,Health Care
BCSF,Bain Capital Specialty Finance Inc. Common Stock,7.18094e+08,11.07,Finance
BLSM,BlossomHill Therapeutics Inc. Common Stock,7.10075e+08,22.34,Health Care
NIE,Virtus Equity & Convertible Income Fund Common Shares of Beneficial Interest,7.04085e+08,25.41,Finance
MPLT,MapLight Therapeutics Inc. Common Stock,6.97612e+08,10.77,Health Care
PFLT,PennantPark Floating Rate Capital Ltd. Common Stock,6.9651e+08,7.02,Finance
SSYS,Stratasys Ltd. Ordinary Shares (Israel),6.91965e+08,8.03,Technology
FAC,Factorial Energy Inc. Class A Common Stock,6.8923e+08,6.44,Miscellaneous
XFLT,XAI Floating Rate & Alternative Income Trust Common Shares of Beneficial Interest,6.88799e+08,19.42,Finance
NVCT,Nuvectis Pharma Inc. Common Stock,6.87178e+08,21.07,Health Care
NMFC,New Mountain Finance Corporation Common Stock,6.66834e+08,7.06,Finance
TBLD,Thornburg Income Builder Opportunities Trust Common Stock,6.57037e+08,20.48,Finance
BSTZ,BlackRock Science and Technology Term Trust Common Shares of Beneficial Interest,6.55872e+08,29.6,Finance
SLRC,SLR Investment Corp. Common Stock,6.42108e+08,11.77,Finance
SGMT,Sagimet Biosciences Inc. Series A Common Stock,6.4178e+08,10.42,Health Care
WCCB,West Coast Community Bancorp Common Stock,6.32603e+08,60.11,Finance
HIFS,Hingham Institution for Savings Common Stock,6.28394e+08,292.63,Finance
DLY,DoubleLine Yield Opportunities Fund Common Shares of Beneficial Interest,6.2761e+08,13.09,Finance
ELMT,The Elmet Group Co. Common Stock,6.26856e+08,20.58,Industrials
TMS,Teamshares Inc. Common Stock,6.26114e+08,8.5,Uncategorized
RMT,Royce Micro-Cap Trust Inc. Common Stock,6.25558e+08,13.52,Finance
VEL,Velocity Financial Inc. Common Stock,6.24597e+08,15.82,Finance
AURA,Aura Biosciences Inc. Common Stock,6.24303e+08,6.02,Health Care
GAIN,Gladstone Investment Corporation Business Development Company,6.22816e+08,15.64,Finance
NXP,Nuveen Select Tax Free Income Portfolio Common Stock,6.16812e+08,13.18,Finance
CTGO,Contango Silver & Gold Inc. Common Stock,6.1464e+08,18.38,Basic Materials
FOF,Cohen & Steers Closed-End Opportunity Fund Inc. Common Stock,6.05879e+08,12.33,Finance
MNPR,Monopar Therapeutics Inc. Common Stock,5.99934e+08,89.38,Health Care
VMO,Invesco Municipal Opportunity Trust Common Stock,5.9685e+08,8.85,Finance
KDK,Kodiak AI Inc. Common Stock ,5.95836e+08,2.97,Technology
BME,Blackrock Health Sciences Trust,5.94919e+08,44.62,Finance
NCDL,Nuveen Churchill Direct Lending Corp. Common Stock,5.82273e+08,11.79,Uncategorized
GFUZ,General Fusion Group Ltd. Common Shares,5.51603e+08,8.68,Utilities
IIM,Invesco Value Municipal Income Trust Common Stock,5.38934e+08,11.45,Finance
CBIO,Crescent Biopharma Inc. Common Stock,5.27073e+08,14.19,Health Care
CERS,Cerus Corporation Common Stock,5.23965e+08,2.6,Health Care
RFI,Cohen & Steers Total Return Realty Fund Inc. Common Stock,5.21361e+08,10.61,Finance
NB,NioCorp Developments Ltd. Common Stock,5.11011e+08,3.51,Basic Materials
SWRD,Stewards Inc Common Stock,5.10983e+08,2.42,Finance
VGM,Invesco Trust for Investment Grade Municipals Common Stock (DE),5.05442e+08,9.32,Finance
CAPR,Capricor Therapeutics Inc. Common Stock,5.04065e+08,8.67,Health Care
INDP,Indaptus Therapeutics Inc. Common Stock,5.02324e+08,3.77,Health Care
HQL,abrdn Life Sciences Investors Shares of Beneficial Interest,5.02294e+08,19.56,Finance
SCTX,Scribe Therapeutics Inc. Common Stock,5.02257e+08,26.53,Health Care
PBAM,Private Bancorp of America Inc. Common Stock,4.99924e+08,87.25,Finance
ETO,Eaton Vance Tax-Advantage Global Dividend Opp Common Stock,4.99019e+08,30.45,Finance
VKQ,Invesco Municipal Trust Common Stock,4.95806e+08,8.96,Finance
IPI,Intrepid Potash Inc Common Stock,4.94129e+08,36.72,Industrials
IQI,Invesco Quality Municipal Income Trust Common Stock,4.93935e+08,9.34,Finance
TECX,Tectonic Therapeutic Inc. Common Stock,4.88343e+08,24.98,Health Care
TYG,Tortoise Energy Infrastructure Corporation Common Stock,4.81649e+08,40.38,Finance
FTHY,First Trust High Yield Opportunities 2027 Term Fund Common Stock,4.76946e+08,12.97,Finance
CTNM,Contineum Therapeutics Inc. Class A Common Stock,4.7064e+08,12.51,Health Care
IMSR,Terrestrial Energy Inc. Common Stock  ,4.69293e+08,4.43,Industrials
FISN,Deep Fission Inc. Common Stock,4.59466e+08,7.8,Utilities
ETB,Eaton Vance Tax-Managed Buy-Write Income Fund Eaton Vance Tax-Managed Buy-Write Income Fund Common Shares of Beneficial Interest,4.55257e+08,15.5,Finance
VCV,Invesco California Value Municipal Income Trust Common Stock,4.47776e+08,9.35,Finance
GUT,Gabelli Utility Trust (The) Common Stock,4.41128e+08,6.01,Finance
EIKN,Eikon Therapeutics Inc. Common Stock,4.40362e+08,8.13,Health Care
FRBA,First Bank Common Stock,4.40103e+08,17.51,Finance
GLOO,Gloo Holdings Inc. Class A Common Stock,4.39349e+08,4.8,Technology
KYTX,Kyverna Therapeutics Inc. Common Stock,4.37233e+08,7.07,Health Care
GLAD,Gladstone Capital Corporation Common Stock,4.34239e+08,19.22,Consumer Discretionary
CBK,Commercial Bancgroup Inc. Common Stock,4.31179e+08,31.47,Finance
AVIR,Atea Pharmaceuticals Inc. Common Stock,4.23481e+08,5.28,Health Care
BLW,Blackrock Limited Duration Income Trust,4.17107e+08,11.68,Consumer Discretionary
GALT,Galectin Therapeutics Inc. Common Stock,4.08441e+08,4.05,Health Care
DMAC,DiaMedica Therapeutics Inc. Common Stock,4.07678e+08,7.56,Health Care
RLMD,Relmada Therapeutics Inc. Common Stock,4.03212e+08,3.78,Health Care
TTRX,Turn Therapeutics Inc. Common Stock,4.02436e+08,13.51,Health Care
LRMR,Larimar Therapeutics Inc. Common Stock,4.01508e+08,3.865,Health Care
HCMA,HCM III Acquisition Corp. Class A Ordinary Share,3.99769e+08,10.3,Consumer Discretionary
VOGX,Vogenx Inc Common Stock,3.99008e+08,26.86,Health Care
EVN,Eaton Vance Municipal Income Trust Common Stock,3.92705e+08,9.9,Finance
CYPH,Cypherpunk Technologies Inc. Common Stock,3.89029e+08,3.61,Health Care
RZLT,Rezolute Inc. Common Stock (NV),3.85169e+08,4,Health Care
TACO,Berto Acquisition Corp. Ordinary Shares,3.80821e+08,10.45,Finance
SOR,Source Capital Inc. Cmn Shs of BI,3.80592e+08,45.61,Finance
MCI,Barings Corporate Investors Common Stock,3.79502e+08,18.73,Finance
ARTV,Artiva Biotherapeutics Inc. Common Stock,3.77432e+08,7.72,Health Care
CABA,Cabaletta Bio Inc. Common Stock,3.76391e+08,2.22,Health Care
DIN,Dine Brands Global Inc. Common Stock,3.63064e+08,28.68,Consumer Discretionary
SWMR,Swarmer Inc Common Stock,3.62407e+08,22.74,Technology
VKI,Invesco Advantage Municipal Income Trust II Common Shares of Beneficial Interest (DE),3.62353e+08,8.16,Finance
BRCB,Black Rock Coffee Bar Inc. Class A Common Stock,3.56517e+08,7.12,Consumer Discretionary
CCAP,Crescent Capital BDC Inc. Common stock,3.563e+08,9.67,Finance
LEO,BNY Mellon Strategic Municipals Inc. Common Stock,3.54435e+08,5.69,Finance
CION,CION Investment Corporation Common Stock,3.53275e+08,7.18,Finance
PPHC,Public Policy Holding Company Inc. Common Stock,3.50373e+08,11.72,Uncategorized
USDE,StablecoinX Inc. Class A Common Stock,3.49898e+08,12.87,Finance
CUB,Lionheart Holdings Class A Ordinary Shares,3.4596e+08,10.89,Industrials
PRLD,Prelude Therapeutics Incorporated Common Stock,3.43953e+08,4.31,Health Care
SVIA,Silvia Inc. Common Stock,3.39771e+08,4.03,Finance
TCPC,BlackRock TCP Capital Corp. Common Stock,3.38967e+08,4.04,Finance
BBOT,BridgeBio Oncology Therapeutics Inc. Common Stock  ,3.33525e+08,4.16,Health Care
EGHT,8x8 Inc Common Stock,3.30757e+08,2.29,Technology
KTF,DWS Municipal Income Trust,3.27858e+08,8.3,Finance
PPT,Franklin Premier Income Trust Shares of Beneficial Interest,3.25457e+08,3.27,Finance
PMO,Franklin Municipal Opportunities Trust Shares of Beneficial Interest,3.20106e+08,9.42,Finance
EVMN,Evommune Inc. Common Stock,3.18282e+08,8.77,Health Care
ABEO,Abeona Therapeutics Inc. Common Stock,3.16228e+08,5.53,Health Care
SUJA,Suja Life Inc. Class A Common Stock,3.11704e+08,8.07,Consumer Staples
AIRJ,AirJoule Technologies Corporation Class A Common Stock,3.11357e+08,4.14,Industrials
HRZN,Horizon Technology Finance Corporation Common Stock,3.09026e+08,4.61,Finance
SABS,SAB Biotherapeutics Inc. Common Stock,3.08444e+08,3.39,Health Care
MOBI,Mobia Medical Inc. Common Stock,3.04946e+08,9.16,Health Care
EFT,Eaton Vance Floating Rate Income Trust Common Shares of Beneficial Interest,3.03995e+08,10.45,Finance
CATX,Perspective Therapeutics Inc. Common Stock,2.99077e+08,2.62,Health Care
NREF,NexPoint Real Estate Finance Inc. Common Stock,2.97987e+08,15.81,Real Estate
FUND,Sprott Focus Trust Inc. Common Stock,2.94854e+08,9.95,Finance
LXEO,Lexeo Therapeutics Inc. Common Stock,2.88803e+08,3.52,Health Care
GBAB,Guggenheim Taxable Municipal Bond & Investment Grade Debt Trust Common Shares of Beneficial Interest,2.87352e+08,12.83,Finance
QTTB,Q32 Bio Inc. Common Stock,2.84596e+08,9.56,Health Care
IMRX,Immuneering Corporation Class A Common Stock,2.83375e+08,4.38,Health Care
RWAY,Runway Growth Finance Corp. Common Stock,2.82473e+08,6.74,Finance
SAR,Saratoga Investment Corp New,2.80773e+08,17.46,Finance
PMM,Franklin Managed Municipal Income Trust Shares of Beneficial Interest,2.74887e+08,5.64,Finance
REFI,Chicago Atlantic Real Estate Finance Inc. Common Stock,2.7389e+08,10.69,Real Estate
MIN,Aberdeen Intermediate Income Fund Common Shares of Beneficial Interest,2.71159e+08,2.36,Finance
PYXS,Pyxis Oncology Inc. Common Stock,2.68574e+08,3.22,Health Care
ARDC,Ares Dynamic Credit Allocation Fund Inc. Common Shares,2.67646e+08,11.68,Finance
OIA,Invesco Municipal Income Opportunities Trust Common Stock,2.64687e+08,5.56,Finance
ACV,Virtus Diversified Income & Convertible Fund Common Shares of Beneficial Interest,2.61665e+08,25.25,Finance
USAU,U.S. Gold Corp. Common Stock,2.58674e+08,15.65,Basic Materials
GLSI,Greenwich LifeSciences Inc. Common Stock,2.57015e+08,17.51,Health Care
MMT,Aberdeen Multi-Market Income Fund Common Shares of Beneficial Interest,2.56653e+08,4.31,Finance
VPV,Invesco Pennsylvania Value Municipal Income Trust Common Stock (DE),2.56168e+08,10.75,Finance
BNC,CEA Industries Inc. Common Stock,2.51572e+08,6.11,Consumer Staples
CPZ,Calamos Long/Short Equity & Dynamic Income Trust Common Stock,2.51488e+08,12.81,Finance
XLAB,Exascale Labs Holdings Inc. Class A Common Stock,2.508e+08,2.75,Technology
SION,Sionna Therapeutics Inc. Common Stock,2.4912e+08,5.51,Health Care
TG,Tredegar Corporation Common Stock,2.44959e+08,7.01,Industrials
EOT,Eaton Vance Municipal Income Trust EATON VANCE NATIONAL MUNICIPAL OPPORTUNITIES TRUST,2.43905e+08,15.61,Finance
QMLS,QumulusAI Inc. Common Stock,2.38225e+08,7.12,Technology
LIEN,Chicago Atlantic BDC Inc. Common Stock,2.36193e+08,10.35,Finance
KGEI,Kolibri Global Energy Inc. Common stock,2.32606e+08,6.47,Energy
AIAI,AIAI Holdings Corporation Class A Common Stock,2.31665e+08,3.27,Technology
YDES,YD Bio Limited Ordinary Shares,2.28785e+08,3.23,Health Care
BMEZ,BlackRock Health Sciences Term Trust Common Shares of Beneficial Interest,2.22661e+08,16.7,Finance
PNNT,PennantPark Investment Corporation Common Stock,2.2266e+08,3.41,Finance
ELDN,Eledon Pharmaceuticals Inc. Common Stock,2.2103e+08,2.72,Health Care
NSLR,Neostellar Capital Corp. Common Stock,2.19463e+08,8.29,Finance
FTF,Franklin Limited Duration Income Trust Common Shares of Beneficial Interest,2.18593e+08,5.41,Finance
AVXL,Anavex Life Sciences Corp. Common Stock,2.17838e+08,2.35,Health Care
ECC,Eagle Point Credit Company Common Share of Beneficial Interest,2.16565e+08,3.57,Finance
APC,ARKO Petroleum Corp. Class A Common Stock,2.13317e+08,16.97,Energy
CMPX,Compass Therapeutics Inc. Common Stock,2.10703e+08,1.17,Health Care
TARA,Protara Therapeutics Inc.  Common Stock,2.09198e+08,3.54,Health Care
MFM,Aberdeen Municipal Income Fund Common Shares of Beneficial Interest,2.06762e+08,5.02,Finance
ALXO,ALX Oncology Holdings Inc. Common Stock,2.03267e+08,1.47,Health Care
ESOA,Energy Services of America Corporation Common Stock,2.01519e+08,10.8,Industrials
NKTX,Nkarta Inc. Common Stock,1.97684e+08,2.76,Health Care
MITT,TPG Mortgage Investment Trust Inc. Common Stock,1.96864e+08,6.19,Real Estate
SES,SES AI Corporation Class A Common Stock,1.94258e+08,0.523,Miscellaneous
USBC,USBC Inc. Common Stock,1.9349e+08,0.5,Finance
PEPG,PepGen Inc. Common Stock,1.88386e+08,2.72,Health Care
VTN,Invesco Trust for Investment Grade New York Municipals Common Stock,1.85312e+08,9.51,Finance
ANNA,AleAnna Inc. Class A Common Stock,1.8407e+08,2.75,Energy
NUCL,Eagle Nuclear Energy Corp. Common stock,1.83986e+08,6.22,Basic Materials
ANTX,AN2 Therapeutics Inc. Common Stock,1.82266e+08,4.83,Health Care
FT,Franklin Universal Trust Common Stock,1.79944e+08,7.16,Finance
MRLN,Merlin Inc. Common Stock,1.7889e+08,1.77,Technology
CNTN,Canton Strategic Holdings Inc. Common Stock,1.78486e+08,2.24,Health Care
SAFX,XCF Global Inc. Class A Common Stock,1.76626e+08,0.425,Industrials
MPV,Barings Participation Investors Common Stock,1.74027e+08,16.42,Finance
GRX,The Gabelli Healthcare & Wellness Trust Common Shares of Beneficial Interest,1.67511e+08,9.8,Finance
ABOS,Acumen Pharmaceuticals Inc. Common Stock,1.66691e+08,2.305,Health Care
NERV,Minerva Neurosciences Inc Common Stock,1.66639e+08,3.49,Health Care
GNT,GAMCO Natural Resources Gold & Income Trust,1.63508e+08,8.85,Finance
OTLK,Outlook Therapeutics Inc. Common Stock,1.61089e+08,0.662,Health Care
EARN,Ellington Credit Company Common Shares of Beneficial Interest,1.58124e+08,4.21,Real Estate
WHF,WhiteHorse Finance Inc. Common Stock,1.52483e+08,7.1,Finance
PIM,Franklin Master Intermediate Income Trust Shares of Beneficial Interest,1.51263e+08,3.01,Finance
CRBP,Corbus Pharmaceuticals Holdings Inc. Common Stock,1.49702e+08,7.74,Health Care
BANX,ArrowMark Financial Corp. Common Stock,1.49262e+08,21.02,Finance
TNYA,Tenaya Therapeutics Inc. Common Stock,1.48283e+08,0.661,Health Care
PAAC,Proem Acquisition Corp I Ordinary Shares,1.45683e+08,10.07,Finance
NXG,NXG NextGen Infrastructure Income Fund Common Shares of Beneficial Interest,1.4528e+08,55.84,Uncategorized
RNA,Atrium Therapeutics Inc. Common Stock,1.4249e+08,8.33,Health Care
SJT,San Juan Basin Royalty Trust Common Stock,1.40759e+08,3.02,Energy
MNOV,Medicinova Inc Common Stock,1.37819e+08,2.8,Health Care
NMRA,Neumora Therapeutics Inc. Common Stock,1.37408e+08,0.731,Health Care
NRXP,NRX Pharmaceuticals Inc. Common Stock,1.36815e+08,3.16,Health Care
OXSQ,Oxford Square Capital Corp. Common Stock,1.36789e+08,1.27,Finance
ARMP,Armata Pharmaceuticals Inc. Common Stock,1.35342e+08,3.64,Health Care
UNCY,Unicycive Therapeutics Inc. Common Stock,1.33984e+08,4.81,Health Care
HYNE,Hoyne Bancorp Inc. Common Stock,1.33114e+08,16.44,Finance
WALD,Waldencast plc Class A Ordinary Share,1.31173e+08,1.02,Consumer Discretionary
IMUX,Immunic Inc. Common Stock,1.27849e+08,9.37,Health Care
GLND,Greenland Energy Company Common Stock,1.27255e+08,2.91,Energy
NAUT,Nautilus Biotechnology Inc. Common Stock,1.21389e+08,0.954,Industrials
JHS,John Hancock Income Securities Trust Common Stock,1.21299e+08,10.42,Finance
OKUR,OnKure Therapeutics Inc. Class A Common Stock,1.19059e+08,2.94,Health Care
CNXU,Conexeu Sciences Inc. Common Stock,1.1875e+08,4.21,Health Care
GNLX,Genelux Corporation Common Stock,1.13792e+08,2.515,Health Care
HOVR,New Horizon Aircraft Ltd. Class A Ordinary Share,1.13439e+08,1.69,Industrials
SUIG,Sui Group Holdings Limited Common Stock,1.129e+08,1.47,Finance
EQ,Equillium Inc. Common Stock,1.10964e+08,1.75,Health Care
VANI,Vivani Medical Inc. Common Stock (DE),1.1095e+08,1.23,Health Care
DMRC,Digimarc Corporation Common Stock,1.10803e+08,4.93,Technology
GGT,Gabelli Multi-Media Trust Inc. (The) Common Stock,1.10694e+08,4.02,Finance
FEAM,5E Advanced Materials Inc. Common Stock,1.09949e+08,2.64,Industrials
GLU,Gabelli Global Utility Common Shares of Beneficial Ownership,1.09589e+08,18.36,Finance
PAL,Proficient Auto Logistics Inc. Common Stock,1.08284e+08,3.86,Consumer Discretionary
JHI,John Hancock Investors Trust Common Stock,1.07558e+08,12.3,Finance
PLYX,Polaryx Therapeutics Inc. Common Stock,1.0667e+08,2.14,Health Care
BMEA,Biomea Fusion Inc. Common Stock,1.04377e+08,1.44,Health Care
PMVP,PMV Pharmaceuticals Inc. Common Stock,1.03456e+08,1.37,Health Care
FJET,Starfighters Space Inc. Common Stock,1.02843e+08,1.87,Consumer Discretionary
ILLU,Illumination Acquisition Corp I Class A Ordinary Shares,1.02442e+08,9.98,Finance
HDRN,Hadron Energy Inc. Common Stock  ,1.00098e+08,1.4,Utilities
USGO,U.S. GoldMining Inc. Common stock,9.9373e+07,7.08,Basic Materials
AVAT,Avalanche Treasury Corporation Class A Common Stock,9.66222e+07,2.21,Finance
PARK,Park Dental Partners Inc. Common Stock,9.59616e+07,20.18,Health Care
ANIX,Anixa Biosciences Inc. Common Stock,9.56005e+07,2.75,Health Care
CTOR,Citius Oncology Inc. Common Stock,9.3911e+07,1.01,Health Care
PFX,PhenixFIN Corporation Common Stock,9.05037e+07,46.862,Finance
CGTX,Cognition Therapeutics Inc. Common Stock,9.03391e+07,0.95,Health Care
MGF,Aberdeen Government Markets Income Fund Common Shares of Beneficial Interest,8.83389e+07,2.71,Finance
ACRV,Acrivon Therapeutics Inc. Common Stock,8.82779e+07,2.06,Health Care
BCIC,BCP Investment Corporation Common Stock,8.79239e+07,7.1,Finance
RPT,Rithm Property Trust Inc. Common stock,8.65086e+07,11.13,Real Estate
EVF,Eaton Vance Senior Income Trust Common Stock,8.54142e+07,4.87,Finance
EIC,Eagle Point Income Company Common Shares of Beneficial Interest,8.50724e+07,9.55,Finance
GCV,Gabelli Convertible and Income Securities Fund Inc. (The) Common Stock,8.43473e+07,4.43,Finance
TELO,Telomir Pharmaceuticals Inc. Common Stock,8.39054e+07,1.22,Health Care
SSBI,Summit State Bank Common Stock,8.23371e+07,12.34,Finance
ALDX,Aldeyra Therapeutics Inc. Common Stock,8.14407e+07,1.35,Health Care
NRT,North European Oil Royality Trust Common Stock,8.11529e+07,8.83,Energy
GANX,Gain Therapeutics Inc. Common Stock,8.03043e+07,1.84,Health Care
ROC,Rank One Computing Corporation Common stock,7.97549e+07,4.18,Technology
ACET,Adicet Bio Inc. Common Stock,7.9479e+07,8.49,Health Care
SEV,Aptera Motors Corp. Class B Common Stock,7.94645e+07,1.96,Industrials
DTF,DTF Tax-Free Income 2028 Term Fund Inc. Common Stock,7.94341e+07,11.3,Finance
SKYA,SkyAI Inc. Common Stock,7.8278e+07,1.81,Health Care
ETS,Elite Express Holding Inc. Class A Common Stock,7.74595e+07,1.59,Industrials
GUTS,Fractyl Health Inc. Common Stock,7.72977e+07,0.486,Health Care
BLUW,Blue Water Acquisition Corp. III Class A Ordinary Shares,7.50589e+07,10.36,Uncategorized
AMCI,AMC Robotics Corporation Common Stock,7.49567e+07,3.23,Consumer Discretionary
KLRS,Kalaris Therapeutics Inc. Common Stock,7.42715e+07,3.12,Health Care
GLV,Clough Global Dividend and Income Fund Common Shares of beneficial interest,7.4224e+07,5.84,Finance
IOR,Income Opportunity Realty Investors Inc. Common Stock,7.41264e+07,18.23,Real Estate
GECC,Great Elm Capital Corp. Common Stock,7.36157e+07,5.3,Finance
RNXT,RenovoRx Inc. Common Stock,7.35611e+07,1.63,Health Care
CING,Cingulate Inc. Common Stock,7.24183e+07,4.98,Health Care
CEV,Eaton Vance California Municipal Income Trust Shares of Beneficial Interest,7.17425e+07,10.2,Finance
TENX,Tenax Therapeutics Inc. Common Stock,7.11054e+07,1.9,Health Care
CRT,Cross Timbers Royalty Trust Common Stock,7.098e+07,11.83,Energy
PLRX,Pliant Therapeutics Inc. Common Stock,6.96621e+07,1.125,Health Care
ESYN,EnerSyn Global Inc. Common Stock,6.83707e+07,2.3,Health Care
WWR,Westwater Resources Inc. Common Stock,6.81394e+07,0.53,Basic Materials
FRMM,Forum Markets Incorporated Common Stock,6.78426e+07,5.14,Finance
BSEM,BioStem Technologies Inc. Common Stock,6.7828e+07,3.8,Health Care
APLM,Apollomics Inc. Class A Ordinary Shares,6.77676e+07,23.4,Health Care
XBIT,XBiotech Inc. Common Stock,6.64633e+07,2.18,Health Care
GRML,Greenland Mines Ltd. Common Stock,6.54668e+07,11.19,Health Care
DXR,Daxor Corporation Common Stock,6.31404e+07,10.82,Health Care
INKT,MiNK Therapeutics Inc. Common Stock,6.30221e+07,12.35,Health Care
CAST,FreeCast Inc. Class A Common Stock,6.23312e+07,1.31,Technology
ELOX,Eloxx Pharmaceuticals Inc. Common Stock,6.23027e+07,15.44,Health Care
BOLD,Boundless Bio Inc. Common Stock,6.14196e+07,2.7,Health Care
XPL,Solitario Resources Corp. Common Stock,6.0617e+07,0.64,Basic Materials
PDSB,PDS Biotechnology Corporation Common Stock,5.97115e+07,0.824,Health Care
EXOZ,eXoZymes Inc. Common Stock,5.92151e+07,6.38,Health Care
STI,Solidion Technology Inc. Common Stock,5.73761e+07,6.74,Miscellaneous
NMAD,Nomad Power Solutions Inc. Common Stock,5.67563e+07,3.53,Health Care
LONA,LeonaBio Inc. Common Stock,5.54936e+07,5.89,Health Care
IMA,ImageneBio Inc. Common Stock,5.4941e+07,4.84,Health Care
EDSA,Edesa Biotech Inc. Common Shares,5.36098e+07,3.97,Health Care
VHUB,VenHub Global Inc. Common Stock,5.15393e+07,0.53,Technology
DWTX,Dogwood Therapeutics Inc. Common Stock,5.13288e+07,1.51,Health Care
FBDT,First Breach Inc. Common Stock,5.10129e+07,0.91,Industrials
TVGN,Tevogen Inc. Common Stock,5.08551e+07,7.81,Health Care
ELTX,Elicio Therapeutics Inc. Common Stock,4.91471e+07,1.87,Health Care
VGAS,Verde Clean Fuels Inc. Class A Common Stock,4.90046e+07,1.1,Industrials
HOWL,Werewolf Therapeutics Inc. Common Stock,4.80839e+07,0.989,Health Care
OFS,OFS Capital Corporation Common Stock,4.76972e+07,3.56,Finance
ELWT,Elauwit Connection Inc. Common Stock,4.7166e+07,7.125,Consumer Discretionary
MLGO,MicroAlgo Inc. Class A Ordinary Shares,4.24117e+07,3.41,Technology
FLNA,Filana Therapeutics Inc. Common Stock,4.20327e+07,0.87,Health Care
VERU,Veru Inc. Common Stock,4.19438e+07,2.46,Health Care
HOLO,MicroCloud Hologram Inc. Ordinary Shares,3.8951e+07,1.7,Technology
XBP,XBP Global Holdings Inc. Common Stock,3.87926e+07,3.265,Technology
VTIX,Virtuix Holdings Inc. Class A Common Stock,3.83876e+07,1.13,Technology
MLCI,Mount Logan Capital Inc. Common Stock,3.72586e+07,3.33,Finance
ATNM,Actinium Pharmaceuticals Inc. (Delaware) Common Stock,3.71009e+07,1.18,Health Care
MIRA,MIRA Pharmaceuticals Inc. Common Stock,3.60423e+07,0.858,Health Care
NTIP,Network-1 Technologies Inc. Common Stock,3.56666e+07,1.56,Miscellaneous
CNTX,Context Therapeutics Inc. Common Stock,3.5153e+07,0.383,Health Care
AIXC,AIxCrypto Holdings Inc. Common Stock,3.50407e+07,1.66,Finance
TAOX,Tao Synergies Inc. Common Stock,3.2365e+07,4.325,Finance
QNCX,Quince Therapeutics Inc. Common Stock,3.06644e+07,30.15,Health Care
ABVC,ABVC BioPharma Inc. Common Stock,3.0386e+07,1.14,Health Care
RAND,Rand Capital Corporation Common Stock,2.96684e+07,9.99,Finance
CVM,Cel-Sci Corporation Common Stock,2.95495e+07,1.68,Health Care
RNAZ,TransCode Therapeutics Inc. Common Stock,2.84436e+07,1.68,Health Care
LFT,Lument Finance Trust Inc. Common Stock,2.76602e+07,5.27,Real Estate
GRDX,GridAI Technologies Corp. Common Stock,2.75261e+07,3.86,Health Care
OCCI,OFS Credit Company Inc. Common Stock,2.71826e+07,2.34,Finance
NOMA,NOMADAR Corp. Class A Common Stock,2.38423e+07,1.56,Consumer Discretionary
COCP,Cocrystal Pharma Inc. Common Stock,2.29232e+07,1.19,Health Care
SKYQ,Sky Quarry Inc. Common Stock,2.24368e+07,2.54,Industrials
NXTC,NextCure Inc. Common Stock,2.20629e+07,4.82,Health Care
BEAT,Heartbeam Inc. Common Stock,2.19142e+07,0.389,Health Care
ATOS,Atossa Therapeutics Inc. Common Stock,2.17549e+07,2.18,Health Care
KRSA,Korsana Biosciences Inc. Common Stock,2.16011e+07,32.3,Health Care
ESLA,Estrella Immunopharma Inc. Common Stock,2.0531e+07,0.472,Health Care
EXYN,Exyn Technologies Inc. Common Stock,1.99644e+07,2.51,Technology
NEUP,Neuphoria Therapeutics Inc. Common Stock,1.99137e+07,3.68,Health Care
CLRB,Cellectar Biosciences Inc.  Common Stock,1.97549e+07,2.09,Health Care
JSPR,Jasper Therapeutics Inc. Common Stock,1.886e+07,0.567,Health Care
RKTO,Rocket One Inc. Common Stock,1.87255e+07,0.752,Health Care
MODD,Modular Medical Inc. Common Stock,1.80948e+07,2.22,Health Care
LTRN,Lantern Pharma Inc. Common Stock,1.777e+07,1.39,Health Care
BFRG,Bullfrog AI Holdings Inc. Common Stock,1.76146e+07,0.95,Health Care
TVRD,Tvardi Therapeutics Inc. Common Stock,1.76074e+07,1.32,Health Care
ACTU,Actuate Therapeutics Inc. Common stock,1.75688e+07,0.732,Health Care
KTTA,Pasithea Therapeutics Corp. Common Stock,1.71316e+07,0.513,Health Care
FUSE,Fusemachines Inc. Common stock,1.68839e+07,0.583,Technology
ALLR,Allarity Therapeutics Inc. Common Stock,1.65472e+07,1.04,Health Care
SDOT,Sadot Group Inc. Common Stock,1.6134e+07,11.09,Consumer Discretionary
PASG,Passage Bio Inc. Common Stock,1.6089e+07,5,Health Care
FABC,Fabric.AI Inc. Common Stock,1.60383e+07,2.29,Consumer Discretionary
HODO,House of Doge Inc. Common Stock,1.56285e+07,0.175,Finance
CTXR,Citius Pharmaceuticals Inc. Common Stock,1.56095e+07,0.569,Health Care
TPST,Tempest Therapeutics Inc. Common Stock,1.52497e+07,0.922,Health Care
BIVI,BioVie Inc. Class A Common Stock,1.37754e+07,1.63,Health Care
EQS,Equus Total Return Inc. Common Stock,1.3686e+07,0.98,Finance
MDBH,MDB Capital Holdings LLC Class A common,1.35966e+07,2.5,Finance
VWAV,VisionWave Holdings Inc. Common Stock,1.3578e+07,5.72,Technology
INTS,Intensity Therapeutics Inc. Common stock,1.3386e+07,4.1,Health Care
AEON,AEON Biopharma Inc. Class A Common Stock,1.31641e+07,0.264,Health Care
CABR,Caring Brands Inc. Common Stock,1.29603e+07,1.25,Consumer Discretionary
GTBP,GT Biopharma Inc. Common Stock,1.28111e+07,7.1,Health Care
ARAI,Arrive AI Inc. Common Stock,1.25904e+07,0.243,Consumer Discretionary
ICMB,Investcorp Credit Management BDC Inc. Common Stock,1.25577e+07,0.87,Finance
PHIO,Phio Pharmaceuticals Corp. Common Stock,1.18496e+07,1.02,Health Care
RAIN,Rain Enhancement Technologies Holdco Inc. Class A Common Stock,1.18211e+07,1.01,Technology
ASBP,Aspire-Lakewood Holdings Inc. Common Stock,1.16833e+07,8.33,Health Care
DETX,Liberty Defense Holdings Ltd. Common Shares,1.16481e+07,2.05,Industrials
GYGY,Game Your Game Inc. Common Stock,1.14416e+07,0.8,Technology
GYRO,Gyrodyne LLC Common Stock,1.10405e+07,5.02,Real Estate
AEMD,Aethlon Medical Inc. Common Stock,1.09239e+07,6.81,Health Care
INAB,IN8bio Inc. Common Stock,1.08442e+07,1.1,Health Care
KALA,KALA BIO Inc. Common Stock,1.08303e+07,0.56,Health Care
TOVX,Theriva Biologics Inc. Common Stock,1.0771e+07,0.23,Health Care
MTVA,MetaVia Inc. Common Stock,1.07386e+07,1.63,Health Care
ADIL,Adial Pharmaceuticals Inc Common Stock,1.06086e+07,4.04,Health Care
APRE,Aprea Therapeutics Inc. Common stock,9.82109e+06,0.78,Health Care
NDRA,ENDRA Life Sciences Inc. Common Stock,9.74895e+06,6.5,Health Care
LNAI,Lunai Bioworks Inc. Common Stock,9.70252e+06,2.14,Health Care
MPU,Mega Matrix Inc. Class A Ordinary Shares,9.57962e+06,2.8,Consumer Discretionary
ALZN,Alzamend Neuro Inc. Common Stock,9.3619e+06,1.94,Health Care
AQMS,Aqua Metals Inc. Common Stock,8.92629e+06,2.505,Industrials
FBLG,FibroBiologics Inc. Common Stock,8.8554e+06,1.33,Health Care
AMSS,AMASS Brands Inc. Common Stock,8.42413e+06,0.73,Consumer Staples
SNGX,Soligenix Inc. Common Stock,8.38189e+06,0.39,Health Care
AMOD,Alpha Modus Holdings Inc. Class A Common Stock,8.2772e+06,1.66,Miscellaneous
IMNN,Imunon Inc. Common Stock,8.24876e+06,1.47,Health Care
SKYE,Skye Bioscience Inc. Common Stock,7.96982e+06,1.8,Health Care
ACXP,Acurx Pharmaceuticals Inc. Common Stock,7.61638e+06,1.37,Health Care
CNSP,CNS Pharmaceuticals Inc. Common Stock,7.52646e+06,5.15,Health Care
OBAI,Our Bond Inc. Common Stock,7.49388e+06,0.25,Consumer Discretionary
QCLS,Q/C Technologies Inc. Common Stock,7.20214e+06,0.879,Health Care
CURX,Curanex Pharmaceuticals Inc Common Stock,7.01788e+06,4.475,Health Care
ENVB,Enveric Biosciences Inc. Common Stock,7.00476e+06,1.565,Health Care
DAIC,CID HoldCo Inc. Common Stock,6.53547e+06,3.33,Technology
GDC,GD Culture Group Limited Common Stock,6.53512e+06,1.57,Industrials
EEIQ,EpicQuest Education Group International Limited Common Stock,6.50416e+06,3.95,Real Estate
NVNO,enVVeno Medical Corporation Common Stock,6.22564e+06,8.96,Health Care
PULM,Pulmatrix Inc. Common Stock,6.1541e+06,1.685,Health Care
ERNA,Ernexa Therapeutics Inc. Common Stock,5.9583e+06,3.65,Health Care
AIDX,20/20 Biolabs Inc. Common Stock,5.44781e+06,0.43,Health Care
LIMN,Liminatus Pharma Inc. Class A Common Stock,5.41313e+06,4.03,Health Care
AQB,AquaBounty Technologies Inc. Common Stock,5.35309e+06,1.04,Consumer Staples
PCSA,Processa Pharmaceuticals Inc. Common Stock,5.2795e+06,1.89,Health Care
RMSG,Real Messenger Corporation Ordinary Shares,5.12547e+06,0.317,Technology
ZNB,Zeta Network Group Class A Ordinary Shares,5.07157e+06,1.38,Real Estate
CVKD,Cadrenal Therapeutics Inc. Common Stock,4.70922e+06,1.32,Health Care
GRI,GRI Bio Inc. Common Stock,4.70015e+06,2.15,Health Care
DRMA,Dermata Therapeutics Inc. Common Stock,4.5048e+06,1.12,Health Care
MTR,Mesa Royalty Trust Common Stock,4.41671e+06,2.37,Energy
BJDX,Bluejay Diagnostics Inc. Common Stock,4.32865e+06,0.969,Health Care
LABT,Lakewood-Amedex Biotherapeutics Inc. Common Stock,4.21804e+06,1.78,Health Care
ARTL,Artelo Biosciences Inc. Common Stock,4.00423e+06,7.31,Health Care
JUNS,Jupiter Neurosciences Inc. Common Stock,3.91601e+06,2.97,Health Care
MBIO,Mustang Bio Inc. Common Stock,3.87514e+06,0.511,Health Care
REVB,Revelation Biosciences Inc. Common Stock,3.72171e+06,0.934,Health Care
SHPH,Shuttle Pharmaceuticals Holdings Inc. Common Stock,3.6877e+06,3.59,Health Care
APVO,Aptevo Therapeutics Inc. Common Stock,3.40572e+06,1.89,Health Care
SGRX,SANGRIX INC. Class A Ordinary Shares,3.13174e+06,1.59,Finance
GNPX,Genprex Inc. Common Stock,3.07391e+06,3.75,Health Care
SDST,Stardust Power Inc. Common Stock,3.04544e+06,0.116,Industrials
CDT,CDT Equity Inc. Common Stock,2.59928e+06,0.135,Health Care
MTNB,Matinas Biopharma Holdings Inc. Common Stock,2.57124e+06,0.175,Health Care
DCOY,Decoy Therapeutics Inc. Common Stock,2.52246e+06,3.85,Health Care
OGEN,Oragenics Inc. Common Stock,2.19281e+06,0.49,Health Care
GCTK,GlucoTrack Inc. Common Stock,1.62073e+06,2.03,Health Care
BBLG,Bone Biologics Corp Common Stock,1.39539e+06,0.506,Health Care
UK,Ucommune International Ltd Class A Ordinary Shares,1.33556e+06,1.97,Consumer Discretionary
PFSA,Profusa Inc. Common Stock,1.24158e+06,2.05,Health Care
FRGT,Freight Technologies Inc. Ordinary Shares,280341,0.49,Industrials
