h,期間,樣本,組別,n,unch,orbit,原始成長a,修正a,預期＋修正a,xs,原始成長ab,預期＋修正ab,預期b＋修正ab,xs2
6,選模期 2015–2021,只需 a 時點 EPS,半導體／設備／記憶體,1322,0.237547,0.159398,0.158380,0.160382,0.159071,0.158670,,,,
6,選模期 2015–2021,只需 a 時點 EPS,軟體／網路,1551,0.182288,0.129403,0.123183,0.127459,0.120459,0.122740,,,,
6,選模期 2015–2021,只需 a 時點 EPS,其他科技,1788,0.195191,0.130495,0.128389,0.130815,0.131130,0.126935,,,,
6,選模期 2015–2021,只需 a 時點 EPS,非科技,24569,0.171350,0.108488,0.108341,0.108763,0.108273,0.107270,,,,
6,選模期 2015–2021,只需 a 時點 EPS,科技,4661,0.200068,0.137441,0.135100,0.138438,0.135366,0.134390,,,,
6,選模期 2015–2021,只需 a 時點 EPS,全部,29230,0.175744,0.112452,0.112029,0.112746,0.111786,0.111225,,,,
6,選模期 2015–2021,也有 b 時點 EPS,半導體／設備／記憶體,922,0.263453,0.152858,0.154127,,0.154595,0.152525,0.156235,0.156546,0.156894,
6,選模期 2015–2021,也有 b 時點 EPS,軟體／網路,1144,0.187958,0.138219,0.133792,,0.129839,0.133875,0.128933,0.126951,0.130252,
6,選模期 2015–2021,也有 b 時點 EPS,其他科技,1476,0.206635,0.138490,0.135849,,0.138003,0.134225,0.130747,0.138587,0.138126,
6,選模期 2015–2021,也有 b 時點 EPS,非科技,23314,0.167365,0.107860,0.107421,,0.107457,0.106455,0.105862,0.107204,0.107077,
6,選模期 2015–2021,也有 b 時點 EPS,科技,3542,0.212390,0.141488,0.139440,,0.140133,0.138820,0.137012,0.138961,0.138854,
6,選模期 2015–2021,也有 b 時點 EPS,全部,26856,0.173341,0.111576,0.111183,,0.111052,0.110415,0.109599,0.110735,0.110623,
6,保留期 2022 以後,只需 a 時點 EPS,半導體／設備／記憶體,628,0.252081,0.176869,0.181008,0.177076,0.181282,0.180855,,,,
6,保留期 2022 以後,只需 a 時點 EPS,軟體／網路,875,0.179140,0.139284,0.133645,0.135677,0.134005,0.135600,,,,
6,保留期 2022 以後,只需 a 時點 EPS,其他科技,1068,0.204668,0.129411,0.130032,0.129561,0.129849,0.127380,,,,
6,保留期 2022 以後,只需 a 時點 EPS,非科技,13972,0.168514,0.108471,0.108024,0.108021,0.108015,0.108675,,,,
6,保留期 2022 以後,只需 a 時點 EPS,科技,2571,0.207825,0.143532,0.142820,0.143045,0.143048,0.141770,,,,
6,保留期 2022 以後,只需 a 時點 EPS,全部,16543,0.173678,0.113201,0.112645,0.112685,0.112519,0.113050,,,,
6,保留期 2022 以後,也有 b 時點 EPS,半導體／設備／記憶體,394,0.248449,0.161437,0.165500,,0.165531,0.161615,0.150759,0.159630,0.162340,
6,保留期 2022 以後,也有 b 時點 EPS,軟體／網路,577,0.186241,0.145188,0.138400,,0.138194,0.136360,0.130544,0.131886,0.130865,
6,保留期 2022 以後,也有 b 時點 EPS,其他科技,719,0.189177,0.121558,0.126680,,0.126328,0.123660,0.121894,0.121461,0.122983,
6,保留期 2022 以後,也有 b 時點 EPS,非科技,9256,0.172470,0.105263,0.105279,,0.105340,0.105780,0.103501,0.102424,0.102478,
6,保留期 2022 以後,也有 b 時點 EPS,科技,1690,0.203190,0.139459,0.137805,,0.137756,0.136935,0.133000,0.132335,0.132581,
6,保留期 2022 以後,也有 b 時點 EPS,全部,10946,0.176876,0.109399,0.109176,,0.109047,0.109865,0.107245,0.106220,0.106134,
12,選模期 2015–2021,只需 a 時點 EPS,半導體／設備／記憶體,1123,0.389461,0.282547,0.277896,0.279433,0.279397,0.272180,,,,
12,選模期 2015–2021,只需 a 時點 EPS,軟體／網路,1368,0.335895,0.225614,0.213741,0.220174,0.205485,0.211450,,,,
12,選模期 2015–2021,只需 a 時點 EPS,其他科技,1517,0.330296,0.212544,0.212848,0.213620,0.214766,0.206430,,,,
12,選模期 2015–2021,只需 a 時點 EPS,非科技,24110,0.268859,0.154320,0.152874,0.154695,0.153808,0.151395,,,,
12,選模期 2015–2021,只需 a 時點 EPS,科技,4008,0.346564,0.230912,0.226619,0.232729,0.226498,0.223855,,,,
12,選模期 2015–2021,只需 a 時點 EPS,全部,28118,0.281061,0.164025,0.162466,0.164282,0.163058,0.159880,,,,
12,選模期 2015–2021,也有 b 時點 EPS,半導體／設備／記憶體,729,0.434126,0.259656,0.273881,,0.283917,0.261950,0.233365,0.242386,0.230101,0.238060
12,選模期 2015–2021,也有 b 時點 EPS,軟體／網路,937,0.345691,0.228522,0.214655,,0.209098,0.215290,0.211911,0.202363,0.201330,0.208090
12,選模期 2015–2021,也有 b 時點 EPS,其他科技,1072,0.365297,0.216646,0.220458,,0.217527,0.217870,0.204812,0.213459,0.208228,0.204150
12,選模期 2015–2021,也有 b 時點 EPS,非科技,17043,0.292832,0.164601,0.163090,,0.163478,0.161490,0.156382,0.156586,0.157283,0.156160
12,選模期 2015–2021,也有 b 時點 EPS,科技,2738,0.376948,0.230974,0.227961,,0.228425,0.227545,0.213213,0.215175,0.210410,0.211830
12,選模期 2015–2021,也有 b 時點 EPS,全部,19781,0.303366,0.170902,0.170813,,0.170727,0.168230,0.162876,0.163470,0.163174,0.162150
12,保留期 2022 以後,只需 a 時點 EPS,半導體／設備／記憶體,501,0.369246,0.212586,0.214197,0.212264,0.215937,0.210330,,,,
12,保留期 2022 以後,只需 a 時點 EPS,軟體／網路,721,0.289659,0.195590,0.182978,0.197215,0.181586,0.184280,,,,
12,保留期 2022 以後,只需 a 時點 EPS,其他科技,895,0.295345,0.161699,0.165856,0.164792,0.166039,0.162660,,,,
12,保留期 2022 以後,只需 a 時點 EPS,非科技,11608,0.244186,0.152206,0.149153,0.148383,0.147611,0.149875,,,,
12,保留期 2022 以後,只需 a 時點 EPS,科技,2117,0.305233,0.183163,0.180512,0.183912,0.181086,0.181040,,,,
12,保留期 2022 以後,只需 a 時點 EPS,全部,13725,0.253213,0.156044,0.153657,0.152224,0.151755,0.154450,,,,
12,保留期 2022 以後,也有 b 時點 EPS,半導體／設備／記憶體,308,0.385216,0.199872,0.200695,,0.206254,0.193250,0.191012,0.197243,0.200386,0.188005
12,保留期 2022 以後,也有 b 時點 EPS,軟體／網路,435,0.295499,0.194941,0.177270,,0.174364,0.176290,0.170038,0.172347,0.167070,0.169920
12,保留期 2022 以後,也有 b 時點 EPS,其他科技,549,0.264532,0.150800,0.153257,,0.151575,0.151100,0.151754,0.150453,0.148951,0.149940
12,保留期 2022 以後,也有 b 時點 EPS,非科技,7040,0.252189,0.146617,0.143332,,0.142361,0.143565,0.141085,0.137924,0.138440,0.136400
12,保留期 2022 以後,也有 b 時點 EPS,科技,1292,0.302117,0.177052,0.171472,,0.172110,0.170300,0.165741,0.167917,0.164612,0.164290
12,保留期 2022 以後,也有 b 時點 EPS,全部,8332,0.260179,0.150314,0.146835,,0.145491,0.146980,0.144617,0.142521,0.142887,0.141015
24,選模期 2015–2021,只需 a 時點 EPS,半導體／設備／記憶體,753,0.514328,0.366239,0.338611,0.362125,0.346933,0.346380,,,,
24,選模期 2015–2021,只需 a 時點 EPS,軟體／網路,953,0.351969,0.310132,0.279184,0.283164,0.271832,0.282720,,,,
24,選模期 2015–2021,只需 a 時點 EPS,其他科技,1100,0.379173,0.308725,0.291399,0.303092,0.294454,0.274810,,,,
24,選模期 2015–2021,只需 a 時點 EPS,非科技,17736,0.317128,0.205710,0.199522,0.201474,0.199950,0.196245,,,,
24,選模期 2015–2021,只需 a 時點 EPS,科技,2806,0.406525,0.319294,0.298108,0.305648,0.297567,0.292580,,,,
24,選模期 2015–2021,只需 a 時點 EPS,全部,20542,0.326895,0.218019,0.210278,0.212712,0.210983,0.206670,,,,
24,選模期 2015–2021,也有 b 時點 EPS,半導體／設備／記憶體,342,0.491029,0.282278,0.263383,,0.253290,0.267530,0.251695,0.247661,0.246088,
24,選模期 2015–2021,也有 b 時點 EPS,軟體／網路,483,0.329538,0.271022,0.245328,,0.248766,0.250470,0.262313,0.268373,0.260466,
24,選模期 2015–2021,也有 b 時點 EPS,其他科技,596,0.361868,0.292760,0.269442,,0.274095,0.254055,0.255077,0.264561,0.266173,
24,選模期 2015–2021,也有 b 時點 EPS,非科技,10810,0.321895,0.209110,0.203016,,0.202667,0.195445,0.196384,0.198833,0.199670,
24,選模期 2015–2021,也有 b 時點 EPS,科技,1421,0.384559,0.279948,0.261074,,0.254896,0.254860,0.256456,0.261877,0.258725,
24,選模期 2015–2021,也有 b 時點 EPS,全部,12231,0.328458,0.216360,0.209358,,0.209071,0.201020,0.202806,0.205529,0.205629,
24,保留期 2022 以後,只需 a 時點 EPS,半導體／設備／記憶體,338,0.543709,0.290461,0.254852,0.284582,0.270462,0.249405,,,,
24,保留期 2022 以後,只需 a 時點 EPS,軟體／網路,446,0.292064,0.256992,0.222309,0.271051,0.228507,0.208975,,,,
24,保留期 2022 以後,只需 a 時點 EPS,其他科技,559,0.327534,0.237978,0.251588,0.248285,0.242543,0.254300,,,,
24,保留期 2022 以後,只需 a 時點 EPS,非科技,7227,0.288258,0.221988,0.212161,0.210792,0.209230,0.209680,,,,
24,保留期 2022 以後,只需 a 時點 EPS,科技,1343,0.355673,0.253907,0.235463,0.262079,0.242554,0.230920,,,,
24,保留期 2022 以後,只需 a 時點 EPS,全部,8570,0.297570,0.226560,0.216190,0.217988,0.213863,0.212775,,,,
24,保留期 2022 以後,也有 b 時點 EPS,半導體／設備／記憶體,132,0.550063,0.307755,0.300839,,0.340434,0.280575,0.284943,0.302680,0.303484,
24,保留期 2022 以後,也有 b 時點 EPS,軟體／網路,193,0.349438,0.244531,0.219843,,0.218566,0.199580,0.207353,0.211674,0.208683,
24,保留期 2022 以後,也有 b 時點 EPS,其他科技,234,0.360512,0.237747,0.252706,,0.239135,0.262670,0.249600,0.230162,0.229339,
24,保留期 2022 以後,也有 b 時點 EPS,非科技,2969,0.286855,0.212214,0.202734,,0.197547,0.198330,0.197470,0.191160,0.189128,
24,保留期 2022 以後,也有 b 時點 EPS,科技,559,0.388501,0.249563,0.243656,,0.240765,0.241250,0.233513,0.238756,0.236021,
24,保留期 2022 以後,也有 b 時點 EPS,全部,3528,0.298467,0.218039,0.208864,,0.206888,0.205055,0.204245,0.197990,0.195798,
