h,年,方法,組別,線索,β,b0,b1,b2,b3
6,2015,原始成長a,半導體／設備／記憶體,g6,+0.024,0.024104,,,
6,2015,原始成長a,軟體／網路,g6,+0.016,0.016202,,,
6,2015,原始成長a,其他科技,g6,+0.092,0.092386,,,
6,2015,原始成長a,非科技,g6,+0.030,0.029665,,,
6,2015,原始成長ab,半導體／設備／記憶體,g6、g18,+nan、+nan,,,,
6,2015,原始成長ab,軟體／網路,g6、g18,+nan、+nan,,,,
6,2015,原始成長ab,其他科技,g6、g18,+0.022、+0.058,0.021552,0.058036,,
6,2015,原始成長ab,非科技,g6、g18,-0.003、+0.044,-0.002663,0.043528,,
6,2015,修正a,半導體／設備／記憶體,s6,+0.027,0.026654,,,
6,2015,修正a,軟體／網路,s6,-0.005,-0.005119,,,
6,2015,修正a,其他科技,s6,+0.127,0.127146,,,
6,2015,修正a,非科技,s6,+0.031,0.030712,,,
6,2015,預期＋修正a,半導體／設備／記憶體,e6、s6,+0.008、+0.027,0.007927,0.026611,,
6,2015,預期＋修正a,軟體／網路,e6、s6,+0.213、-0.000,0.212652,-0.000238,,
6,2015,預期＋修正a,其他科技,e6、s6,-0.068、+0.118,-0.067703,0.117998,,
6,2015,預期＋修正a,非科技,e6、s6,+0.026、+0.031,0.025944,0.030965,,
6,2015,預期＋修正ab,半導體／設備／記憶體,e6、e18、s6、s18,+nan、+nan、+nan、+nan,,,,
6,2015,預期＋修正ab,軟體／網路,e6、e18、s6、s18,+nan、+nan、+nan、+nan,,,,
6,2015,預期＋修正ab,其他科技,e6、e18、s6、s18,+nan、+nan、+nan、+nan,,,,
6,2015,預期＋修正ab,非科技,e6、e18、s6、s18,+0.063、-0.048、+0.024、+0.071,0.063257,-0.047689,0.024049,0.070578
6,2015,預期b＋修正ab,半導體／設備／記憶體,e18、s6、s18,+nan、+nan、+nan,,,,
6,2015,預期b＋修正ab,軟體／網路,e18、s6、s18,+nan、+nan、+nan,,,,
6,2015,預期b＋修正ab,其他科技,e18、s6、s18,+nan、+nan、+nan,,,,
6,2015,預期b＋修正ab,非科技,e18、s6、s18,-0.010、+0.016、+0.079,-0.009831,0.016180,0.078639,
6,2016,原始成長a,半導體／設備／記憶體,g6,+0.035,0.035224,,,
6,2016,原始成長a,軟體／網路,g6,+0.039,0.038562,,,
6,2016,原始成長a,其他科技,g6,+0.115,0.115214,,,
6,2016,原始成長a,非科技,g6,+0.037,0.036993,,,
6,2016,原始成長ab,半導體／設備／記憶體,g6、g18,-0.021、+0.061,-0.021161,0.061047,,
6,2016,原始成長ab,軟體／網路,g6、g18,-0.030、+0.072,-0.030460,0.072190,,
6,2016,原始成長ab,其他科技,g6、g18,+0.021、+0.081,0.020636,0.081321,,
6,2016,原始成長ab,非科技,g6、g18,+0.003、+0.041,0.002582,0.041034,,
6,2016,修正a,半導體／設備／記憶體,s6,+0.034,0.034345,,,
6,2016,修正a,軟體／網路,s6,+0.014,0.013777,,,
6,2016,修正a,其他科技,s6,+0.118,0.118244,,,
6,2016,修正a,非科技,s6,+0.038,0.037572,,,
6,2016,預期＋修正a,半導體／設備／記憶體,e6、s6,+0.031、+0.035,0.030876,0.034667,,
6,2016,預期＋修正a,軟體／網路,e6、s6,+0.196、+0.020,0.195779,0.020430,,
6,2016,預期＋修正a,其他科技,e6、s6,+0.066、+0.125,0.065665,0.124569,,
6,2016,預期＋修正a,非科技,e6、s6,+0.037、+0.037,0.037281,0.037410,,
6,2016,預期＋修正ab,半導體／設備／記憶體,e6、e18、s6、s18,+nan、+nan、+nan、+nan,,,,
6,2016,預期＋修正ab,軟體／網路,e6、e18、s6、s18,+nan、+nan、+nan、+nan,,,,
6,2016,預期＋修正ab,其他科技,e6、e18、s6、s18,+0.144、-0.274、+0.078、+0.170,0.143951,-0.274480,0.078130,0.169659
6,2016,預期＋修正ab,非科技,e6、e18、s6、s18,+0.026、-0.018、+0.025、+0.071,0.026275,-0.018301,0.025388,0.070546
6,2016,預期b＋修正ab,半導體／設備／記憶體,e18、s6、s18,+nan、+nan、+nan,,,,
6,2016,預期b＋修正ab,軟體／網路,e18、s6、s18,+nan、+nan、+nan,,,,
6,2016,預期b＋修正ab,其他科技,e18、s6、s18,-0.231、+0.054、+0.178,-0.231496,0.053755,0.178296,
6,2016,預期b＋修正ab,非科技,e18、s6、s18,-0.005、+0.024、+0.073,-0.004612,0.023901,0.072850,
6,2017,原始成長a,半導體／設備／記憶體,g6,+0.042,0.041932,,,
6,2017,原始成長a,軟體／網路,g6,+0.044,0.044153,,,
6,2017,原始成長a,其他科技,g6,+0.037,0.037471,,,
6,2017,原始成長a,非科技,g6,+0.032,0.031987,,,
6,2017,原始成長ab,半導體／設備／記憶體,g6、g18,-0.024、+0.080,-0.024204,0.079883,,
6,2017,原始成長ab,軟體／網路,g6、g18,-0.003、+0.043,-0.002687,0.043452,,
6,2017,原始成長ab,其他科技,g6、g18,+0.064、+0.078,0.063695,0.078354,,
6,2017,原始成長ab,非科技,g6、g18,+0.003、+0.047,0.002719,0.047401,,
6,2017,修正a,半導體／設備／記憶體,s6,+0.040,0.039518,,,
6,2017,修正a,軟體／網路,s6,+0.026,0.026001,,,
6,2017,修正a,其他科技,s6,+0.046,0.046109,,,
6,2017,修正a,非科技,s6,+0.033,0.032905,,,
6,2017,預期＋修正a,半導體／設備／記憶體,e6、s6,+0.059、+0.039,0.058505,0.038517,,
6,2017,預期＋修正a,軟體／網路,e6、s6,+0.126、+0.041,0.126468,0.041446,,
6,2017,預期＋修正a,其他科技,e6、s6,-0.015、+0.045,-0.014856,0.045345,,
6,2017,預期＋修正a,非科技,e6、s6,+0.029、+0.033,0.029405,0.033001,,
6,2017,預期＋修正ab,半導體／設備／記憶體,e6、e18、s6、s18,-0.089、+0.028、+0.015、+0.140,-0.088563,0.028143,0.014950,0.140300
6,2017,預期＋修正ab,軟體／網路,e6、e18、s6、s18,+0.173、+0.021、-0.008、+0.023,0.173304,0.021430,-0.007666,0.022906
6,2017,預期＋修正ab,其他科技,e6、e18、s6、s18,+0.246、-0.043、+0.092、+0.091,0.246174,-0.042858,0.091631,0.091375
6,2017,預期＋修正ab,非科技,e6、e18、s6、s18,+0.033、-0.005、+0.022、+0.070,0.032986,-0.005373,0.022251,0.070372
6,2017,預期b＋修正ab,半導體／設備／記憶體,e18、s6、s18,-0.017、+0.028、+0.130,-0.017435,0.028049,0.130123,
6,2017,預期b＋修正ab,軟體／網路,e18、s6、s18,+0.086、-0.021、+0.042,0.086262,-0.020942,0.042275,
6,2017,預期b＋修正ab,其他科技,e18、s6、s18,+0.040、+0.067、+0.100,0.039742,0.067381,0.100234,
6,2017,預期b＋修正ab,非科技,e18、s6、s18,+0.011、+0.021、+0.072,0.010980,0.020577,0.072422,
6,2018,原始成長a,半導體／設備／記憶體,g6,+0.057,0.056731,,,
6,2018,原始成長a,軟體／網路,g6,+0.043,0.042653,,,
6,2018,原始成長a,其他科技,g6,+0.040,0.040297,,,
6,2018,原始成長a,非科技,g6,+0.031,0.031044,,,
6,2018,原始成長ab,半導體／設備／記憶體,g6、g18,-0.019、+0.097,-0.018637,0.096582,,
6,2018,原始成長ab,軟體／網路,g6、g18,+0.016、+0.036,0.016156,0.035969,,
6,2018,原始成長ab,其他科技,g6、g18,-0.005、+0.076,-0.004783,0.076452,,
6,2018,原始成長ab,非科技,g6、g18,+0.000、+0.043,0.000115,0.043259,,
6,2018,修正a,半導體／設備／記憶體,s6,+0.056,0.056393,,,
6,2018,修正a,軟體／網路,s6,+0.017,0.016665,,,
6,2018,修正a,其他科技,s6,+0.052,0.052424,,,
6,2018,修正a,非科技,s6,+0.030,0.030262,,,
6,2018,預期＋修正a,半導體／設備／記憶體,e6、s6,+0.057、+0.056,0.056699,0.056154,,
6,2018,預期＋修正a,軟體／網路,e6、s6,+0.136、+0.030,0.135932,0.029611,,
6,2018,預期＋修正a,其他科技,e6、s6,-0.043、+0.051,-0.043009,0.051431,,
6,2018,預期＋修正a,非科技,e6、s6,+0.032、+0.031,0.032215,0.030887,,
6,2018,預期＋修正ab,半導體／設備／記憶體,e6、e18、s6、s18,-0.145、+0.092、+0.002、+0.150,-0.144595,0.091506,0.002309,0.150272
6,2018,預期＋修正ab,軟體／網路,e6、e18、s6、s18,+0.139、-0.004、+0.037、+0.019,0.139227,-0.003641,0.036783,0.019293
6,2018,預期＋修正ab,其他科技,e6、e18、s6、s18,+0.026、+0.027、-0.001、+0.083,0.026204,0.026828,-0.001449,0.083127
6,2018,預期＋修正ab,非科技,e6、e18、s6、s18,-0.004、+0.014、+0.015、+0.061,-0.003797,0.014189,0.014596,0.061217
6,2018,預期b＋修正ab,半導體／設備／記憶體,e18、s6、s18,+0.023、+0.014、+0.137,0.022537,0.014123,0.137046,
6,2018,預期b＋修正ab,軟體／網路,e18、s6、s18,+0.054、+0.022、+0.035,0.054385,0.022392,0.035195,
6,2018,預期b＋修正ab,其他科技,e18、s6、s18,+0.036、-0.002、+0.084,0.035942,-0.002492,0.083582,
6,2018,預期b＋修正ab,非科技,e18、s6、s18,+0.012、+0.015、+0.061,0.012318,0.014759,0.061041,
6,2019,原始成長a,半導體／設備／記憶體,g6,+0.058,0.057780,,,
6,2019,原始成長a,軟體／網路,g6,+0.058,0.058296,,,
6,2019,原始成長a,其他科技,g6,+0.051,0.051102,,,
6,2019,原始成長a,非科技,g6,+0.029,0.028911,,,
6,2019,原始成長ab,半導體／設備／記憶體,g6、g18,-0.001、+0.090,-0.000582,0.089983,,
6,2019,原始成長ab,軟體／網路,g6、g18,+0.019、+0.033,0.018990,0.033259,,
6,2019,原始成長ab,其他科技,g6、g18,+0.005、+0.053,0.005243,0.052804,,
6,2019,原始成長ab,非科技,g6、g18,+0.007、+0.033,0.006745,0.032953,,
6,2019,修正a,半導體／設備／記憶體,s6,+0.061,0.060860,,,
6,2019,修正a,軟體／網路,s6,+0.038,0.038430,,,
6,2019,修正a,其他科技,s6,+0.060,0.060367,,,
6,2019,修正a,非科技,s6,+0.028,0.027784,,,
6,2019,預期＋修正a,半導體／設備／記憶體,e6、s6,+0.040、+0.061,0.040040,0.060977,,
6,2019,預期＋修正a,軟體／網路,e6、s6,+0.127、+0.048,0.127017,0.048224,,
6,2019,預期＋修正a,其他科技,e6、s6,+0.023、+0.061,0.023329,0.060925,,
6,2019,預期＋修正a,非科技,e6、s6,+0.030、+0.029,0.030489,0.028643,,
6,2019,預期＋修正ab,半導體／設備／記憶體,e6、e18、s6、s18,-0.068、+0.086、+0.026、+0.124,-0.067783,0.085695,0.026031,0.124277
6,2019,預期＋修正ab,軟體／網路,e6、e18、s6、s18,+0.143、-0.003、+0.026、+0.014,0.143363,-0.002798,0.025835,0.014384
6,2019,預期＋修正ab,其他科技,e6、e18、s6、s18,+0.046、-0.013、+0.010、+0.061,0.046375,-0.012678,0.010011,0.060948
6,2019,預期＋修正ab,非科技,e6、e18、s6、s18,+0.012、+0.012、+0.018、+0.040,0.011594,0.011765,0.018465,0.039806
6,2019,預期b＋修正ab,半導體／設備／記憶體,e18、s6、s18,+0.052、+0.032、+0.120,0.051780,0.032146,0.120220,
6,2019,預期b＋修正ab,軟體／網路,e18、s6、s18,+0.059、+0.017、+0.026,0.059030,0.016670,0.025969,
6,2019,預期b＋修正ab,其他科技,e18、s6、s18,+0.002、+0.009、+0.062,0.001712,0.009034,0.061553,
6,2019,預期b＋修正ab,非科技,e18、s6、s18,+0.018、+0.018、+0.040,0.017568,0.018025,0.040098,
6,2020,原始成長a,半導體／設備／記憶體,g6,+0.052,0.052421,,,
6,2020,原始成長a,軟體／網路,g6,+0.054,0.053619,,,
6,2020,原始成長a,其他科技,g6,+0.040,0.040348,,,
6,2020,原始成長a,非科技,g6,+0.025,0.025002,,,
6,2020,原始成長ab,半導體／設備／記憶體,g6、g18,+0.008、+0.087,0.008067,0.087179,,
6,2020,原始成長ab,軟體／網路,g6、g18,+0.037、+0.038,0.036680,0.038226,,
6,2020,原始成長ab,其他科技,g6、g18,+0.024、+0.046,0.023663,0.046240,,
6,2020,原始成長ab,非科技,g6、g18,+0.006、+0.035,0.006450,0.035058,,
6,2020,修正a,半導體／設備／記憶體,s6,+0.058,0.058170,,,
6,2020,修正a,軟體／網路,s6,+0.040,0.039607,,,
6,2020,修正a,其他科技,s6,+0.046,0.045990,,,
6,2020,修正a,非科技,s6,+0.024,0.023963,,,
6,2020,預期＋修正a,半導體／設備／記憶體,e6、s6,+0.029、+0.058,0.028547,0.058473,,
6,2020,預期＋修正a,軟體／網路,e6、s6,+0.109、+0.046,0.108782,0.045947,,
6,2020,預期＋修正a,其他科技,e6、s6,+0.029、+0.045,0.029420,0.044838,,
6,2020,預期＋修正a,非科技,e6、s6,+0.027、+0.024,0.027429,0.024462,,
6,2020,預期＋修正ab,半導體／設備／記憶體,e6、e18、s6、s18,-0.093、+0.103、+0.022、+0.117,-0.093217,0.103207,0.022150,0.116952
6,2020,預期＋修正ab,軟體／網路,e6、e18、s6、s18,+0.077、+0.037、+0.055、+0.026,0.077360,0.036660,0.055189,0.026010
6,2020,預期＋修正ab,其他科技,e6、e18、s6、s18,+0.058、-0.002、+0.030、+0.056,0.057599,-0.001846,0.030079,0.056187
6,2020,預期＋修正ab,非科技,e6、e18、s6、s18,+0.010、+0.012、+0.017、+0.045,0.010335,0.012128,0.016564,0.045125
6,2020,預期b＋修正ab,半導體／設備／記憶體,e18、s6、s18,+0.062、+0.027、+0.112,0.061692,0.027153,0.111567,
6,2020,預期b＋修正ab,軟體／網路,e18、s6、s18,+0.070、+0.052、+0.031,0.070214,0.052286,0.030820,
6,2020,預期b＋修正ab,其他科技,e18、s6、s18,+0.025、+0.030、+0.057,0.024626,0.029668,0.057395,
6,2020,預期b＋修正ab,非科技,e18、s6、s18,+0.017、+0.016、+0.045,0.017225,0.016250,0.045312,
6,2021,原始成長a,半導體／設備／記憶體,g6,+0.062,0.062043,,,
6,2021,原始成長a,軟體／網路,g6,+0.059,0.059070,,,
6,2021,原始成長a,其他科技,g6,+0.062,0.061813,,,
6,2021,原始成長a,非科技,g6,+0.030,0.029770,,,
6,2021,原始成長ab,半導體／設備／記憶體,g6、g18,+0.006、+0.071,0.005865,0.071008,,
6,2021,原始成長ab,軟體／網路,g6、g18,+0.035、+0.034,0.034674,0.034324,,
6,2021,原始成長ab,其他科技,g6、g18,+0.011、+0.047,0.011008,0.046746,,
6,2021,原始成長ab,非科技,g6、g18,+0.002、+0.034,0.001768,0.033789,,
6,2021,修正a,半導體／設備／記憶體,s6,+0.063,0.063283,,,
6,2021,修正a,軟體／網路,s6,+0.047,0.047045,,,
6,2021,修正a,其他科技,s6,+0.066,0.065578,,,
6,2021,修正a,非科技,s6,+0.029,0.028848,,,
6,2021,預期＋修正a,半導體／設備／記憶體,e6、s6,+0.060、+0.064,0.059620,0.063608,,
6,2021,預期＋修正a,軟體／網路,e6、s6,+0.100、+0.050,0.100236,0.049912,,
6,2021,預期＋修正a,其他科技,e6、s6,+0.062、+0.063,0.062149,0.063262,,
6,2021,預期＋修正a,非科技,e6、s6,+0.032、+0.030,0.032022,0.029581,,
6,2021,預期＋修正ab,半導體／設備／記憶體,e6、e18、s6、s18,-0.057、+0.064、+0.015、+0.096,-0.057163,0.063701,0.014852,0.095871
6,2021,預期＋修正ab,軟體／網路,e6、e18、s6、s18,+0.067、+0.032、+0.049、+0.025,0.067355,0.031766,0.049098,0.024636
6,2021,預期＋修正ab,其他科技,e6、e18、s6、s18,+0.042、+0.008、+0.017、+0.054,0.042497,0.007859,0.016818,0.054479
6,2021,預期＋修正ab,非科技,e6、e18、s6、s18,+0.010、+0.011、+0.010、+0.042,0.010038,0.010827,0.010020,0.042416
6,2021,預期b＋修正ab,半導體／設備／記憶體,e18、s6、s18,+0.042、+0.018、+0.094,0.042402,0.018298,0.094303,
6,2021,預期b＋修正ab,軟體／網路,e18、s6、s18,+0.061、+0.047、+0.029,0.061370,0.046872,0.028670,
6,2021,預期b＋修正ab,其他科技,e18、s6、s18,+0.030、+0.016、+0.055,0.029622,0.016302,0.055500,
6,2021,預期b＋修正ab,非科技,e18、s6、s18,+0.016、+0.010、+0.043,0.015586,0.009607,0.042594,
6,2022,原始成長a,半導體／設備／記憶體,g6,+0.050,0.050034,,,
6,2022,原始成長a,軟體／網路,g6,+0.053,0.052843,,,
6,2022,原始成長a,其他科技,g6,+0.051,0.051495,,,
6,2022,原始成長a,非科技,g6,+0.027,0.027218,,,
6,2022,原始成長ab,半導體／設備／記憶體,g6、g18,+0.007、+0.083,0.006724,0.083254,,
6,2022,原始成長ab,軟體／網路,g6、g18,+0.042、+0.030,0.042357,0.029752,,
6,2022,原始成長ab,其他科技,g6、g18,+0.037、+0.050,0.037041,0.049868,,
6,2022,原始成長ab,非科技,g6、g18,+0.003、+0.039,0.002832,0.038570,,
6,2022,修正a,半導體／設備／記憶體,s6,+0.053,0.053367,,,
6,2022,修正a,軟體／網路,s6,+0.040,0.040152,,,
6,2022,修正a,其他科技,s6,+0.061,0.061287,,,
6,2022,修正a,非科技,s6,+0.028,0.028230,,,
6,2022,預期＋修正a,半導體／設備／記憶體,e6、s6,+0.040、+0.053,0.040223,0.053466,,
6,2022,預期＋修正a,軟體／網路,e6、s6,+0.097、+0.044,0.096583,0.044239,,
6,2022,預期＋修正a,其他科技,e6、s6,+0.033、+0.059,0.032647,0.059111,,
6,2022,預期＋修正a,非科技,e6、s6,+0.023、+0.029,0.022956,0.028733,,
6,2022,預期＋修正ab,半導體／設備／記憶體,e6、e18、s6、s18,-0.049、+0.081、+0.016、+0.107,-0.048786,0.081329,0.015715,0.107352
6,2022,預期＋修正ab,軟體／網路,e6、e18、s6、s18,+0.048、+0.039、+0.056、+0.019,0.048160,0.039285,0.055964,0.018803
6,2022,預期＋修正ab,其他科技,e6、e18、s6、s18,+0.063、+0.013、+0.046、+0.061,0.063056,0.013159,0.046103,0.060604
6,2022,預期＋修正ab,非科技,e6、e18、s6、s18,+0.002、+0.020、+0.011、+0.048,0.001529,0.019883,0.011244,0.048250
6,2022,預期b＋修正ab,半導體／設備／記憶體,e18、s6、s18,+0.063、+0.019、+0.106,0.063045,0.018540,0.105707,
6,2022,預期b＋修正ab,軟體／網路,e18、s6、s18,+0.062、+0.056、+0.021,0.062138,0.055603,0.020843,
6,2022,預期b＋修正ab,其他科技,e18、s6、s18,+0.044、+0.046、+0.062,0.043801,0.046043,0.061578,
6,2022,預期b＋修正ab,非科技,e18、s6、s18,+0.021、+0.011、+0.048,0.020600,0.011188,0.048274,
6,2023,原始成長a,半導體／設備／記憶體,g6,+0.062,0.061661,,,
6,2023,原始成長a,軟體／網路,g6,+0.055,0.055334,,,
6,2023,原始成長a,其他科技,g6,+0.058,0.057811,,,
6,2023,原始成長a,非科技,g6,+0.031,0.031034,,,
6,2023,原始成長ab,半導體／設備／記憶體,g6、g18,-0.006、+0.079,-0.005937,0.079097,,
6,2023,原始成長ab,軟體／網路,g6、g18,+0.034、+0.034,0.033848,0.033963,,
6,2023,原始成長ab,其他科技,g6、g18,+0.023、+0.046,0.023316,0.045697,,
6,2023,原始成長ab,非科技,g6、g18,-0.002、+0.041,-0.001793,0.041208,,
6,2023,修正a,半導體／設備／記憶體,s6,+0.066,0.066444,,,
6,2023,修正a,軟體／網路,s6,+0.046,0.045593,,,
6,2023,修正a,其他科技,s6,+0.070,0.070482,,,
6,2023,修正a,非科技,s6,+0.035,0.034510,,,
6,2023,預期＋修正a,半導體／設備／記憶體,e6、s6,+0.047、+0.067,0.046677,0.066650,,
6,2023,預期＋修正a,軟體／網路,e6、s6,+0.090、+0.050,0.089740,0.049547,,
6,2023,預期＋修正a,其他科技,e6、s6,+0.029、+0.069,0.028995,0.068725,,
6,2023,預期＋修正a,非科技,e6、s6,+0.018、+0.035,0.018463,0.034891,,
6,2023,預期＋修正ab,半導體／設備／記憶體,e6、e18、s6、s18,-0.067、+0.076、+0.001、+0.103,-0.066830,0.075813,0.001363,0.103026
6,2023,預期＋修正ab,軟體／網路,e6、e18、s6、s18,+0.057、+0.033、+0.041、+0.029,0.056860,0.032709,0.040540,0.028653
6,2023,預期＋修正ab,其他科技,e6、e18、s6、s18,+0.022、+0.016、+0.039、+0.061,0.022091,0.016130,0.039134,0.060720
6,2023,預期＋修正ab,非科技,e6、e18、s6、s18,-0.019、+0.026、+0.008、+0.053,-0.019275,0.026348,0.008000,0.053255
6,2023,預期b＋修正ab,半導體／設備／記憶體,e18、s6、s18,+0.049、+0.005、+0.101,0.049023,0.005149,0.100878,
6,2023,預期b＋修正ab,軟體／網路,e18、s6、s18,+0.059、+0.039、+0.031,0.059171,0.039323,0.030901,
6,2023,預期b＋修正ab,其他科技,e18、s6、s18,+0.027、+0.039、+0.061,0.027255,0.038577,0.061095,
6,2023,預期b＋修正ab,非科技,e18、s6、s18,+0.017、+0.009、+0.053,0.017124,0.008793,0.052927,
6,2024,原始成長a,半導體／設備／記憶體,g6,+0.060,0.059982,,,
6,2024,原始成長a,軟體／網路,g6,+0.046,0.046044,,,
6,2024,原始成長a,其他科技,g6,+0.048,0.048479,,,
6,2024,原始成長a,非科技,g6,+0.031,0.030591,,,
6,2024,原始成長ab,半導體／設備／記憶體,g6、g18,-0.001、+0.079,-0.001223,0.078950,,
6,2024,原始成長ab,軟體／網路,g6、g18,+0.037、+0.034,0.036610,0.034247,,
6,2024,原始成長ab,其他科技,g6、g18,+0.026、+0.053,0.025715,0.052826,,
6,2024,原始成長ab,非科技,g6、g18,+0.000、+0.044,0.000191,0.044029,,
6,2024,修正a,半導體／設備／記憶體,s6,+0.062,0.061976,,,
6,2024,修正a,軟體／網路,s6,+0.042,0.041825,,,
6,2024,修正a,其他科技,s6,+0.057,0.057433,,,
6,2024,修正a,非科技,s6,+0.035,0.035414,,,
6,2024,預期＋修正a,半導體／設備／記憶體,e6、s6,+0.058、+0.062,0.057906,0.061755,,
6,2024,預期＋修正a,軟體／網路,e6、s6,+0.063、+0.044,0.063165,0.043731,,
6,2024,預期＋修正a,其他科技,e6、s6,+0.030、+0.056,0.029608,0.055715,,
6,2024,預期＋修正a,非科技,e6、s6,+0.014、+0.036,0.014158,0.035697,,
6,2024,預期＋修正ab,半導體／設備／記憶體,e6、e18、s6、s18,-0.057、+0.068、+0.009、+0.101,-0.056949,0.068180,0.009332,0.101038
6,2024,預期＋修正ab,軟體／網路,e6、e18、s6、s18,+0.053、+0.030、+0.045、+0.033,0.052576,0.029935,0.045381,0.032625
6,2024,預期＋修正ab,其他科技,e6、e18、s6、s18,+0.025、+0.010、+0.048、+0.073,0.025414,0.009986,0.047688,0.073037
6,2024,預期＋修正ab,非科技,e6、e18、s6、s18,-0.015、+0.021、+0.013、+0.060,-0.015335,0.020555,0.013037,0.060048
6,2024,預期b＋修正ab,半導體／設備／記憶體,e18、s6、s18,+0.045、+0.013、+0.100,0.045409,0.012516,0.099528,
6,2024,預期b＋修正ab,軟體／網路,e18、s6、s18,+0.054、+0.044、+0.035,0.053725,0.043627,0.034506,
6,2024,預期b＋修正ab,其他科技,e18、s6、s18,+0.022、+0.047、+0.073,0.022433,0.047183,0.073460,
6,2024,預期b＋修正ab,非科技,e18、s6、s18,+0.013、+0.014、+0.060,0.013302,0.013637,0.059743,
6,2025,原始成長a,半導體／設備／記憶體,g6,+0.062,0.061550,,,
6,2025,原始成長a,軟體／網路,g6,+0.043,0.043143,,,
6,2025,原始成長a,其他科技,g6,+0.043,0.042950,,,
6,2025,原始成長a,非科技,g6,+0.030,0.030110,,,
6,2025,原始成長ab,半導體／設備／記憶體,g6、g18,-0.011、+0.088,-0.010698,0.088170,,
6,2025,原始成長ab,軟體／網路,g6、g18,+0.027、+0.033,0.026936,0.032775,,
6,2025,原始成長ab,其他科技,g6、g18,+0.008、+0.062,0.008299,0.062175,,
6,2025,原始成長ab,非科技,g6、g18,-0.001、+0.044,-0.001147,0.044080,,
6,2025,修正a,半導體／設備／記憶體,s6,+0.067,0.067451,,,
6,2025,修正a,軟體／網路,s6,+0.040,0.039896,,,
6,2025,修正a,其他科技,s6,+0.049,0.049101,,,
6,2025,修正a,非科技,s6,+0.036,0.035662,,,
6,2025,預期＋修正a,半導體／設備／記憶體,e6、s6,+0.046、+0.067,0.045641,0.067069,,
6,2025,預期＋修正a,軟體／網路,e6、s6,+0.058、+0.041,0.058141,0.041259,,
6,2025,預期＋修正a,其他科技,e6、s6,+0.031、+0.047,0.031228,0.047301,,
6,2025,預期＋修正a,非科技,e6、s6,+0.012、+0.036,0.011760,0.035859,,
6,2025,預期＋修正ab,半導體／設備／記憶體,e6、e18、s6、s18,-0.087、+0.090、-0.003、+0.109,-0.086502,0.089542,-0.002969,0.109096
6,2025,預期＋修正ab,軟體／網路,e6、e18、s6、s18,+0.009、+0.039、+0.037、+0.035,0.008795,0.038909,0.036981,0.035407
6,2025,預期＋修正ab,其他科技,e6、e18、s6、s18,+0.094、-0.038、+0.031、+0.093,0.093681,-0.038030,0.030961,0.093344
6,2025,預期＋修正ab,非科技,e6、e18、s6、s18,-0.029、+0.025、+0.012、+0.062,-0.028654,0.024544,0.012386,0.061598
6,2025,預期b＋修正ab,半導體／設備／記憶體,e18、s6、s18,+0.055、+0.002、+0.107,0.055149,0.001561,0.106509,
6,2025,預期b＋修正ab,軟體／網路,e18、s6、s18,+0.043、+0.037、+0.036,0.043005,0.036770,0.035742,
6,2025,預期b＋修正ab,其他科技,e18、s6、s18,+0.007、+0.028、+0.095,0.006576,0.028410,0.095251,
6,2025,預期b＋修正ab,非科技,e18、s6、s18,+0.011、+0.013、+0.061,0.011223,0.013470,0.060972,
12,2015,原始成長a,半導體／設備／記憶體,g12,+nan,,,,
12,2015,原始成長a,軟體／網路,g12,+0.009,0.008873,,,
12,2015,原始成長a,其他科技,g12,+0.102,0.102323,,,
12,2015,原始成長a,非科技,g12,+0.039,0.038895,,,
12,2015,原始成長ab,半導體／設備／記憶體,g12、g24,+nan、+nan,,,,
12,2015,原始成長ab,軟體／網路,g12、g24,+nan、+nan,,,,
12,2015,原始成長ab,其他科技,g12、g24,+nan、+nan,,,,
12,2015,原始成長ab,非科技,g12、g24,-0.025、+0.085,-0.025131,0.084951,,
12,2015,修正a,半導體／設備／記憶體,s12,+nan,,,,
12,2015,修正a,軟體／網路,s12,+nan,,,,
12,2015,修正a,其他科技,s12,+nan,,,,
12,2015,修正a,非科技,s12,+0.077,0.076649,,,
12,2015,預期＋修正a,半導體／設備／記憶體,e12、s12,+nan、+nan,,,,
12,2015,預期＋修正a,軟體／網路,e12、s12,+nan、+nan,,,,
12,2015,預期＋修正a,其他科技,e12、s12,+nan、+nan,,,,
12,2015,預期＋修正a,非科技,e12、s12,+0.010、+0.077,0.010066,0.077157,,
12,2015,預期＋修正ab,半導體／設備／記憶體,e12、e24、s12、s24,+nan、+nan、+nan、+nan,,,,
12,2015,預期＋修正ab,軟體／網路,e12、e24、s12、s24,+nan、+nan、+nan、+nan,,,,
12,2015,預期＋修正ab,其他科技,e12、e24、s12、s24,+nan、+nan、+nan、+nan,,,,
12,2015,預期＋修正ab,非科技,e12、e24、s12、s24,+nan、+nan、+nan、+nan,,,,
12,2015,預期b＋修正ab,半導體／設備／記憶體,e24、s12、s24,+nan、+nan、+nan,,,,
12,2015,預期b＋修正ab,軟體／網路,e24、s12、s24,+nan、+nan、+nan,,,,
12,2015,預期b＋修正ab,其他科技,e24、s12、s24,+nan、+nan、+nan,,,,
12,2015,預期b＋修正ab,非科技,e24、s12、s24,+nan、+nan、+nan,,,,
12,2016,原始成長a,半導體／設備／記憶體,g12,+0.044,0.044338,,,
12,2016,原始成長a,軟體／網路,g12,+0.035,0.034820,,,
12,2016,原始成長a,其他科技,g12,+0.137,0.136617,,,
12,2016,原始成長a,非科技,g12,+0.049,0.049434,,,
12,2016,原始成長ab,半導體／設備／記憶體,g12、g24,+nan、+nan,,,,
12,2016,原始成長ab,軟體／網路,g12、g24,-0.036、+0.070,-0.036413,0.070233,,
12,2016,原始成長ab,其他科技,g12、g24,-0.090、+0.220,-0.089630,0.220312,,
12,2016,原始成長ab,非科技,g12、g24,-0.010、+0.080,-0.009741,0.079554,,
12,2016,修正a,半導體／設備／記憶體,s12,+0.149,0.149256,,,
12,2016,修正a,軟體／網路,s12,+0.024,0.024205,,,
12,2016,修正a,其他科技,s12,+0.276,0.276400,,,
12,2016,修正a,非科技,s12,+0.082,0.081858,,,
12,2016,預期＋修正a,半導體／設備／記憶體,e12、s12,-0.027、+0.154,-0.027261,0.154394,,
12,2016,預期＋修正a,軟體／網路,e12、s12,+0.132、+0.044,0.132123,0.044202,,
12,2016,預期＋修正a,其他科技,e12、s12,-0.117、+0.285,-0.117357,0.285254,,
12,2016,預期＋修正a,非科技,e12、s12,+0.031、+0.081,0.031280,0.081189,,
12,2016,預期＋修正ab,半導體／設備／記憶體,e12、e24、s12、s24,+nan、+nan、+nan、+nan,,,,
12,2016,預期＋修正ab,軟體／網路,e12、e24、s12、s24,+nan、+nan、+nan、+nan,,,,
12,2016,預期＋修正ab,其他科技,e12、e24、s12、s24,+nan、+nan、+nan、+nan,,,,
12,2016,預期＋修正ab,非科技,e12、e24、s12、s24,+nan、+nan、+nan、+nan,,,,
12,2016,預期b＋修正ab,半導體／設備／記憶體,e24、s12、s24,+nan、+nan、+nan,,,,
12,2016,預期b＋修正ab,軟體／網路,e24、s12、s24,+nan、+nan、+nan,,,,
12,2016,預期b＋修正ab,其他科技,e24、s12、s24,+nan、+nan、+nan,,,,
12,2016,預期b＋修正ab,非科技,e24、s12、s24,+nan、+nan、+nan,,,,
12,2017,原始成長a,半導體／設備／記憶體,g12,+0.093,0.093016,,,
12,2017,原始成長a,軟體／網路,g12,+0.055,0.055034,,,
12,2017,原始成長a,其他科技,g12,+0.057,0.056891,,,
12,2017,原始成長a,非科技,g12,+0.046,0.046223,,,
12,2017,原始成長ab,半導體／設備／記憶體,g12、g24,-0.035、+0.117,-0.035472,0.117370,,
12,2017,原始成長ab,軟體／網路,g12、g24,-0.002、+0.037,-0.001802,0.036960,,
12,2017,原始成長ab,其他科技,g12、g24,-0.016、+0.183,-0.015591,0.182923,,
12,2017,原始成長ab,非科技,g12、g24,-0.014、+0.089,-0.013795,0.089083,,
12,2017,修正a,半導體／設備／記憶體,s12,+0.222,0.222442,,,
12,2017,修正a,軟體／網路,s12,+0.072,0.072304,,,
12,2017,修正a,其他科技,s12,+0.078,0.078198,,,
12,2017,修正a,非科技,s12,+0.069,0.068722,,,
12,2017,預期＋修正a,半導體／設備／記憶體,e12、s12,+0.039、+0.213,0.039206,0.213438,,
12,2017,預期＋修正a,軟體／網路,e12、s12,+0.069、+0.089,0.069144,0.089002,,
12,2017,預期＋修正a,其他科技,e12、s12,-0.043、+0.079,-0.043484,0.079158,,
12,2017,預期＋修正a,非科技,e12、s12,+0.028、+0.068,0.027742,0.068211,,
12,2017,預期＋修正ab,半導體／設備／記憶體,e12、e24、s12、s24,+nan、+nan、+nan、+nan,,,,
12,2017,預期＋修正ab,軟體／網路,e12、e24、s12、s24,+nan、+nan、+nan、+nan,,,,
12,2017,預期＋修正ab,其他科技,e12、e24、s12、s24,+nan、+nan、+nan、+nan,,,,
12,2017,預期＋修正ab,非科技,e12、e24、s12、s24,-0.034、+0.075、+0.005、+0.121,-0.034413,0.075482,0.005357,0.120708
12,2017,預期b＋修正ab,半導體／設備／記憶體,e24、s12、s24,+nan、+nan、+nan,,,,
12,2017,預期b＋修正ab,軟體／網路,e24、s12、s24,+nan、+nan、+nan,,,,
12,2017,預期b＋修正ab,其他科技,e24、s12、s24,+nan、+nan、+nan,,,,
12,2017,預期b＋修正ab,非科技,e24、s12、s24,+0.044、+0.008、+0.118,0.044323,0.007998,0.117662,
12,2018,原始成長a,半導體／設備／記憶體,g12,+0.101,0.101287,,,
12,2018,原始成長a,軟體／網路,g12,+0.051,0.050845,,,
12,2018,原始成長a,其他科技,g12,+0.051,0.050563,,,
12,2018,原始成長a,非科技,g12,+0.043,0.042746,,,
12,2018,原始成長ab,半導體／設備／記憶體,g12、g24,-0.005、+0.148,-0.005143,0.148397,,
12,2018,原始成長ab,軟體／網路,g12、g24,+0.035、+0.015,0.035453,0.015076,,
12,2018,原始成長ab,其他科技,g12、g24,+0.012、+0.139,0.012039,0.139408,,
12,2018,原始成長ab,非科技,g12、g24,-0.013、+0.083,-0.013331,0.082720,,
12,2018,修正a,半導體／設備／記憶體,s12,+0.216,0.215528,,,
12,2018,修正a,軟體／網路,s12,+0.038,0.038014,,,
12,2018,修正a,其他科技,s12,+0.066,0.066272,,,
12,2018,修正a,非科技,s12,+0.063,0.062715,,,
12,2018,預期＋修正a,半導體／設備／記憶體,e12、s12,+0.054、+0.209,0.053649,0.209482,,
12,2018,預期＋修正a,軟體／網路,e12、s12,+0.075、+0.064,0.075006,0.064345,,
12,2018,預期＋修正a,其他科技,e12、s12,-0.010、+0.066,-0.009846,0.066273,,
12,2018,預期＋修正a,非科技,e12、s12,+0.023、+0.063,0.022759,0.062646,,
12,2018,預期＋修正ab,半導體／設備／記憶體,e12、e24、s12、s24,+0.217、+0.041、+0.110、+0.197,0.216923,0.041231,0.110342,0.196737
12,2018,預期＋修正ab,軟體／網路,e12、e24、s12、s24,+0.015、+0.022、+0.127、-0.010,0.014951,0.022165,0.126507,-0.010489
12,2018,預期＋修正ab,其他科技,e12、e24、s12、s24,-0.383、+0.294、+0.092、+0.124,-0.382592,0.294321,0.091541,0.124343
12,2018,預期＋修正ab,非科技,e12、e24、s12、s24,-0.026、+0.055、+0.003、+0.105,-0.026394,0.054682,0.002616,0.104966
12,2018,預期b＋修正ab,半導體／設備／記憶體,e24、s12、s24,+0.206、+0.110、+0.211,0.206203,0.110127,0.211366,
12,2018,預期b＋修正ab,軟體／網路,e24、s12、s24,+0.034、+0.124、-0.008,0.033610,0.124480,-0.008257,
12,2018,預期b＋修正ab,其他科技,e24、s12、s24,+0.054、+0.093、+0.110,0.053647,0.092629,0.109779,
12,2018,預期b＋修正ab,非科技,e24、s12、s24,+0.033、+0.004、+0.103,0.032713,0.003920,0.103249,
12,2019,原始成長a,半導體／設備／記憶體,g12,+0.108,0.107570,,,
12,2019,原始成長a,軟體／網路,g12,+0.079,0.078756,,,
12,2019,原始成長a,其他科技,g12,+0.049,0.049098,,,
12,2019,原始成長a,非科技,g12,+0.043,0.042807,,,
12,2019,原始成長ab,半導體／設備／記憶體,g12、g24,-0.005、+0.163,-0.004606,0.163354,,
12,2019,原始成長ab,軟體／網路,g12、g24,+0.035、+0.018,0.035080,0.017598,,
12,2019,原始成長ab,其他科技,g12、g24,+0.021、+0.083,0.021118,0.083448,,
12,2019,原始成長ab,非科技,g12、g24,-0.006、+0.067,-0.005609,0.066647,,
12,2019,修正a,半導體／設備／記憶體,s12,+0.192,0.192062,,,
12,2019,修正a,軟體／網路,s12,+0.061,0.060971,,,
12,2019,修正a,其他科技,s12,+0.054,0.054197,,,
12,2019,修正a,非科技,s12,+0.053,0.053479,,,
12,2019,預期＋修正a,半導體／設備／記憶體,e12、s12,+0.052、+0.190,0.051670,0.190169,,
12,2019,預期＋修正a,軟體／網路,e12、s12,+0.103、+0.091,0.102935,0.090568,,
12,2019,預期＋修正a,其他科技,e12、s12,+0.017、+0.055,0.016641,0.055357,,
12,2019,預期＋修正a,非科技,e12、s12,+0.032、+0.054,0.031521,0.053942,,
12,2019,預期＋修正ab,半導體／設備／記憶體,e12、e24、s12、s24,+0.225、+0.014、+0.077、+0.216,0.224783,0.014210,0.076792,0.215831
12,2019,預期＋修正ab,軟體／網路,e12、e24、s12、s24,+0.041、+0.026、+0.091、-0.004,0.040921,0.026050,0.091272,-0.004403
12,2019,預期＋修正ab,其他科技,e12、e24、s12、s24,-0.140、+0.113、+0.066、+0.071,-0.140271,0.113229,0.066164,0.071308
12,2019,預期＋修正ab,非科技,e12、e24、s12、s24,-0.041、+0.063、+0.015、+0.074,-0.041096,0.062966,0.014979,0.074000
12,2019,預期b＋修正ab,半導體／設備／記憶體,e24、s12、s24,+0.210、+0.078、+0.218,0.210057,0.077617,0.217914,
12,2019,預期b＋修正ab,軟體／網路,e24、s12、s24,+0.060、+0.086、-0.003,0.059596,0.085915,-0.002571,
12,2019,預期b＋修正ab,其他科技,e24、s12、s24,+0.011、+0.069、+0.066,0.011361,0.069310,0.065807,
12,2019,預期b＋修正ab,非科技,e24、s12、s24,+0.028、+0.016、+0.073,0.027996,0.016498,0.072704,
12,2020,原始成長a,半導體／設備／記憶體,g12,+0.101,0.101206,,,
12,2020,原始成長a,軟體／網路,g12,+0.080,0.079959,,,
12,2020,原始成長a,其他科技,g12,+0.042,0.041517,,,
12,2020,原始成長a,非科技,g12,+0.035,0.035420,,,
12,2020,原始成長ab,半導體／設備／記憶體,g12、g24,+0.008、+0.169,0.008070,0.168811,,
12,2020,原始成長ab,軟體／網路,g12、g24,+0.064、+0.027,0.064146,0.026719,,
12,2020,原始成長ab,其他科技,g12、g24,+0.016、+0.085,0.015866,0.084811,,
12,2020,原始成長ab,非科技,g12、g24,-0.003、+0.073,-0.003315,0.072777,,
12,2020,修正a,半導體／設備／記憶體,s12,+0.152,0.152016,,,
12,2020,修正a,軟體／網路,s12,+0.071,0.070996,,,
12,2020,修正a,其他科技,s12,+0.041,0.040879,,,
12,2020,修正a,非科技,s12,+0.046,0.046489,,,
12,2020,預期＋修正a,半導體／設備／記憶體,e12、s12,+0.073、+0.156,0.073463,0.156244,,
12,2020,預期＋修正a,軟體／網路,e12、s12,+0.095、+0.094,0.095075,0.093566,,
12,2020,預期＋修正a,其他科技,e12、s12,+0.035、+0.043,0.035364,0.042719,,
12,2020,預期＋修正a,非科技,e12、s12,+0.021、+0.047,0.021420,0.046783,,
12,2020,預期＋修正ab,半導體／設備／記憶體,e12、e24、s12、s24,+0.094、+0.130、+0.071、+0.223,0.093589,0.130130,0.071213,0.222961
12,2020,預期＋修正ab,軟體／網路,e12、e24、s12、s24,+0.083、+0.022、+0.112、+0.026,0.083366,0.022385,0.111842,0.025944
12,2020,預期＋修正ab,其他科技,e12、e24、s12、s24,-0.190、+0.165、+0.042、+0.080,-0.190438,0.164909,0.041822,0.079549
12,2020,預期＋修正ab,非科技,e12、e24、s12、s24,-0.057、+0.090、+0.014、+0.084,-0.057383,0.089882,0.013626,0.084448
12,2020,預期b＋修正ab,半導體／設備／記憶體,e24、s12、s24,+0.209、+0.069、+0.224,0.208580,0.068565,0.224184,
12,2020,預期b＋修正ab,軟體／網路,e24、s12、s24,+0.094、+0.105、+0.030,0.094185,0.105180,0.030360,
12,2020,預期b＋修正ab,其他科技,e24、s12、s24,+0.018、+0.049、+0.072,0.017872,0.049244,0.072475,
12,2020,預期b＋修正ab,非科技,e24、s12、s24,+0.040、+0.015、+0.083,0.040484,0.015341,0.083004,
12,2021,原始成長a,半導體／設備／記憶體,g12,+0.108,0.107745,,,
12,2021,原始成長a,軟體／網路,g12,+0.078,0.077616,,,
12,2021,原始成長a,其他科技,g12,+0.057,0.057332,,,
12,2021,原始成長a,非科技,g12,+0.045,0.045148,,,
12,2021,原始成長ab,半導體／設備／記憶體,g12、g24,+0.003、+0.140,0.003264,0.140294,,
12,2021,原始成長ab,軟體／網路,g12、g24,+0.064、+0.027,0.064197,0.027430,,
12,2021,原始成長ab,其他科技,g12、g24,+0.006、+0.089,0.006451,0.088784,,
12,2021,原始成長ab,非科技,g12、g24,-0.009、+0.069,-0.009487,0.068651,,
12,2021,修正a,半導體／設備／記憶體,s12,+0.147,0.146878,,,
12,2021,修正a,軟體／網路,s12,+0.068,0.067774,,,
12,2021,修正a,其他科技,s12,+0.054,0.054459,,,
12,2021,修正a,非科技,s12,+0.057,0.057184,,,
12,2021,預期＋修正a,半導體／設備／記憶體,e12、s12,+0.094、+0.150,0.093886,0.149874,,
12,2021,預期＋修正a,軟體／網路,e12、s12,+0.092、+0.088,0.092228,0.088058,,
12,2021,預期＋修正a,其他科技,e12、s12,+0.056、+0.057,0.055930,0.056892,,
12,2021,預期＋修正a,非科技,e12、s12,+0.031、+0.058,0.031022,0.057908,,
12,2021,預期＋修正ab,半導體／設備／記憶體,e12、e24、s12、s24,-0.028、+0.165、+0.055、+0.183,-0.028451,0.164646,0.055384,0.182778
12,2021,預期＋修正ab,軟體／網路,e12、e24、s12、s24,+0.089、+0.006、+0.103、+0.033,0.088537,0.006261,0.103215,0.033321
12,2021,預期＋修正ab,其他科技,e12、e24、s12、s24,-0.231、+0.267、+0.029、+0.093,-0.230591,0.267284,0.028551,0.093085
12,2021,預期＋修正ab,非科技,e12、e24、s12、s24,-0.081、+0.100、+0.007、+0.081,-0.080642,0.100432,0.007082,0.080658
12,2021,預期b＋修正ab,半導體／設備／記憶體,e24、s12、s24,+0.140、+0.057、+0.182,0.140386,0.056562,0.181735,
12,2021,預期b＋修正ab,軟體／網路,e24、s12、s24,+0.082、+0.096、+0.039,0.082469,0.095742,0.039490,
12,2021,預期b＋修正ab,其他科技,e24、s12、s24,+0.063、+0.039、+0.080,0.063271,0.039223,0.080051,
12,2021,預期b＋修正ab,非科技,e24、s12、s24,+0.029、+0.009、+0.079,0.029423,0.009449,0.078896,
12,2022,原始成長a,半導體／設備／記憶體,g12,+0.102,0.101813,,,
12,2022,原始成長a,軟體／網路,g12,+0.070,0.070385,,,
12,2022,原始成長a,其他科技,g12,+0.050,0.049534,,,
12,2022,原始成長a,非科技,g12,+0.045,0.045388,,,
12,2022,原始成長ab,半導體／設備／記憶體,g12、g24,-0.004、+0.158,-0.004206,0.157626,,
12,2022,原始成長ab,軟體／網路,g12、g24,+0.062、+0.028,0.061834,0.027855,,
12,2022,原始成長ab,其他科技,g12、g24,+0.024、+0.092,0.023768,0.091524,,
12,2022,原始成長ab,非科技,g12、g24,-0.001、+0.072,-0.001452,0.071993,,
12,2022,修正a,半導體／設備／記憶體,s12,+0.123,0.123458,,,
12,2022,修正a,軟體／網路,s12,+0.061,0.061158,,,
12,2022,修正a,其他科技,s12,+0.057,0.057311,,,
12,2022,修正a,非科技,s12,+0.061,0.060618,,,
12,2022,預期＋修正a,半導體／設備／記憶體,e12、s12,+0.103、+0.129,0.103412,0.128792,,
12,2022,預期＋修正a,軟體／網路,e12、s12,+0.083、+0.077,0.083099,0.076917,,
12,2022,預期＋修正a,其他科技,e12、s12,+0.036、+0.057,0.036211,0.057350,,
12,2022,預期＋修正a,非科技,e12、s12,+0.024、+0.061,0.023986,0.061414,,
12,2022,預期＋修正ab,半導體／設備／記憶體,e12、e24、s12、s24,-0.067、+0.206、+0.041、+0.206,-0.067484,0.205531,0.040542,0.205535
12,2022,預期＋修正ab,軟體／網路,e12、e24、s12、s24,+0.056、+0.033、+0.093、+0.032,0.056389,0.033384,0.093010,0.031607
12,2022,預期＋修正ab,其他科技,e12、e24、s12、s24,-0.083、+0.143、+0.046、+0.101,-0.083473,0.143386,0.046423,0.100993
12,2022,預期＋修正ab,非科技,e12、e24、s12、s24,-0.124、+0.153、+0.019、+0.085,-0.124205,0.153140,0.018751,0.084505
12,2022,預期b＋修正ab,半導體／設備／記憶體,e24、s12、s24,+0.150、+0.043、+0.202,0.150497,0.043352,0.201810,
12,2022,預期b＋修正ab,軟體／網路,e24、s12、s24,+0.082、+0.089、+0.035,0.081662,0.088735,0.035095,
12,2022,預期b＋修正ab,其他科技,e24、s12、s24,+0.071、+0.048、+0.097,0.071345,0.048380,0.097115,
12,2022,預期b＋修正ab,非科技,e24、s12、s24,+0.045、+0.022、+0.082,0.045114,0.021929,0.081629,
12,2023,原始成長a,半導體／設備／記憶體,g12,+0.106,0.105914,,,
12,2023,原始成長a,軟體／網路,g12,+0.073,0.072592,,,
12,2023,原始成長a,其他科技,g12,+0.050,0.049760,,,
12,2023,原始成長a,非科技,g12,+0.046,0.046131,,,
12,2023,原始成長ab,半導體／設備／記憶體,g12、g24,-0.007、+0.157,-0.007215,0.157062,,
12,2023,原始成長ab,軟體／網路,g12、g24,+0.050、+0.032,0.049604,0.031979,,
12,2023,原始成長ab,其他科技,g12、g24,+0.011、+0.081,0.011454,0.081357,,
12,2023,原始成長ab,非科技,g12、g24,-0.003、+0.077,-0.002695,0.076990,,
12,2023,修正a,半導體／設備／記憶體,s12,+0.136,0.135789,,,
12,2023,修正a,軟體／網路,s12,+0.064,0.063640,,,
12,2023,修正a,其他科技,s12,+0.069,0.068912,,,
12,2023,修正a,非科技,s12,+0.068,0.067910,,,
12,2023,預期＋修正a,半導體／設備／記憶體,e12、s12,+0.094、+0.139,0.094017,0.139277,,
12,2023,預期＋修正a,軟體／網路,e12、s12,+0.084、+0.079,0.084426,0.079334,,
12,2023,預期＋修正a,其他科技,e12、s12,+0.019、+0.069,0.018634,0.069010,,
12,2023,預期＋修正a,非科技,e12、s12,+0.014、+0.068,0.014125,0.068406,,
12,2023,預期＋修正ab,半導體／設備／記憶體,e12、e24、s12、s24,-0.054、+0.187、+0.030、+0.204,-0.054075,0.186555,0.030359,0.203922
12,2023,預期＋修正ab,軟體／網路,e12、e24、s12、s24,+0.059、+0.018、+0.069、+0.037,0.058988,0.017821,0.069462,0.037235
12,2023,預期＋修正ab,其他科技,e12、e24、s12、s24,-0.166、+0.202、+0.044、+0.099,-0.166045,0.201666,0.043940,0.099493
12,2023,預期＋修正ab,非科技,e12、e24、s12、s24,-0.125、+0.147、+0.021、+0.096,-0.124892,0.146508,0.021399,0.095771
12,2023,預期b＋修正ab,半導體／設備／記憶體,e24、s12、s24,+0.143、+0.033、+0.201,0.142625,0.032541,0.201034,
12,2023,預期b＋修正ab,軟體／網路,e24、s12、s24,+0.067、+0.066、+0.040,0.067088,0.065531,0.040413,
12,2023,預期b＋修正ab,其他科技,e24、s12、s24,+0.049、+0.047、+0.089,0.049410,0.047494,0.089181,
12,2023,預期b＋修正ab,非科技,e24、s12、s24,+0.038、+0.025、+0.093,0.037599,0.024728,0.092840,
12,2024,原始成長a,半導體／設備／記憶體,g12,+0.108,0.108247,,,
12,2024,原始成長a,軟體／網路,g12,+0.068,0.067723,,,
12,2024,原始成長a,其他科技,g12,+0.051,0.050814,,,
12,2024,原始成長a,非科技,g12,+0.048,0.048181,,,
12,2024,原始成長ab,半導體／設備／記憶體,g12、g24,+0.001、+0.145,0.000947,0.145249,,
12,2024,原始成長ab,軟體／網路,g12、g24,+0.051、+0.035,0.051404,0.035009,,
12,2024,原始成長ab,其他科技,g12、g24,+0.006、+0.087,0.005879,0.087398,,
12,2024,原始成長ab,非科技,g12、g24,-0.003、+0.079,-0.002809,0.078628,,
12,2024,修正a,半導體／設備／記憶體,s12,+0.130,0.130447,,,
12,2024,修正a,軟體／網路,s12,+0.066,0.065999,,,
12,2024,修正a,其他科技,s12,+0.076,0.075850,,,
12,2024,修正a,非科技,s12,+0.070,0.070165,,,
12,2024,預期＋修正a,半導體／設備／記憶體,e12、s12,+0.106、+0.134,0.106190,0.133738,,
12,2024,預期＋修正a,軟體／網路,e12、s12,+0.071、+0.078,0.070861,0.078203,,
12,2024,預期＋修正a,其他科技,e12、s12,+0.012、+0.075,0.012324,0.075466,,
12,2024,預期＋修正a,非科技,e12、s12,+0.016、+0.071,0.015981,0.070793,,
12,2024,預期＋修正ab,半導體／設備／記憶體,e12、e24、s12、s24,-0.043、+0.160、+0.041、+0.185,-0.043127,0.159817,0.040966,0.185090
12,2024,預期＋修正ab,軟體／網路,e12、e24、s12、s24,+0.088、-0.010、+0.069、+0.047,0.088187,-0.009529,0.069340,0.047241
12,2024,預期＋修正ab,其他科技,e12、e24、s12、s24,-0.209、+0.225、+0.048、+0.113,-0.209365,0.224950,0.047995,0.112888
12,2024,預期＋修正ab,非科技,e12、e24、s12、s24,-0.081、+0.094、+0.027、+0.104,-0.080581,0.094284,0.027217,0.104033
12,2024,預期b＋修正ab,半導體／設備／記憶體,e24、s12、s24,+0.125、+0.043、+0.183,0.124840,0.042523,0.183412,
12,2024,預期b＋修正ab,軟體／網路,e24、s12、s24,+0.064、+0.065、+0.052,0.063813,0.064594,0.052146,
12,2024,預期b＋修正ab,其他科技,e24、s12、s24,+0.035、+0.053、+0.103,0.035000,0.052913,0.102898,
12,2024,預期b＋修正ab,非科技,e24、s12、s24,+0.025、+0.030、+0.102,0.024546,0.029516,0.101970,
12,2025,原始成長a,半導體／設備／記憶體,g12,+0.113,0.113029,,,
12,2025,原始成長a,軟體／網路,g12,+0.065,0.065344,,,
12,2025,原始成長a,其他科技,g12,+0.053,0.052870,,,
12,2025,原始成長a,非科技,g12,+0.049,0.048988,,,
12,2025,原始成長ab,半導體／設備／記憶體,g12、g24,-0.009、+0.160,-0.008816,0.160166,,
12,2025,原始成長ab,軟體／網路,g12、g24,+0.049、+0.030,0.049187,0.030304,,
12,2025,原始成長ab,其他科技,g12、g24,-0.013、+0.113,-0.013137,0.112725,,
12,2025,原始成長ab,非科技,g12、g24,-0.003、+0.081,-0.003277,0.081229,,
12,2025,修正a,半導體／設備／記憶體,s12,+0.129,0.128825,,,
12,2025,修正a,軟體／網路,s12,+0.068,0.068286,,,
12,2025,修正a,其他科技,s12,+0.081,0.081321,,,
12,2025,修正a,非科技,s12,+0.073,0.073161,,,
12,2025,預期＋修正a,半導體／設備／記憶體,e12、s12,+0.120、+0.134,0.119806,0.133730,,
12,2025,預期＋修正a,軟體／網路,e12、s12,+0.065、+0.077,0.064557,0.077424,,
12,2025,預期＋修正a,其他科技,e12、s12,+0.010、+0.081,0.009792,0.080771,,
12,2025,預期＋修正a,非科技,e12、s12,+0.014、+0.074,0.014232,0.073715,,
12,2025,預期＋修正ab,半導體／設備／記憶體,e12、e24、s12、s24,-0.053、+0.178、+0.025、+0.196,-0.052798,0.177559,0.025301,0.195616
12,2025,預期＋修正ab,軟體／網路,e12、e24、s12、s24,+0.068、-0.005、+0.068、+0.048,0.068079,-0.004792,0.068186,0.048122
12,2025,預期＋修正ab,其他科技,e12、e24、s12、s24,-0.224、+0.227、+0.038、+0.146,-0.224308,0.226752,0.038269,0.146123
12,2025,預期＋修正ab,非科技,e12、e24、s12、s24,-0.092、+0.104、+0.027、+0.110,-0.092379,0.104253,0.027009,0.109869
12,2025,預期b＋修正ab,半導體／設備／記憶體,e24、s12、s24,+0.135、+0.028、+0.194,0.134907,0.027514,0.193545,
12,2025,預期b＋修正ab,軟體／網路,e24、s12、s24,+0.051、+0.064、+0.052,0.051080,0.064136,0.051767,
12,2025,預期b＋修正ab,其他科技,e24、s12、s24,+0.025、+0.043、+0.135,0.025394,0.043270,0.135352,
12,2025,預期b＋修正ab,非科技,e24、s12、s24,+0.025、+0.029、+0.107,0.024556,0.029165,0.107303,
24,2015,原始成長a,半導體／設備／記憶體,g24,+nan,,,,
24,2015,原始成長a,軟體／網路,g24,+nan,,,,
24,2015,原始成長a,其他科技,g24,+nan,,,,
24,2015,原始成長a,非科技,g24,+0.089,0.089155,,,
24,2015,原始成長ab,半導體／設備／記憶體,g24、g36,+nan、+nan,,,,
24,2015,原始成長ab,軟體／網路,g24、g36,+nan、+nan,,,,
24,2015,原始成長ab,其他科技,g24、g36,+nan、+nan,,,,
24,2015,原始成長ab,非科技,g24、g36,+nan、+nan,,,,
24,2015,修正a,半導體／設備／記憶體,s24,+nan,,,,
24,2015,修正a,軟體／網路,s24,+nan,,,,
24,2015,修正a,其他科技,s24,+nan,,,,
24,2015,修正a,非科技,s24,+nan,,,,
24,2015,預期＋修正a,半導體／設備／記憶體,e24、s24,+nan、+nan,,,,
24,2015,預期＋修正a,軟體／網路,e24、s24,+nan、+nan,,,,
24,2015,預期＋修正a,其他科技,e24、s24,+nan、+nan,,,,
24,2015,預期＋修正a,非科技,e24、s24,+nan、+nan,,,,
24,2015,預期＋修正ab,半導體／設備／記憶體,e24、e36、s24、s36,+nan、+nan、+nan、+nan,,,,
24,2015,預期＋修正ab,軟體／網路,e24、e36、s24、s36,+nan、+nan、+nan、+nan,,,,
24,2015,預期＋修正ab,其他科技,e24、e36、s24、s36,+nan、+nan、+nan、+nan,,,,
24,2015,預期＋修正ab,非科技,e24、e36、s24、s36,+nan、+nan、+nan、+nan,,,,
24,2015,預期b＋修正ab,半導體／設備／記憶體,e36、s24、s36,+nan、+nan、+nan,,,,
24,2015,預期b＋修正ab,軟體／網路,e36、s24、s36,+nan、+nan、+nan,,,,
24,2015,預期b＋修正ab,其他科技,e36、s24、s36,+nan、+nan、+nan,,,,
24,2015,預期b＋修正ab,非科技,e36、s24、s36,+nan、+nan、+nan,,,,
24,2016,原始成長a,半導體／設備／記憶體,g24,+0.100,0.099898,,,
24,2016,原始成長a,軟體／網路,g24,+0.133,0.132905,,,
24,2016,原始成長a,其他科技,g24,+0.200,0.200389,,,
24,2016,原始成長a,非科技,g24,+0.118,0.117846,,,
24,2016,原始成長ab,半導體／設備／記憶體,g24、g36,+nan、+nan,,,,
24,2016,原始成長ab,軟體／網路,g24、g36,+nan、+nan,,,,
24,2016,原始成長ab,其他科技,g24、g36,+nan、+nan,,,,
24,2016,原始成長ab,非科技,g24、g36,+0.029、+0.107,0.028551,0.107325,,
24,2016,修正a,半導體／設備／記憶體,s24,+nan,,,,
24,2016,修正a,軟體／網路,s24,+nan,,,,
24,2016,修正a,其他科技,s24,+nan,,,,
24,2016,修正a,非科技,s24,+nan,,,,
24,2016,預期＋修正a,半導體／設備／記憶體,e24、s24,+nan、+nan,,,,
24,2016,預期＋修正a,軟體／網路,e24、s24,+nan、+nan,,,,
24,2016,預期＋修正a,其他科技,e24、s24,+nan、+nan,,,,
24,2016,預期＋修正a,非科技,e24、s24,+nan、+nan,,,,
24,2016,預期＋修正ab,半導體／設備／記憶體,e24、e36、s24、s36,+nan、+nan、+nan、+nan,,,,
24,2016,預期＋修正ab,軟體／網路,e24、e36、s24、s36,+nan、+nan、+nan、+nan,,,,
24,2016,預期＋修正ab,其他科技,e24、e36、s24、s36,+nan、+nan、+nan、+nan,,,,
24,2016,預期＋修正ab,非科技,e24、e36、s24、s36,+nan、+nan、+nan、+nan,,,,
24,2016,預期b＋修正ab,半導體／設備／記憶體,e36、s24、s36,+nan、+nan、+nan,,,,
24,2016,預期b＋修正ab,軟體／網路,e36、s24、s36,+nan、+nan、+nan,,,,
24,2016,預期b＋修正ab,其他科技,e36、s24、s36,+nan、+nan、+nan,,,,
24,2016,預期b＋修正ab,非科技,e36、s24、s36,+nan、+nan、+nan,,,,
24,2017,原始成長a,半導體／設備／記憶體,g24,+0.210,0.209720,,,
24,2017,原始成長a,軟體／網路,g24,+0.115,0.114597,,,
24,2017,原始成長a,其他科技,g24,+0.174,0.173603,,,
24,2017,原始成長a,非科技,g24,+0.112,0.112496,,,
24,2017,原始成長ab,半導體／設備／記憶體,g24、g36,+nan、+nan,,,,
24,2017,原始成長ab,軟體／網路,g24、g36,-0.009、+0.189,-0.009197,0.189047,,
24,2017,原始成長ab,其他科技,g24、g36,+0.053、+0.268,0.052573,0.267661,,
24,2017,原始成長ab,非科技,g24、g36,+0.029、+0.123,0.028738,0.123026,,
24,2017,修正a,半導體／設備／記憶體,s24,+nan,,,,
24,2017,修正a,軟體／網路,s24,+nan,,,,
24,2017,修正a,其他科技,s24,+nan,,,,
24,2017,修正a,非科技,s24,+0.140,0.139636,,,
24,2017,預期＋修正a,半導體／設備／記憶體,e24、s24,+nan、+nan,,,,
24,2017,預期＋修正a,軟體／網路,e24、s24,+nan、+nan,,,,
24,2017,預期＋修正a,其他科技,e24、s24,+nan、+nan,,,,
24,2017,預期＋修正a,非科技,e24、s24,+0.053、+0.137,0.053174,0.137181,,
24,2017,預期＋修正ab,半導體／設備／記憶體,e24、e36、s24、s36,+nan、+nan、+nan、+nan,,,,
24,2017,預期＋修正ab,軟體／網路,e24、e36、s24、s36,+nan、+nan、+nan、+nan,,,,
24,2017,預期＋修正ab,其他科技,e24、e36、s24、s36,+nan、+nan、+nan、+nan,,,,
24,2017,預期＋修正ab,非科技,e24、e36、s24、s36,+nan、+nan、+nan、+nan,,,,
24,2017,預期b＋修正ab,半導體／設備／記憶體,e36、s24、s36,+nan、+nan、+nan,,,,
24,2017,預期b＋修正ab,軟體／網路,e36、s24、s36,+nan、+nan、+nan,,,,
24,2017,預期b＋修正ab,其他科技,e36、s24、s36,+nan、+nan、+nan,,,,
24,2017,預期b＋修正ab,非科技,e36、s24、s36,+nan、+nan、+nan,,,,
24,2018,原始成長a,半導體／設備／記憶體,g24,+0.262,0.262191,,,
24,2018,原始成長a,軟體／網路,g24,+0.098,0.097553,,,
24,2018,原始成長a,其他科技,g24,+0.140,0.139696,,,
24,2018,原始成長a,非科技,g24,+0.107,0.107195,,,
24,2018,原始成長ab,半導體／設備／記憶體,g24、g36,+0.071、+0.148,0.070912,0.148445,,
24,2018,原始成長ab,軟體／網路,g24、g36,-0.019、+0.183,-0.018757,0.183282,,
24,2018,原始成長ab,其他科技,g24、g36,+0.167、+0.125,0.167355,0.125276,,
24,2018,原始成長ab,非科技,g24、g36,+0.021、+0.123,0.021132,0.123140,,
24,2018,修正a,半導體／設備／記憶體,s24,+0.444,0.443736,,,
24,2018,修正a,軟體／網路,s24,+0.086,0.086450,,,
24,2018,修正a,其他科技,s24,+0.108,0.107797,,,
24,2018,修正a,非科技,s24,+0.141,0.140782,,,
24,2018,預期＋修正a,半導體／設備／記憶體,e24、s24,+0.239、+0.430,0.239241,0.430338,,
24,2018,預期＋修正a,軟體／網路,e24、s24,+0.054、+0.102,0.054035,0.102114,,
24,2018,預期＋修正a,其他科技,e24、s24,+0.070、+0.118,0.070356,0.117842,,
24,2018,預期＋修正a,非科技,e24、s24,+0.028、+0.140,0.028051,0.140452,,
24,2018,預期＋修正ab,半導體／設備／記憶體,e24、e36、s24、s36,+nan、+nan、+nan、+nan,,,,
24,2018,預期＋修正ab,軟體／網路,e24、e36、s24、s36,+nan、+nan、+nan、+nan,,,,
24,2018,預期＋修正ab,其他科技,e24、e36、s24、s36,+nan、+nan、+nan、+nan,,,,
24,2018,預期＋修正ab,非科技,e24、e36、s24、s36,+nan、+nan、+nan、+nan,,,,
24,2018,預期b＋修正ab,半導體／設備／記憶體,e36、s24、s36,+nan、+nan、+nan,,,,
24,2018,預期b＋修正ab,軟體／網路,e36、s24、s36,+nan、+nan、+nan,,,,
24,2018,預期b＋修正ab,其他科技,e36、s24、s36,+nan、+nan、+nan,,,,
24,2018,預期b＋修正ab,非科技,e36、s24、s36,+nan、+nan、+nan,,,,
24,2019,原始成長a,半導體／設備／記憶體,g24,+0.262,0.262496,,,
24,2019,原始成長a,軟體／網路,g24,+0.120,0.119996,,,
24,2019,原始成長a,其他科技,g24,+0.095,0.094733,,,
24,2019,原始成長a,非科技,g24,+0.095,0.095118,,,
24,2019,原始成長ab,半導體／設備／記憶體,g24、g36,+0.142、+0.123,0.142433,0.122613,,
24,2019,原始成長ab,軟體／網路,g24、g36,-0.004、+0.126,-0.003540,0.126458,,
24,2019,原始成長ab,其他科技,g24、g36,+0.157、+0.065,0.157098,0.065176,,
24,2019,原始成長ab,非科技,g24、g36,+0.030、+0.102,0.029739,0.101904,,
24,2019,修正a,半導體／設備／記憶體,s24,+0.370,0.370423,,,
24,2019,修正a,軟體／網路,s24,+0.091,0.090537,,,
24,2019,修正a,其他科技,s24,+0.077,0.077142,,,
24,2019,修正a,非科技,s24,+0.111,0.111051,,,
24,2019,預期＋修正a,半導體／設備／記憶體,e24、s24,+0.266、+0.380,0.265735,0.380246,,
24,2019,預期＋修正a,軟體／網路,e24、s24,+0.129、+0.116,0.129090,0.116430,,
24,2019,預期＋修正a,其他科技,e24、s24,+0.046、+0.083,0.045754,0.082552,,
24,2019,預期＋修正a,非科技,e24、s24,+0.030、+0.111,0.030248,0.111419,,
24,2019,預期＋修正ab,半導體／設備／記憶體,e24、e36、s24、s36,+nan、+nan、+nan、+nan,,,,
24,2019,預期＋修正ab,軟體／網路,e24、e36、s24、s36,+nan、+nan、+nan、+nan,,,,
24,2019,預期＋修正ab,其他科技,e24、e36、s24、s36,+nan、+nan、+nan、+nan,,,,
24,2019,預期＋修正ab,非科技,e24、e36、s24、s36,-0.076、+0.079、+0.086、+0.091,-0.076487,0.079356,0.086300,0.090891
24,2019,預期b＋修正ab,半導體／設備／記憶體,e36、s24、s36,+nan、+nan、+nan,,,,
24,2019,預期b＋修正ab,軟體／網路,e36、s24、s36,+nan、+nan、+nan,,,,
24,2019,預期b＋修正ab,其他科技,e36、s24、s36,+nan、+nan、+nan,,,,
24,2019,預期b＋修正ab,非科技,e36、s24、s36,+0.008、+0.091、+0.086,0.008295,0.091038,0.085673,
24,2020,原始成長a,半導體／設備／記憶體,g24,+0.241,0.240594,,,
24,2020,原始成長a,軟體／網路,g24,+0.132,0.131528,,,
24,2020,原始成長a,其他科技,g24,+0.104,0.103941,,,
24,2020,原始成長a,非科技,g24,+0.102,0.101700,,,
24,2020,原始成長ab,半導體／設備／記憶體,g24、g36,+0.175、+0.097,0.175396,0.097490,,
24,2020,原始成長ab,軟體／網路,g24、g36,+0.029、+0.125,0.029325,0.124645,,
24,2020,原始成長ab,其他科技,g24、g36,+0.079、+0.083,0.078554,0.083399,,
24,2020,原始成長ab,非科技,g24、g36,+0.019、+0.114,0.019264,0.113806,,
24,2020,修正a,半導體／設備／記憶體,s24,+0.320,0.320301,,,
24,2020,修正a,軟體／網路,s24,+0.135,0.135299,,,
24,2020,修正a,其他科技,s24,+0.078,0.078264,,,
24,2020,修正a,非科技,s24,+0.114,0.113947,,,
24,2020,預期＋修正a,半導體／設備／記憶體,e24、s24,+0.225、+0.346,0.224642,0.346367,,
24,2020,預期＋修正a,軟體／網路,e24、s24,+0.120、+0.154,0.119782,0.153998,,
24,2020,預期＋修正a,其他科技,e24、s24,+0.095、+0.090,0.094588,0.089781,,
24,2020,預期＋修正a,非科技,e24、s24,+0.058、+0.116,0.057836,0.115521,,
24,2020,預期＋修正ab,半導體／設備／記憶體,e24、e36、s24、s36,+0.072、+0.165、+0.291、+0.073,0.071550,0.165441,0.291053,0.073202
24,2020,預期＋修正ab,軟體／網路,e24、e36、s24、s36,-0.122、+0.301、+0.070、+0.066,-0.122494,0.301423,0.070039,0.066281
24,2020,預期＋修正ab,其他科技,e24、e36、s24、s36,-0.072、+0.139、+0.018、+0.069,-0.072001,0.139469,0.017635,0.069237
24,2020,預期＋修正ab,非科技,e24、e36、s24、s36,-0.094、+0.120、+0.049、+0.137,-0.094260,0.120102,0.049202,0.137073
24,2020,預期b＋修正ab,半導體／設備／記憶體,e36、s24、s36,+0.230、+0.288、+0.075,0.229721,0.288183,0.074632,
24,2020,預期b＋修正ab,軟體／網路,e36、s24、s36,+0.168、+0.085、+0.055,0.168115,0.084901,0.055072,
24,2020,預期b＋修正ab,其他科技,e36、s24、s36,+0.081、+0.022、+0.068,0.081323,0.021968,0.067511,
24,2020,預期b＋修正ab,非科技,e36、s24、s36,+0.033、+0.053、+0.131,0.033386,0.052968,0.131035,
24,2021,原始成長a,半導體／設備／記憶體,g24,+0.210,0.209731,,,
24,2021,原始成長a,軟體／網路,g24,+0.132,0.132021,,,
24,2021,原始成長a,其他科技,g24,+0.123,0.122814,,,
24,2021,原始成長a,非科技,g24,+0.107,0.107174,,,
24,2021,原始成長ab,半導體／設備／記憶體,g24、g36,+0.165、+0.092,0.165141,0.092261,,
24,2021,原始成長ab,軟體／網路,g24、g36,+0.048、+0.109,0.048397,0.109341,,
24,2021,原始成長ab,其他科技,g24、g36,+0.052、+0.118,0.052058,0.117607,,
24,2021,原始成長ab,非科技,g24、g36,+0.028、+0.114,0.028089,0.113641,,
24,2021,修正a,半導體／設備／記憶體,s24,+0.291,0.290663,,,
24,2021,修正a,軟體／網路,s24,+0.154,0.153658,,,
24,2021,修正a,其他科技,s24,+0.113,0.112713,,,
24,2021,修正a,非科技,s24,+0.126,0.126395,,,
24,2021,預期＋修正a,半導體／設備／記憶體,e24、s24,+0.163、+0.301,0.163216,0.300555,,
24,2021,預期＋修正a,軟體／網路,e24、s24,+0.109、+0.168,0.108806,0.168321,,
24,2021,預期＋修正a,其他科技,e24、s24,+0.077、+0.127,0.076922,0.127434,,
24,2021,預期＋修正a,非科技,e24、s24,+0.066、+0.129,0.066063,0.128821,,
24,2021,預期＋修正ab,半導體／設備／記憶體,e24、e36、s24、s36,+0.103、+0.090、+0.250、+0.080,0.103240,0.089516,0.250240,0.080131
24,2021,預期＋修正ab,軟體／網路,e24、e36、s24、s36,-0.078、+0.212、+0.115、+0.078,-0.078377,0.211845,0.114694,0.077732
24,2021,預期＋修正ab,其他科技,e24、e36、s24、s36,-0.021、+0.112、-0.003、+0.130,-0.021217,0.112035,-0.003076,0.130248
24,2021,預期＋修正ab,非科技,e24、e36、s24、s36,-0.104、+0.167、+0.060、+0.136,-0.104452,0.166517,0.059599,0.135724
24,2021,預期b＋修正ab,半導體／設備／記憶體,e36、s24、s36,+0.186、+0.244、+0.085,0.186232,0.243806,0.085105,
24,2021,預期b＋修正ab,軟體／網路,e36、s24、s36,+0.134、+0.127、+0.069,0.133849,0.127454,0.069267,
24,2021,預期b＋修正ab,其他科技,e36、s24、s36,+0.094、-0.002、+0.129,0.093666,-0.002043,0.129414,
24,2021,預期b＋修正ab,非科技,e36、s24、s36,+0.070、+0.064、+0.130,0.069732,0.063748,0.130096,
24,2022,原始成長a,半導體／設備／記憶體,g24,+0.210,0.209797,,,
24,2022,原始成長a,軟體／網路,g24,+0.123,0.123312,,,
24,2022,原始成長a,其他科技,g24,+0.137,0.136502,,,
24,2022,原始成長a,非科技,g24,+0.110,0.109701,,,
24,2022,原始成長ab,半導體／設備／記憶體,g24、g36,+0.108、+0.128,0.108289,0.127812,,
24,2022,原始成長ab,軟體／網路,g24、g36,+0.060、+0.095,0.060341,0.095388,,
24,2022,原始成長ab,其他科技,g24、g36,+0.074、+0.110,0.073908,0.109776,,
24,2022,原始成長ab,非科技,g24、g36,+0.030、+0.113,0.029670,0.113404,,
24,2022,修正a,半導體／設備／記憶體,s24,+0.278,0.277957,,,
24,2022,修正a,軟體／網路,s24,+0.141,0.141245,,,
24,2022,修正a,其他科技,s24,+0.146,0.146101,,,
24,2022,修正a,非科技,s24,+0.131,0.130965,,,
24,2022,預期＋修正a,半導體／設備／記憶體,e24、s24,+0.160、+0.293,0.159787,0.293179,,
24,2022,預期＋修正a,軟體／網路,e24、s24,+0.094、+0.155,0.094427,0.154673,,
24,2022,預期＋修正a,其他科技,e24、s24,+0.081、+0.158,0.080904,0.157689,,
24,2022,預期＋修正a,非科技,e24、s24,+0.065、+0.134,0.064618,0.134398,,
24,2022,預期＋修正ab,半導體／設備／記憶體,e24、e36、s24、s36,-0.030、+0.192、+0.179、+0.128,-0.030289,0.192303,0.178705,0.127896
24,2022,預期＋修正ab,軟體／網路,e24、e36、s24、s36,+0.023、+0.083、+0.148、+0.076,0.022535,0.082855,0.148442,0.075702
24,2022,預期＋修正ab,其他科技,e24、e36、s24、s36,-0.005、+0.053、+0.063、+0.154,-0.005145,0.053410,0.062584,0.153639
24,2022,預期＋修正ab,非科技,e24、e36、s24、s36,-0.126、+0.196、+0.067、+0.139,-0.126395,0.195865,0.066992,0.138782
24,2022,預期b＋修正ab,半導體／設備／記憶體,e36、s24、s36,+0.164、+0.180、+0.126,0.163502,0.180140,0.126447,
24,2022,預期b＋修正ab,軟體／網路,e36、s24、s36,+0.105、+0.145、+0.078,0.104775,0.144867,0.078034,
24,2022,預期b＋修正ab,其他科技,e36、s24、s36,+0.049、+0.063、+0.153,0.048672,0.062757,0.153446,
24,2022,預期b＋修正ab,非科技,e36、s24、s36,+0.075、+0.073、+0.132,0.075482,0.072546,0.131997,
24,2023,原始成長a,半導體／設備／記憶體,g24,+0.215,0.214913,,,
24,2023,原始成長a,軟體／網路,g24,+0.112,0.112303,,,
24,2023,原始成長a,其他科技,g24,+0.123,0.123251,,,
24,2023,原始成長a,非科技,g24,+0.111,0.111377,,,
24,2023,原始成長ab,半導體／設備／記憶體,g24、g36,+0.110、+0.131,0.110366,0.130938,,
24,2023,原始成長ab,軟體／網路,g24、g36,+0.061、+0.086,0.061240,0.085828,,
24,2023,原始成長ab,其他科技,g24、g36,+0.084、+0.100,0.084246,0.100330,,
24,2023,原始成長ab,非科技,g24、g36,+0.038、+0.111,0.037766,0.111252,,
24,2023,修正a,半導體／設備／記憶體,s24,+0.286,0.285841,,,
24,2023,修正a,軟體／網路,s24,+0.133,0.132824,,,
24,2023,修正a,其他科技,s24,+0.151,0.150927,,,
24,2023,修正a,非科技,s24,+0.148,0.147829,,,
24,2023,預期＋修正a,半導體／設備／記憶體,e24、s24,+0.162、+0.300,0.162352,0.299718,,
24,2023,預期＋修正a,軟體／網路,e24、s24,+0.076、+0.142,0.075738,0.142481,,
24,2023,預期＋修正a,其他科技,e24、s24,+0.058、+0.158,0.058405,0.158257,,
24,2023,預期＋修正a,非科技,e24、s24,+0.042、+0.151,0.042482,0.150625,,
24,2023,預期＋修正ab,半導體／設備／記憶體,e24、e36、s24、s36,-0.088、+0.252、+0.176、+0.151,-0.088248,0.252300,0.175908,0.151469
24,2023,預期＋修正ab,軟體／網路,e24、e36、s24、s36,+0.077、+0.010、+0.135、+0.081,0.077014,0.010076,0.135441,0.080789
24,2023,預期＋修正ab,其他科技,e24、e36、s24、s36,-0.017、+0.076、+0.100、+0.146,-0.017067,0.075791,0.100091,0.146378
24,2023,預期＋修正ab,非科技,e24、e36、s24、s36,-0.111、+0.182、+0.077、+0.138,-0.111020,0.182229,0.077248,0.137946
24,2023,預期b＋修正ab,半導體／設備／記憶體,e36、s24、s36,+0.170、+0.181、+0.147,0.170267,0.181335,0.146856,
24,2023,預期b＋修正ab,軟體／網路,e36、s24、s36,+0.083、+0.125、+0.086,0.083132,0.124917,0.085677,
24,2023,預期b＋修正ab,其他科技,e36、s24、s36,+0.060、+0.101、+0.146,0.060107,0.100669,0.145682,
24,2023,預期b＋修正ab,非科技,e36、s24、s36,+0.077、+0.081、+0.132,0.076991,0.081311,0.132094,
24,2024,原始成長a,半導體／設備／記憶體,g24,+0.213,0.212530,,,
24,2024,原始成長a,軟體／網路,g24,+0.115,0.114648,,,
24,2024,原始成長a,其他科技,g24,+0.131,0.131094,,,
24,2024,原始成長a,非科技,g24,+0.114,0.113813,,,
24,2024,原始成長ab,半導體／設備／記憶體,g24、g36,+0.110、+0.140,0.109774,0.139942,,
24,2024,原始成長ab,軟體／網路,g24、g36,+0.052、+0.088,0.052170,0.087946,,
24,2024,原始成長ab,其他科技,g24、g36,+0.057、+0.115,0.057234,0.114676,,
24,2024,原始成長ab,非科技,g24、g36,+0.037、+0.115,0.037321,0.115099,,
24,2024,修正a,半導體／設備／記憶體,s24,+0.283,0.282888,,,
24,2024,修正a,軟體／網路,s24,+0.145,0.145191,,,
24,2024,修正a,其他科技,s24,+0.183,0.182899,,,
24,2024,修正a,非科技,s24,+0.158,0.157700,,,
24,2024,預期＋修正a,半導體／設備／記憶體,e24、s24,+0.160、+0.291,0.159503,0.290674,,
24,2024,預期＋修正a,軟體／網路,e24、s24,+0.075、+0.154,0.075053,0.154083,,
24,2024,預期＋修正a,其他科技,e24、s24,+0.042、+0.188,0.042247,0.187691,,
24,2024,預期＋修正a,非科技,e24、s24,+0.036、+0.160,0.035758,0.160185,,
24,2024,預期＋修正ab,半導體／設備／記憶體,e24、e36、s24、s36,-0.129、+0.300、+0.179、+0.160,-0.129211,0.300376,0.178908,0.160093
24,2024,預期＋修正ab,軟體／網路,e24、e36、s24、s36,+0.069、+0.000、+0.112、+0.099,0.069437,0.000330,0.112219,0.099074
24,2024,預期＋修正ab,其他科技,e24、e36、s24、s36,+0.053、+0.001、+0.091、+0.167,0.052507,0.001384,0.091412,0.166732
24,2024,預期＋修正ab,非科技,e24、e36、s24、s36,-0.118、+0.165、+0.088、+0.153,-0.118218,0.165125,0.088288,0.152985
24,2024,預期b＋修正ab,半導體／設備／記憶體,e36、s24、s36,+0.182、+0.186、+0.155,0.181720,0.185631,0.154647,
24,2024,預期b＋修正ab,軟體／網路,e36、s24、s36,+0.066、+0.106、+0.103,0.065788,0.106226,0.103144,
24,2024,預期b＋修正ab,其他科技,e36、s24、s36,+0.050、+0.090、+0.168,0.049891,0.089547,0.168037,
24,2024,預期b＋修正ab,非科技,e36、s24、s36,+0.054、+0.093、+0.147,0.054160,0.092516,0.147003,
24,2025,原始成長a,半導體／設備／記憶體,g24,+0.219,0.219137,,,
24,2025,原始成長a,軟體／網路,g24,+0.110,0.109723,,,
24,2025,原始成長a,其他科技,g24,+0.140,0.140220,,,
24,2025,原始成長a,非科技,g24,+0.118,0.117937,,,
24,2025,原始成長ab,半導體／設備／記憶體,g24、g36,+0.090、+0.159,0.090090,0.159246,,
24,2025,原始成長ab,軟體／網路,g24、g36,+0.061、+0.081,0.061092,0.081136,,
24,2025,原始成長ab,其他科技,g24、g36,+0.030、+0.160,0.029795,0.159571,,
24,2025,原始成長ab,非科技,g24、g36,+0.040、+0.114,0.039673,0.113719,,
24,2025,修正a,半導體／設備／記憶體,s24,+0.276,0.276185,,,
24,2025,修正a,軟體／網路,s24,+0.147,0.146683,,,
24,2025,修正a,其他科技,s24,+0.217,0.216797,,,
24,2025,修正a,非科技,s24,+0.168,0.167837,,,
24,2025,預期＋修正a,半導體／設備／記憶體,e24、s24,+0.183、+0.283,0.183309,0.283366,,
24,2025,預期＋修正a,軟體／網路,e24、s24,+0.070、+0.153,0.069538,0.153369,,
24,2025,預期＋修正a,其他科技,e24、s24,+0.029、+0.219,0.028808,0.218724,,
24,2025,預期＋修正a,非科技,e24、s24,+0.034、+0.170,0.034030,0.169951,,
24,2025,預期＋修正ab,半導體／設備／記憶體,e24、e36、s24、s36,-0.201、+0.366、+0.154、+0.177,-0.200568,0.366226,0.153784,0.177207
24,2025,預期＋修正ab,軟體／網路,e24、e36、s24、s36,+0.110、-0.045、+0.127、+0.103,0.110229,-0.045068,0.126893,0.103224
24,2025,預期＋修正ab,其他科技,e24、e36、s24、s36,-0.055、+0.090、+0.085、+0.233,-0.054571,0.089647,0.085431,0.232960
24,2025,預期＋修正ab,非科技,e24、e36、s24、s36,-0.060、+0.097、+0.094、+0.159,-0.060147,0.096963,0.093899,0.159035
24,2025,預期b＋修正ab,半導體／設備／記憶體,e36、s24、s36,+0.184、+0.165、+0.170,0.183852,0.164766,0.170082,
24,2025,預期b＋修正ab,軟體／網路,e36、s24、s36,+0.059、+0.119、+0.110,0.059373,0.118583,0.110344,
24,2025,預期b＋修正ab,其他科技,e36、s24、s36,+0.039、+0.087、+0.232,0.039218,0.087098,0.231876,
24,2025,預期b＋修正ab,非科技,e36、s24、s36,+0.041、+0.096、+0.156,0.041010,0.096125,0.155922,
