date,core_cpi,core_pce,unrate,wti,brent,sp500_eps,cpi_shelter
1948-01,,,3.4,,,1.6433,
1948-02,,,3.8,,,1.6767,
1948-03,,,4.0,,,1.7100,
1948-04,,,3.9,,,1.7600,
1948-05,,,3.5,,,1.8100,
1948-06,,,3.6,,,1.8600,
1948-07,,,3.6,,,1.9300,
1948-08,,,3.9,,,2.0000,
1948-09,,,3.8,,,2.0700,
1948-10,,,3.7,,,2.1433,
1948-11,,,3.8,,,2.2167,
1948-12,,,4.0,,,2.2900,
1949-01,,,4.3,,,2.3200,
1949-02,,,4.7,,,2.3500,
1949-03,,,5.0,,,2.3800,
1949-04,,,5.3,,,2.3867,
1949-05,,,6.1,,,2.3933,
1949-06,,,6.2,,,2.4000,
1949-07,,,6.7,,,2.3967,
1949-08,,,6.8,,,2.3933,
1949-09,,,6.6,,,2.3900,
1949-10,,,7.9,,,2.3667,
1949-11,,,6.4,,,2.3433,
1949-12,,,6.6,,,2.3200,
1950-01,,,6.5,,,2.3367,
1950-02,,,6.4,,,2.3533,
1950-03,,,6.3,,,2.3700,
1950-04,,,5.8,,,2.4267,
1950-05,,,5.5,,,2.4833,
1950-06,,,5.4,,,2.5400,
1950-07,,,5.0,,,2.6000,
1950-08,,,4.5,,,2.6600,
1950-09,,,4.4,,,2.7200,
1950-10,,,4.2,,,2.7600,
1950-11,,,4.2,,,2.8000,
1950-12,,,4.3,,,2.8400,
1951-01,,,3.7,,,2.8367,
1951-02,,,3.4,,,2.8333,
1951-03,,,3.4,,,2.8300,
1951-04,,,3.1,,,2.7933,
1951-05,,,3.0,,,2.7567,
1951-06,,,3.2,,,2.7200,
1951-07,,,3.1,,,2.6500,
1951-08,,,3.1,,,2.5800,
1951-09,,,3.3,,,2.5100,
1951-10,,,3.5,,,2.4867,
1951-11,,,3.5,,,2.4633,
1951-12,,,3.1,,,2.4400,
1952-01,,,3.2,,,2.4267,
1952-02,,,3.1,,,2.4133,
1952-03,,,2.9,,,2.4000,
1952-04,,,2.9,,,2.3800,
1952-05,,,3.0,,,2.3600,
1952-06,,,3.0,,,2.3400,
1952-07,,,3.2,,,2.3467,
1952-08,,,3.4,,,2.3533,
1952-09,,,3.1,,,2.3600,
1952-10,,,3.0,,,2.3733,
1952-11,,,2.8,,,2.3867,
1952-12,,,2.7,,,2.4000,
1953-01,,,2.9,,,2.4100,21.7000
1953-02,,,2.6,,,2.4200,21.8000
1953-03,,,2.6,,,2.4300,21.8000
1953-04,,,2.7,,,2.4567,21.9000
1953-05,,,2.5,,,2.4833,21.9000
1953-06,,,2.5,,,2.5100,21.9000
1953-07,,,2.6,,,2.5233,22.0000
1953-08,,,2.7,,,2.5367,22.0000
1953-09,,,2.9,,,2.5500,22.1000
1953-10,,,3.1,,,2.5367,22.2000
1953-11,,,3.5,,,2.5233,22.2000
1953-12,,,4.5,,,2.5100,22.3000
1954-01,,,4.9,,,2.5233,22.3000
1954-02,,,5.2,,,2.5367,22.3000
1954-03,,,5.7,,,2.5500,22.4000
1954-04,,,5.9,,,2.5733,22.4000
1954-05,,,5.9,,,2.5967,22.5000
1954-06,,,5.6,,,2.6200,22.5000
1954-07,,,5.8,,,2.6233,22.5000
1954-08,,,6.0,,,2.6267,22.5000
1954-09,,,6.1,,,2.6300,22.6000
1954-10,,,5.7,,,2.6767,22.6000
1954-11,,,5.3,,,2.7233,22.6000
1954-12,,,5.0,,,2.7700,22.7000
1955-01,,,4.9,,,2.8333,22.7000
1955-02,,,4.7,,,2.8967,22.7000
1955-03,,,4.6,,,2.9600,22.7000
1955-04,,,4.7,,,3.0467,22.7000
1955-05,,,4.3,,,3.1333,22.7000
1955-06,,,4.2,,,3.2200,22.7000
1955-07,,,4.0,,,3.2933,22.7000
1955-08,,,4.2,,,3.3667,22.8000
1955-09,,,4.1,,,3.4400,22.8000
1955-10,,,4.3,,,3.5000,22.9000
1955-11,,,4.2,,,3.5600,22.9000
1955-12,,,4.2,,,3.6200,22.9000
1956-01,,,4.0,,,3.6433,22.9000
1956-02,,,3.9,,,3.6667,22.9000
1956-03,,,4.2,,,3.6900,22.9000
1956-04,,,4.0,,,3.6600,22.9000
1956-05,,,4.3,,,3.6300,22.9000
1956-06,,,4.3,,,3.6000,23.1000
1956-07,,,4.4,,,3.5533,23.2000
1956-08,,,4.1,,,3.5067,23.3000
1956-09,,,3.9,,,3.4600,23.3000
1956-10,,,3.9,,,3.4433,23.3000
1956-11,,,4.3,,,3.4267,23.3000
1956-12,,,4.2,,,3.4100,23.5000
1957-01,28.5,,4.2,,,3.4067,23.5000
1957-02,28.6,,3.9,,,3.4033,23.7000
1957-03,28.7,,3.7,,,3.4000,23.8000
1957-04,28.8,,3.9,,,3.4067,23.9000
1957-05,28.8,,4.1,,,3.4133,23.9000
1957-06,28.9,,4.3,,,3.4200,23.9000
1957-07,29.0,,4.2,,,3.4367,24.0000
1957-08,29.0,,4.1,,,3.4533,24.0000
1957-09,29.1,,4.4,,,3.4700,24.1000
1957-10,29.2,,4.5,,,3.4367,24.2000
1957-11,29.3,,5.1,,,3.4033,24.2000
1957-12,29.3,,5.2,,,3.3700,24.3000
1958-01,29.3,,5.8,,,3.2933,24.3000
1958-02,29.4,,6.4,,,3.2167,24.4000
1958-03,29.5,,6.7,,,3.1400,24.4000
1958-04,29.5,,7.4,,,3.0700,24.5000
1958-05,29.5,,7.4,,,3.0000,24.6000
1958-06,29.6,,7.3,,,2.9300,24.5000
1958-07,29.6,,7.5,,,2.9133,24.5000
1958-08,29.6,,7.4,,,2.8967,24.5000
1958-09,29.7,,7.1,,,2.8800,24.5000
1958-10,29.7,,6.7,,,2.8833,24.4000
1958-11,29.8,,6.2,,,2.8867,24.5000
1958-12,29.9,,6.2,,,2.8900,24.5000
1959-01,29.9,15.501,6.0,,,2.9633,24.5000
1959-02,29.9,15.513,5.9,,,3.0367,24.5000
1959-03,30.0,15.531,5.6,,,3.1100,24.6000
1959-04,30.0,15.57,5.2,,,3.2067,24.6000
1959-05,30.1,15.589,5.1,,,3.3033,24.7000
1959-06,30.2,15.635,5.0,,,3.4000,24.7000
1959-07,30.2,15.672,5.1,,,3.4100,24.7000
1959-08,30.2,15.697,5.2,,,3.4200,24.8000
1959-09,30.3,15.738,5.5,,,3.4300,24.8000
1959-10,30.4,15.765,5.7,,,3.4167,24.9000
1959-11,30.4,15.794,5.8,,,3.4033,25.0000
1959-12,30.5,15.818,5.3,,,3.3900,25.0000
1960-01,30.5,15.822,5.2,,,3.3900,25.0000
1960-02,30.6,15.852,4.8,,,3.3900,25.1000
1960-03,30.6,15.853,5.4,,,3.3900,25.1000
1960-04,30.6,15.882,5.2,,,3.3467,25.2000
1960-05,30.6,15.908,5.1,,,3.3033,25.2000
1960-06,30.7,15.917,5.4,,,3.2600,25.2000
1960-07,30.6,15.945,5.5,,,3.2633,25.2000
1960-08,30.6,15.968,5.6,,,3.2667,25.3000
1960-09,30.6,15.981,5.5,,,3.2700,25.3000
1960-10,30.8,15.99,6.1,,,3.2700,25.4000
1960-11,30.8,16.033,6.1,,,3.2700,25.4000
1960-12,30.7,16.028,6.6,,,3.2700,25.4000
1961-01,30.8,16.032,6.6,,,3.2100,25.4000
1961-02,30.8,16.048,6.9,,,3.1500,25.4000
1961-03,30.9,16.053,6.9,,,3.0900,25.4000
1961-04,30.9,16.075,7.0,,,3.0700,25.4000
1961-05,30.9,16.096,7.1,,,3.0500,25.4000
1961-06,31.0,16.12,6.9,,,3.0300,25.4000
1961-07,31.0,16.145,7.0,,,3.0367,25.5000
1961-08,31.1,16.162,6.6,,,3.0433,25.4000
1961-09,31.1,16.194,6.7,,,3.0500,25.5000
1961-10,31.1,16.199,6.5,,,3.0967,25.5000
1961-11,31.2,16.202,6.1,,,3.1433,25.6000
1961-12,31.2,16.216,6.0,,,3.1900,25.6000
1962-01,31.2,16.235,5.8,,,3.2500,25.6000
1962-02,31.2,16.262,5.5,,,3.3100,25.6000
1962-03,31.3,16.3,5.6,,,3.3700,25.6000
1962-04,31.3,16.303,5.6,,,3.4033,25.6000
1962-05,31.4,16.326,5.5,,,3.4367,25.7000
1962-06,31.4,16.356,5.5,,,3.4700,25.8000
1962-07,31.4,16.37,5.4,,,3.4900,25.8000
1962-08,31.5,16.372,5.7,,,3.5100,25.8000
1962-09,31.5,16.404,5.6,,,3.5300,25.8000
1962-10,31.5,16.403,5.4,,,3.5767,25.8000
1962-11,31.5,16.415,5.7,,,3.6233,25.8000
1962-12,31.6,16.42,5.5,,,3.6700,25.8000
1963-01,31.5,16.451,5.7,,,3.6833,25.9000
1963-02,31.6,16.47,5.9,,,3.6967,25.9000
1963-03,31.7,16.48,5.7,,,3.7100,26.0000
1963-04,31.7,16.5,5.7,,,3.7533,26.0000
1963-05,31.7,16.53,5.9,,,3.7967,26.0000
1963-06,31.8,16.558,5.6,,,3.8400,26.0000
1963-07,31.8,16.573,5.6,,,3.8800,26.1000
1963-08,31.9,16.588,5.4,,,3.9200,26.1000
1963-09,31.9,16.618,5.5,,,3.9600,26.1000
1963-10,32.0,16.655,5.5,,,3.9800,26.2000
1963-11,32.0,16.67,5.7,,,4.0000,26.2000
1963-12,32.1,16.694,5.5,,,4.0200,26.3000
1964-01,32.2,16.717,5.6,,,4.0733,26.3000
1964-02,32.2,16.749,5.4,,,4.1267,26.4000
1964-03,32.2,16.765,5.4,,,4.1800,26.4000
1964-04,32.2,16.78,5.3,,,4.2300,26.4000
1964-05,32.2,16.794,5.1,,,4.2800,26.4000
1964-06,32.3,16.806,5.2,,,4.3300,26.4000
1964-07,32.3,16.823,4.9,,,4.3767,26.5000
1964-08,32.3,16.845,5.0,,,4.4233,26.5000
1964-09,32.3,16.852,5.1,,,4.4700,26.6000
1964-10,32.4,16.859,5.1,,,4.4967,26.6000
1964-11,32.5,16.883,4.8,,,4.5233,26.7000
1964-12,32.5,16.907,5.0,,,4.5500,26.7000
1965-01,32.6,16.93,4.9,,,4.5933,26.8000
1965-02,32.6,16.95,5.1,,,4.6367,26.9000
1965-03,32.6,16.96,4.7,,,4.6800,26.9000
1965-04,32.7,16.98,4.8,,,4.7333,26.9000
1965-05,32.7,17.011,4.6,,,4.7867,26.9000
1965-06,32.7,17.007,4.6,,,4.8400,26.9000
1965-07,32.7,17.024,4.4,,,4.8867,27.0000
1965-08,32.7,17.056,4.4,,,4.9333,27.0000
1965-09,32.8,17.076,4.3,,,4.9800,27.0000
1965-10,32.8,17.07,4.2,,,5.0500,27.1000
1965-11,32.9,17.102,4.1,,,5.1200,27.2000
1965-12,33.0,17.154,4.0,,,5.1900,27.2000
1966-01,33.0,17.159,4.0,,,5.2400,27.3000
1966-02,33.1,17.201,3.8,,,5.2900,27.3000
1966-03,33.1,17.223,3.8,,,5.3400,27.4000
1966-04,33.3,17.285,3.8,,,5.3800,27.6000
1966-05,33.4,17.331,3.9,,,5.4200,27.7000
1966-06,33.5,17.387,3.8,,,5.4600,27.9000
1966-07,33.6,17.438,3.8,,,5.4767,27.9000
1966-08,33.7,17.47,3.8,,,5.4933,27.9000
1966-09,33.8,17.524,3.7,,,5.5100,28.0000
1966-10,34.0,17.581,3.7,,,5.5233,28.2000
1966-11,34.0,17.625,3.6,,,5.5367,28.2000
1966-12,34.1,17.679,3.8,,,5.5500,28.3000
1967-01,34.2,17.695,3.9,,,5.5167,28.4000
1967-02,34.2,17.727,3.8,,,5.4833,28.5000
1967-03,34.3,17.754,3.8,,,5.4500,28.4000
1967-04,34.4,17.803,3.8,,,5.4100,28.5000
1967-05,34.5,17.842,3.8,,,5.3700,28.6000
1967-06,34.6,17.887,3.9,,,5.3300,28.7000
1967-07,34.7,17.948,3.8,,,5.3200,28.8000
1967-08,34.9,18.003,3.8,,,5.3100,28.9000
1967-09,35.0,18.067,3.8,,,5.3000,28.9000
1967-10,35.1,18.134,4.0,,,5.3100,29.0000
1967-11,35.2,18.192,3.9,,,5.3200,29.1000
1967-12,35.4,18.237,3.8,,,5.3300,29.2000
1968-01,35.5,18.318,3.7,,,5.3667,29.3000
1968-02,35.7,18.397,3.8,,,5.4033,29.4000
1968-03,35.8,18.47,3.7,,,5.4400,29.5000
1968-04,35.9,18.538,3.5,,,5.4833,29.6000
1968-05,36.0,18.608,3.5,,,5.5267,29.6000
1968-06,36.2,18.681,3.7,,,5.5700,30.0000
1968-07,36.4,18.743,3.7,,,5.6000,30.3000
1968-08,36.5,18.816,3.5,,,5.6300,30.5000
1968-09,36.7,18.892,3.4,,,5.6600,30.5000
1968-10,36.9,18.969,3.4,,,5.6933,30.7000
1968-11,37.1,19.041,3.4,,,5.7267,30.9000
1968-12,37.2,19.098,3.4,,,5.7600,31.1000
1969-01,37.3,19.17,3.4,,,5.7800,31.3000
1969-02,37.6,19.236,3.4,,,5.8000,31.4000
1969-03,37.8,19.326,3.4,,,5.8200,31.8000
1969-04,38.1,19.4,3.4,,,5.8267,32.1000
1969-05,38.1,19.478,3.4,,,5.8333,32.3000
1969-06,38.3,19.545,3.5,,,5.8400,32.4000
1969-07,38.5,19.636,3.5,,,5.8567,32.7000
1969-08,38.7,19.691,3.5,,,5.8733,32.9000
1969-09,38.9,19.77,3.7,,,5.8900,33.2000
1969-10,39.1,19.855,3.7,,,5.8533,33.4000
1969-11,39.2,19.931,3.5,,,5.8167,33.6000
1969-12,39.4,20.005,3.5,,,5.7800,33.8000
1970-01,39.6,20.071,3.9,,,5.7300,34.0000
1970-02,39.8,20.148,4.2,,,5.6800,34.4000
1970-03,40.1,20.223,4.4,,,5.6300,34.8000
1970-04,40.4,20.303,4.6,,,5.5933,35.0000
1970-05,40.5,20.375,4.8,,,5.5567,35.3000
1970-06,40.8,20.448,4.9,,,5.5200,35.5000
1970-07,40.9,20.526,5.0,,,5.4667,35.6000
1970-08,41.1,20.597,5.1,,,5.4133,35.9000
1970-09,41.3,20.683,5.4,,,5.3600,36.2000
1970-10,41.5,20.785,5.5,,,5.2833,36.3000
1970-11,41.8,20.892,5.9,,,5.2067,36.5000
1970-12,42.0,20.997,6.1,,,5.1300,36.8000
1971-01,42.1,21.08,5.9,,,5.1600,36.8000
1971-02,42.2,21.16,5.9,,,5.1900,36.6000
1971-03,42.2,21.228,6.0,,,5.2200,36.4000
1971-04,42.4,21.307,5.9,,,5.2533,36.4000
1971-05,42.6,21.4,5.9,,,5.2867,36.5000
1971-06,42.8,21.485,5.9,,,5.3200,36.9000
1971-07,42.9,21.567,6.0,,,5.3567,37.0000
1971-08,43.0,21.597,6.1,,,5.3933,37.2000
1971-09,43.0,21.633,6.0,,,5.4300,37.4000
1971-10,43.1,21.667,5.8,,,5.5200,37.5000
1971-11,43.2,21.716,6.0,,,5.6100,37.7000
1971-12,43.3,21.784,6.0,,,5.7000,37.8000
1972-01,43.5,21.877,5.8,,,5.7367,38.0000
1972-02,43.6,21.936,5.7,,,5.7733,38.1000
1972-03,43.6,21.979,5.8,,,5.8100,38.2000
1972-04,43.8,22.03,5.7,,,5.8633,38.3000
1972-05,43.9,22.081,5.7,,,5.9167,38.4000
1972-06,44.0,22.126,5.7,,,5.9700,38.6000
1972-07,44.1,22.189,5.6,,,6.0267,38.8000
1972-08,44.3,22.236,5.6,,,6.0833,39.0000
1972-09,44.3,22.31,5.5,,,6.1400,39.0000
1972-10,44.4,22.323,5.6,,,6.2333,39.1000
1972-11,44.4,22.382,5.3,,,6.3267,39.2000
1972-12,44.6,22.449,5.2,,,6.4200,39.3000
1973-01,44.6,22.463,4.9,,,6.5467,39.4000
1973-02,44.8,22.534,5.0,,,6.6733,39.5000
1973-03,45.0,22.625,4.9,,,6.8000,39.6000
1973-04,45.1,22.756,5.0,,,6.9433,39.7000
1973-05,45.3,22.844,4.9,,,7.0867,39.9000
1973-06,45.4,22.943,4.9,,,7.2300,40.0000
1973-07,45.5,23.041,4.8,,,7.3833,40.1000
1973-08,45.7,23.148,4.8,,,7.5367,40.5000
1973-09,46.0,23.265,4.8,,,7.6900,41.0000
1973-10,46.3,23.355,4.6,,,7.8467,41.6000
1973-11,46.5,23.468,4.8,,,8.0033,41.8000
1973-12,46.7,23.598,4.9,,,8.1600,42.1000
1974-01,46.9,23.714,5.1,,,8.2267,42.4000
1974-02,47.2,23.865,5.2,,,8.2933,42.7000
1974-03,47.6,24.051,5.1,,,8.3600,43.0000
1974-04,47.9,24.231,5.1,,,8.4867,43.2000
1974-05,48.5,24.464,5.1,,,8.6133,43.5000
1974-06,49.0,24.715,5.4,,,8.7400,43.9000
1974-07,49.5,24.934,5.5,,,8.8633,44.4000
1974-08,50.2,25.174,5.5,,,8.9867,44.9000
1974-09,50.7,25.4,5.9,,,9.1100,45.5000
1974-10,51.2,25.599,6.0,,,9.0367,46.0000
1974-11,51.6,25.786,6.6,,,8.9633,46.3000
1974-12,52.0,25.968,7.2,,,8.8900,46.9000
1975-01,52.3,26.119,8.1,,,8.7433,47.3000
1975-02,52.8,26.304,8.1,,,8.5967,47.7000
1975-03,53.0,26.441,8.6,,,8.4500,47.9000
1975-04,53.3,26.57,8.8,,,8.2867,48.2000
1975-05,53.5,26.683,9.0,,,8.1233,48.3000
1975-06,53.8,26.813,8.8,,,7.9600,48.7000
1975-07,54.0,26.978,8.6,,,7.8933,48.9000
1975-08,54.2,27.071,8.4,,,7.8267,49.0000
1975-09,54.5,27.218,8.4,,,7.7600,49.3000
1975-10,54.8,27.354,8.4,,,7.8267,49.6000
1975-11,55.2,27.535,8.3,,,7.8933,50.0000
1975-12,55.5,27.702,8.2,,,7.9600,50.3000
1976-01,55.9,27.844,7.9,,,8.1933,50.5000
1976-02,56.2,27.955,7.7,,,8.4267,50.6000
1976-03,56.5,28.047,7.6,,,8.6600,50.7000
1976-04,56.7,28.157,7.7,,,8.8567,50.7000
1976-05,57.0,28.29,7.4,,,9.0533,50.9000
1976-06,57.2,28.405,7.6,,,9.2500,51.2000
1976-07,57.6,28.561,7.8,,,9.3500,51.6000
1976-08,57.9,28.726,7.8,,,9.4500,51.9000
1976-09,58.2,28.894,7.6,,,9.5500,52.2000
1976-10,58.5,29.036,7.7,,,9.6700,52.3000
1976-11,58.7,29.168,7.8,,,9.7900,52.4000
1976-12,58.9,29.326,7.8,,,9.9100,52.4000
1977-01,59.3,29.505,7.5,,,9.9667,52.9000
1977-02,59.7,29.686,7.6,,,10.0233,53.2000
1977-03,60.0,29.812,7.4,,,10.0800,53.5000
1977-04,60.3,29.959,7.2,,,10.1933,54.0000
1977-05,60.6,30.112,7.0,,,10.3067,54.3000
1977-06,61.0,30.292,7.2,,,10.4200,54.7000
1977-07,61.2,30.479,6.9,,,10.5167,55.2000
1977-08,61.5,30.629,7.0,,,10.6133,55.5000
1977-09,61.8,30.758,6.8,,,10.7100,55.9000
1977-10,62.0,30.907,6.8,,,10.7700,56.2000
1977-11,62.3,31.067,6.8,,,10.8300,56.6000
1977-12,62.7,31.227,6.4,,,10.8900,57.0000
1978-01,63.1,31.414,6.4,,,10.9000,57.5000
1978-02,63.4,31.535,6.3,,,10.9100,57.8000
1978-03,63.8,31.706,6.3,,,10.9200,58.3000
1978-04,64.3,31.911,6.1,,,11.0233,58.8000
1978-05,64.7,32.099,6.0,,,11.1267,59.4000
1978-06,65.2,32.278,5.9,,,11.2300,60.0000
1978-07,65.6,32.468,6.2,,,11.3433,60.7000
1978-08,66.1,32.642,5.9,,,11.4567,61.3000
1978-09,66.7,32.83,6.0,,,11.5700,62.1000
1978-10,67.2,33.071,5.8,,,11.8233,62.8000
1978-11,67.6,33.249,5.9,,,12.0767,63.3000
1978-12,68.0,33.378,6.0,,,12.3300,63.5000
1979-01,68.5,33.549,5.9,,,12.6533,64.0000
1979-02,69.2,33.659,5.9,,,12.9767,64.9000
1979-03,69.8,33.852,5.8,,,13.3000,65.5000
1979-04,70.3,34.165,5.8,,,13.5267,66.3000
1979-05,70.8,34.462,5.6,,,13.7533,67.1000
1979-06,71.3,34.655,5.7,,,13.9800,68.0000
1979-07,71.9,34.829,5.7,,,14.1967,69.0000
1979-08,72.7,35.06,6.0,,,14.4133,70.1000
1979-09,73.3,35.299,5.9,,,14.6300,71.1000
1979-10,74.0,35.557,6.0,,,14.7067,72.3000
1979-11,74.8,35.784,5.9,,,14.7833,73.5000
1979-12,75.7,36.041,6.0,,,14.8600,74.6000
1980-01,76.7,36.315,6.3,,,15.0033,75.9000
1980-02,77.5,36.677,6.3,,,15.1467,76.8000
1980-03,78.6,37.017,6.3,,,15.2900,78.1000
1980-04,79.5,37.207,6.9,,,15.1733,79.3000
1980-05,80.1,37.507,7.5,,,15.0567,80.5000
1980-06,81.0,37.756,7.6,,,14.9400,82.3000
1980-07,80.8,38.021,7.8,,,14.8400,81.3000
1980-08,81.3,38.296,7.7,,,14.7400,81.4000
1980-09,82.1,38.657,7.5,,,14.6400,82.0000
1980-10,83.0,38.975,7.5,,,14.7000,83.4000
1980-11,83.9,39.282,7.5,,,14.7600,84.7000
1980-12,84.9,39.518,7.2,,,14.8200,85.8000
1981-01,85.4,39.861,7.5,,,14.7400,86.3000
1981-02,85.9,40.152,7.4,,,14.6600,86.3000
1981-03,86.4,40.375,7.4,,,14.5800,86.7000
1981-04,87.0,40.633,7.2,,,14.7233,87.3000
1981-05,87.8,40.913,7.5,,,14.8667,88.6000
1981-06,88.6,41.117,7.5,,,15.0100,89.9000
1981-07,89.8,41.365,7.2,,,15.0967,91.5000
1981-08,90.7,41.642,7.4,,,15.1833,92.5000
1981-09,91.8,41.915,7.6,,,15.2700,93.9000
1981-10,92.1,42.165,7.9,,,15.3000,93.8000
1981-11,92.5,42.411,8.3,,,15.3300,94.0000
1981-12,93.0,42.568,8.5,,,15.3600,94.3000
1982-01,93.3,42.829,8.6,,,15.1767,94.4000
1982-02,93.8,42.994,8.9,,,14.9933,94.7000
1982-03,93.9,43.182,9.0,,,14.8100,94.2000
1982-04,94.7,43.353,9.3,,,14.5967,95.3000
1982-05,95.4,43.589,9.4,,,14.3833,96.8000
1982-06,96.1,43.808,9.6,,,14.1700,98.0000
1982-07,96.7,44.092,9.8,,,13.9667,98.5000
1982-08,97.1,44.295,9.8,,,13.7633,98.9000
1982-09,97.2,44.459,10.1,,,13.5600,98.4000
1982-10,97.5,44.741,10.4,,,13.2533,98.4000
1982-11,97.3,44.906,10.8,,,12.9467,97.9000
1982-12,97.2,45.049,10.8,,,12.6400,96.5000
1983-01,97.6,45.357,10.4,,,12.5667,97.2000
1983-02,98.0,45.525,10.4,,,12.4933,97.5000
1983-03,98.2,45.583,10.3,,,12.4200,97.6000
1983-04,98.6,45.721,10.2,,,12.4767,98.4000
1983-05,98.9,45.787,10.1,,,12.5333,98.7000
1983-06,99.2,46.001,10.1,,,12.5900,99.0000
1983-07,99.8,46.311,9.4,,,12.8267,99.4000
1983-08,100.1,46.55,9.5,,,13.0633,99.6000
1983-09,100.5,46.738,9.2,,,13.3000,100.1000
1983-10,101.0,46.821,8.8,,,13.5433,100.3000
1983-11,101.5,46.93,8.5,,,13.7867,100.7000
1983-12,101.8,46.965,8.3,,,14.0300,101.1000
1984-01,102.5,47.121,8.0,,,14.4400,101.4000
1984-02,102.8,47.418,7.8,,,14.8500,101.8000
1984-03,103.2,47.598,7.8,,,15.2600,102.3000
1984-04,103.7,47.822,7.7,,,15.5733,103.0000
1984-05,104.1,47.933,7.4,,,15.8867,103.2000
1984-06,104.5,48.046,7.2,,,16.2000,103.6000
1984-07,105.0,48.253,7.5,,,16.3200,104.3000
1984-08,105.4,48.412,7.5,,,16.4400,104.7000
1984-09,105.8,48.486,7.3,,,16.5600,105.1000
1984-10,106.2,48.595,7.4,,,16.5867,105.5000
1984-11,106.4,48.698,7.2,,,16.6133,105.8000
1984-12,106.8,48.891,7.3,,,16.6400,106.4000
1985-01,107.1,49.165,7.3,,,16.5567,106.7000
1985-02,107.7,49.42,7.2,,,16.4733,107.4000
1985-03,108.1,49.593,7.2,,,16.3900,107.8000
1985-04,108.4,49.652,7.3,,,16.1300,108.1000
1985-05,108.8,49.823,7.2,,,15.8700,109.2000
1985-06,109.1,49.988,7.4,,,15.6100,109.6000
1985-07,109.4,50.134,7.4,,,15.4833,110.1000
1985-08,109.8,50.38,7.1,,,15.3567,110.8000
1985-09,110.0,50.484,7.1,,,15.2300,111.0000
1985-10,110.5,50.565,7.1,,,15.0233,111.5000
1985-11,111.1,50.689,7.0,,,14.8167,112.3000
1985-12,111.4,50.827,7.0,,,14.6100,112.7000
1986-01,111.9,51.101,6.7,22.93,,14.5800,113.2000
1986-02,112.2,51.233,7.2,15.46,,14.5500,113.5000
1986-03,112.5,51.389,7.2,12.61,,14.5200,114.3000
1986-04,112.9,51.482,7.1,12.84,,14.5833,115.0000
1986-05,113.1,51.57,7.2,15.38,,14.6467,115.2000
1986-06,113.4,51.725,7.2,13.43,,14.7100,115.6000
1986-07,113.8,51.819,7.0,11.59,,14.7567,115.9000
1986-08,114.2,51.925,6.9,15.1,,14.8033,116.3000
1986-09,114.6,52.096,7.0,14.87,,14.8500,116.9000
1986-10,115.0,52.273,7.0,14.9,,14.7267,117.5000
1986-11,115.3,52.384,6.9,15.22,,14.6033,117.8000
1986-12,115.6,52.452,6.6,16.11,,14.4800,118.1000
1987-01,115.9,52.578,6.6,18.65,,14.6867,118.6000
1987-02,116.2,52.685,6.6,17.75,,14.8933,119.1000
1987-03,116.6,52.841,6.6,18.3,,15.1000,119.5000
1987-04,117.3,53.065,6.3,18.68,,14.8733,120.3000
1987-05,117.7,53.214,6.3,19.44,18.58,14.6467,120.7000
1987-06,117.9,53.36,6.2,20.07,18.86,14.4200,121.0000
1987-07,118.3,53.498,6.1,21.34,19.86,14.9000,121.1000
1987-08,118.7,53.679,6.0,20.31,18.98,15.3800,121.9000
1987-09,119.2,53.892,5.9,19.53,18.31,15.8600,122.4000
1987-10,119.8,54.122,6.0,19.86,18.76,16.4067,123.1000
1987-11,120.1,54.235,5.8,18.85,17.78,16.9533,123.4000
1987-12,120.4,54.349,5.7,17.28,17.05,17.5000,124.1000
1988-01,120.9,54.606,5.7,17.13,16.75,17.8633,124.6000
1988-02,121.2,54.718,5.7,16.8,15.73,18.2267,125.1000
1988-03,121.7,54.952,5.7,16.2,14.73,18.5900,125.5000
1988-04,122.3,55.219,5.4,17.86,16.6,19.6167,126.0000
1988-05,122.7,55.407,5.6,17.42,16.31,20.6433,126.3000
1988-06,123.2,55.641,5.4,16.53,15.54,21.6700,126.8000
1988-07,123.6,55.868,5.4,15.5,14.91,22.0233,127.2000
1988-08,124.0,56.007,5.6,15.52,14.89,22.3767,127.8000
1988-09,124.7,56.307,5.4,14.54,13.18,22.7300,128.3000
1988-10,125.2,56.521,5.4,13.77,12.41,23.0733,128.6000
1988-11,125.6,56.676,5.3,14.14,13.02,23.4167,129.2000
1988-12,126.0,56.864,5.3,16.38,15.31,23.7500,129.6000
1989-01,126.5,57.152,5.4,18.02,17.17,24.1600,129.8000
1989-02,126.9,57.297,5.2,17.94,16.89,24.5600,130.4000
1989-03,127.4,57.468,5.0,19.48,18.7,24.9600,131.0000
1989-04,127.8,57.661,5.2,21.07,20.32,25.0467,131.4000
1989-05,128.3,57.833,5.2,20.12,18.63,25.1333,132.0000
1989-06,128.8,57.987,5.3,20.05,17.67,25.2200,132.4000
1989-07,129.2,58.136,5.2,19.78,17.62,24.7100,133.2000
1989-08,129.5,58.217,5.2,18.58,16.77,24.2000,133.7000
1989-09,129.9,58.419,5.3,19.59,17.77,23.6900,133.9000
1989-10,130.6,58.631,5.3,20.1,18.91,23.4267,134.8000
1989-11,131.1,58.787,5.4,19.86,18.73,23.1633,135.4000
1989-12,131.6,58.954,5.4,21.1,19.84,22.8700,136.0000
1990-01,132.1,59.181,5.4,22.86,21.25,22.4900,136.3000
1990-02,132.7,59.468,5.3,22.11,19.81,22.0800,136.6000
1990-03,133.5,59.754,5.2,20.39,18.39,21.6700,137.6000
1990-04,134.0,59.932,5.4,18.43,16.61,21.5333,138.2000
1990-05,134.4,60.115,5.4,18.2,16.35,21.3967,138.6000
1990-06,135.1,60.349,5.2,16.7,15.1,21.2600,139.6000
1990-07,135.8,60.501,5.5,18.45,17.17,21.4200,140.7000
1990-08,136.6,60.753,5.7,27.31,27.17,21.5800,141.8000
1990-09,137.1,60.965,5.9,33.51,34.9,21.7400,142.1000
1990-10,137.6,61.172,5.9,36.04,36.02,21.6067,142.4000
1990-11,138.0,61.246,6.2,32.33,33.07,21.4733,142.6000
1990-12,138.6,61.331,6.3,27.28,28.27,21.3400,143.2000
1991-01,139.5,61.637,6.4,25.23,23.57,21.1833,144.2000
1991-02,140.2,61.807,6.6,20.48,19.54,21.0267,144.5000
1991-03,140.5,61.936,6.8,19.9,19.08,20.9400,144.8000
1991-04,140.9,62.06,6.7,20.83,19.18,20.3633,145.2000
1991-05,141.3,62.307,6.9,21.23,19.19,19.8567,145.6000
1991-06,141.8,62.442,6.9,20.19,18.17,19.4100,145.9000
1991-07,142.3,62.632,6.8,21.4,19.4,18.8400,146.4000
1991-08,142.9,62.804,6.9,21.69,19.77,18.3300,146.7000
1991-09,143.4,63.055,6.9,21.89,20.5,17.8200,147.2000
1991-10,143.7,63.194,7.0,23.23,22.21,17.2033,147.7000
1991-11,144.2,63.312,7.0,22.46,21.11,16.5867,148.2000
1991-12,144.7,63.468,7.3,19.5,18.41,15.9700,148.9000
1992-01,145.1,63.641,7.3,18.79,18.16,16.0467,149.4000
1992-02,145.4,63.814,7.4,19.01,18.05,16.1233,149.6000
1992-03,145.9,63.973,7.4,18.92,17.63,16.1900,150.0000
1992-04,146.3,64.183,7.4,20.23,18.92,16.4833,150.2000
1992-05,146.8,64.273,7.6,20.98,19.89,16.7667,150.6000
1992-06,147.1,64.323,7.8,22.39,21.16,17.0500,151.1000
1992-07,147.6,64.566,7.7,21.78,20.24,17.3800,151.4000
1992-08,147.9,64.625,7.6,21.34,19.74,17.7100,151.7000
1992-09,148.1,64.73,7.6,21.88,20.27,18.0400,151.8000
1992-10,148.8,64.979,7.3,21.69,20.26,18.3900,152.5000
1992-11,149.2,65.121,7.4,20.34,19.21,18.7400,152.9000
1992-12,149.6,65.242,7.4,19.41,18.14,19.0900,153.2000
1993-01,150.1,65.432,7.3,19.03,17.39,19.3400,153.8000
1993-02,150.6,65.557,7.1,20.09,18.47,19.5900,154.1000
1993-03,150.8,65.7,7.0,20.32,18.79,19.8400,154.3000
1993-04,151.4,65.891,7.1,20.25,18.67,19.6700,155.0000
1993-05,151.8,66.114,7.1,19.95,18.51,19.5000,155.3000
1993-06,152.1,66.177,7.0,19.09,17.65,19.3300,155.8000
1993-07,152.3,66.314,6.9,17.89,16.78,19.6900,155.9000
1993-08,152.8,66.438,6.8,18.01,16.7,20.0500,156.2000
1993-09,152.9,66.538,6.7,17.5,16.01,20.4100,156.5000
1993-10,153.4,66.647,6.8,18.15,16.61,20.9000,156.9000
1993-11,153.9,66.819,6.6,16.61,15.2,21.3900,157.3000
1993-12,154.3,66.849,6.5,14.52,13.73,21.8900,157.8000
1994-01,154.5,66.902,6.6,15.03,14.29,22.1567,158.2000
1994-02,154.8,67.047,6.6,14.78,13.8,22.4333,158.8000
1994-03,155.3,67.275,6.5,14.68,13.82,22.7100,159.4000
1994-04,155.5,67.376,6.4,16.42,15.23,23.5400,159.5000
1994-05,155.9,67.526,6.1,17.89,16.19,24.3700,159.9000
1994-06,156.4,67.676,6.1,19.06,16.76,25.2000,160.1000
1994-07,156.7,67.818,6.1,19.66,17.6,25.9100,160.4000
1994-08,157.1,67.894,6.0,18.38,16.89,26.6200,161.2000
1994-09,157.5,67.997,5.9,17.45,15.9,27.3300,161.6000
1994-10,157.8,68.157,5.8,17.72,16.49,28.4200,162.1000
1994-11,158.2,68.282,5.6,18.07,17.19,29.5100,162.6000
1994-12,158.3,68.305,5.5,17.16,15.93,30.6000,162.5000
1995-01,159.0,68.475,5.6,18.04,16.55,31.2500,163.1000
1995-02,159.4,68.587,5.4,18.57,17.11,31.9000,163.5000
1995-03,159.9,68.755,5.4,18.54,17.01,32.5500,164.0000
1995-04,160.4,68.915,5.8,19.9,18.65,33.1767,164.5000
1995-05,160.7,69.032,5.6,19.74,18.35,33.8033,165.1000
1995-06,161.1,69.092,5.6,18.45,17.31,34.4300,165.5000
1995-07,161.4,69.201,5.7,17.33,15.85,34.6800,166.0000
1995-08,161.8,69.367,5.7,18.02,16.1,34.9300,166.3000
1995-09,162.2,69.458,5.6,18.23,16.7,35.1800,166.9000
1995-10,162.7,69.627,5.5,17.43,16.11,34.7733,167.4000
1995-11,163.0,69.672,5.6,17.99,16.86,34.3667,167.9000
1995-12,163.1,69.77,5.6,19.03,17.93,33.9600,168.2000
1996-01,163.7,69.849,5.6,18.86,17.85,33.9867,168.7000
1996-02,164.0,69.94,5.5,19.09,18.0,34.0133,169.1000
1996-03,164.4,70.102,5.5,21.33,19.85,34.0400,169.6000
1996-04,164.6,70.197,5.6,23.5,20.9,34.3300,169.9000
1996-05,165.0,70.319,5.6,21.17,19.15,34.6200,170.4000
1996-06,165.4,70.373,5.3,20.42,18.46,34.9100,170.7000
1996-07,165.7,70.505,5.5,21.3,19.57,35.2733,171.4000
1996-08,166.0,70.566,5.1,21.9,20.51,35.6367,171.8000
1996-09,166.5,70.78,5.2,23.97,22.63,36.0000,172.1000
1996-10,166.8,70.948,5.2,24.88,24.16,36.9100,172.5000
1996-11,167.2,71.041,5.4,23.71,22.76,37.8200,173.0000
1996-12,167.4,71.068,5.4,25.23,23.78,38.7300,173.1000
1997-01,167.8,71.144,5.3,25.13,23.54,39.2333,173.8000
1997-02,168.1,71.29,5.2,22.18,20.85,39.7367,174.3000
1997-03,168.4,71.46,5.2,20.97,19.13,40.2400,174.6000
1997-04,168.9,71.6,5.1,19.7,17.56,40.3433,175.1000
1997-05,169.2,71.652,4.9,20.82,19.02,40.4467,175.6000
1997-06,169.4,71.758,5.0,19.26,17.58,40.5500,176.0000
1997-07,169.7,71.807,4.9,19.66,18.46,40.5800,176.5000
1997-08,169.8,71.778,4.8,19.95,18.6,40.6100,177.0000
1997-09,170.2,71.927,4.9,19.8,18.46,40.6400,177.4000
1997-10,170.6,72.036,4.7,21.33,19.87,40.3333,177.9000
1997-11,170.8,72.058,4.6,20.19,19.17,40.0267,178.4000
1997-12,171.2,72.1,4.7,18.33,17.18,39.7200,178.9000
1998-01,171.6,72.21,4.6,16.72,15.19,39.6600,179.4000
1998-02,171.9,72.272,4.6,16.06,14.07,39.6000,179.8000
1998-03,172.2,72.349,4.7,15.12,13.1,39.5400,180.3000
1998-04,172.5,72.482,4.3,15.35,13.53,39.3500,180.8000
1998-05,172.9,72.552,4.4,14.91,14.36,39.1600,181.4000
1998-06,173.2,72.461,4.5,13.72,12.21,38.9700,181.8000
1998-07,173.5,72.665,4.5,14.17,12.08,38.6767,182.1000
1998-08,174.0,72.807,4.5,13.47,11.91,38.3833,182.8000
1998-09,174.2,72.795,4.6,15.03,13.34,38.0900,183.4000
1998-10,174.4,72.937,4.5,14.46,12.7,37.9633,184.0000
1998-11,174.8,72.95,4.4,13.0,11.04,37.8367,184.5000
1998-12,175.4,73.076,4.4,11.35,9.82,37.7100,185.0000
1999-01,175.6,73.18,4.3,12.52,11.11,37.9333,185.1000
1999-02,175.6,73.155,4.4,12.01,10.27,38.1567,185.3000
1999-03,175.7,73.177,4.2,14.68,12.51,38.3800,185.7000
1999-04,176.3,73.365,4.3,17.31,15.29,39.2600,186.3000
1999-05,176.5,73.435,4.2,17.72,15.23,40.1400,186.6000
1999-06,176.6,73.474,4.3,17.92,15.86,41.0200,187.0000
1999-07,177.1,73.606,4.3,20.1,19.08,42.0000,187.5000
1999-08,177.3,73.642,4.2,21.28,20.22,42.9800,187.8000
1999-09,177.8,73.837,4.2,23.8,22.54,43.9600,188.4000
1999-10,178.1,73.963,4.1,22.69,22.0,45.3633,188.6000
1999-11,178.4,74.034,4.1,25.0,24.58,46.7667,189.2000
1999-12,178.7,74.128,4.0,26.1,25.47,48.1700,189.5000
2000-01,179.3,74.306,4.0,27.26,25.51,49.0967,190.6000
2000-02,179.4,74.415,4.1,29.37,27.78,50.0233,190.9000
2000-03,180.0,74.568,4.0,29.84,27.49,50.9500,191.6000
2000-04,180.3,74.617,3.8,25.72,22.76,51.2733,191.9000
2000-05,180.7,74.697,4.0,28.79,27.74,51.5967,192.4000
2000-06,181.1,74.754,4.0,31.82,29.8,51.9200,193.1000
2000-07,181.5,74.925,4.0,29.7,28.68,52.5133,193.6000
2000-08,181.9,75.021,4.1,31.26,30.2,53.1067,194.1000
2000-09,182.3,75.203,3.9,33.88,33.14,53.7000,194.7000
2000-10,182.6,75.308,3.9,33.11,30.96,52.4667,195.3000
2000-11,183.1,75.441,3.9,34.42,32.55,51.2333,195.8000
2000-12,183.3,75.515,3.9,28.44,25.66,50.0000,196.1000
2001-01,183.9,75.796,4.2,29.59,25.62,48.4800,196.8000
2001-02,184.4,75.93,4.2,29.61,27.5,46.9600,197.5000
2001-03,184.7,76.009,4.3,27.25,24.5,45.4400,198.3000
2001-04,185.1,76.13,4.4,27.49,25.66,42.5567,198.8000
2001-05,185.3,76.148,4.3,28.63,28.31,39.6733,199.6000
2001-06,186.0,76.318,4.5,27.6,27.85,36.7900,200.5000
2001-07,186.4,76.515,4.6,26.43,24.61,33.9633,200.9000
2001-08,186.7,76.553,4.9,27.37,25.68,31.1367,201.8000
2001-09,187.1,76.118,5.0,26.2,25.62,28.3100,202.0000
2001-10,187.4,76.654,5.3,22.17,20.54,27.1033,202.5000
2001-11,188.1,76.81,5.5,19.64,18.8,25.8967,203.5000
2001-12,188.4,76.828,5.7,19.39,18.71,24.6900,204.3000
2002-01,188.7,76.871,5.7,19.72,19.42,24.6933,205.1000
2002-02,189.1,77.018,5.7,20.72,20.28,24.6967,206.0000
2002-03,189.2,77.11,5.7,24.53,23.7,24.7000,206.3000
2002-04,189.7,77.325,5.9,26.18,25.73,25.3800,207.0000
2002-05,190.0,77.411,5.8,27.04,25.35,26.0600,207.4000
2002-06,190.2,77.534,5.8,25.52,24.08,26.7400,207.8000
2002-07,190.5,77.692,5.8,26.97,25.74,27.8400,208.2000
2002-08,191.1,77.845,5.7,28.39,26.65,28.9400,208.9000
2002-09,191.3,77.972,5.7,29.66,28.4,30.0400,209.4000
2002-10,191.5,78.038,5.7,28.84,27.54,29.2233,209.7000
2002-11,191.9,78.114,5.9,26.35,24.34,28.4067,210.4000
2002-12,192.1,78.187,6.0,29.46,28.33,27.5900,210.8000
2003-01,192.4,78.24,5.8,32.95,31.18,28.5000,211.5000
2003-02,192.5,78.348,5.9,35.83,32.77,29.4100,211.6000
2003-03,192.5,78.474,5.9,33.51,30.61,30.3200,211.5000
2003-04,192.5,78.561,6.0,28.17,25.0,31.7300,211.6000
2003-05,192.9,78.674,6.1,28.11,25.86,33.1400,212.6000
2003-06,193.0,78.718,6.3,30.66,27.65,34.5500,212.6000
2003-07,193.4,78.915,6.2,30.76,28.35,35.8933,213.2000
2003-08,193.6,79.004,6.1,31.57,29.89,37.2367,213.6000
2003-09,193.7,79.114,6.1,28.31,27.11,38.5800,214.0000
2003-10,194.0,79.26,6.0,30.34,29.61,41.9667,214.7000
2003-11,194.0,79.368,5.8,31.11,28.75,45.3533,215.1000
2003-12,194.2,79.467,5.7,32.13,29.81,48.7400,215.5000
2004-01,194.6,79.671,5.7,34.31,31.28,49.8267,215.9000
2004-02,194.9,79.8,5.6,34.69,30.86,50.9133,215.8000
2004-03,195.5,79.934,5.8,36.74,33.63,52.0000,217.0000
2004-04,195.9,80.142,5.6,36.75,33.59,53.3833,217.8000
2004-05,196.2,80.252,5.6,40.28,37.57,54.7667,218.5000
2004-06,196.6,80.379,5.6,38.03,35.18,56.1500,218.9000
2004-07,196.8,80.474,5.5,40.78,38.22,56.6900,219.3000
2004-08,196.9,80.505,5.4,44.9,42.74,57.2300,219.6000
2004-09,197.5,80.656,5.4,45.94,43.2,57.7700,220.4000
2004-10,197.9,80.831,5.5,53.28,49.78,58.0300,220.7000
2004-11,198.3,81.005,5.4,48.47,43.11,58.2900,220.9000
2004-12,198.6,81.109,5.4,43.15,39.6,58.5500,221.3000
2005-01,199.0,81.401,5.3,46.84,44.51,59.1067,221.7000
2005-02,199.4,81.536,5.4,48.15,45.48,59.6633,222.5000
2005-03,200.1,81.737,5.2,54.19,53.1,60.2200,223.7000
2005-04,200.2,81.831,5.2,52.98,51.88,61.2333,223.7000
2005-05,200.5,81.999,5.1,49.83,48.65,62.2467,223.8000
2005-06,200.6,82.056,5.0,56.35,54.35,63.2600,224.0000
2005-07,200.9,82.176,5.0,59.0,57.52,64.3300,224.6000
2005-08,201.1,82.243,4.9,64.99,63.98,65.4000,224.9000
2005-09,201.3,82.425,5.0,65.59,62.91,66.4700,224.6000
2005-10,202.0,82.662,5.0,62.26,58.54,67.5900,225.8000
2005-11,202.5,82.873,5.0,58.32,55.24,68.7100,226.5000
2005-12,202.8,82.959,4.9,59.41,56.86,69.8300,227.1000
2006-01,203.2,83.145,4.7,65.49,62.99,70.7767,227.5000
2006-02,203.6,83.279,4.8,61.63,60.21,71.7233,228.3000
2006-03,204.3,83.509,4.7,62.69,62.06,72.6700,229.3000
2006-04,204.8,83.764,4.7,69.44,70.26,73.2767,230.1000
2006-05,205.4,83.974,4.6,70.84,69.78,73.8833,231.0000
2006-06,205.9,84.186,4.6,70.95,68.56,74.4900,231.9000
2006-07,206.3,84.268,4.7,74.41,73.67,75.8500,232.7000
2006-08,206.8,84.44,4.7,73.04,73.23,77.2100,233.5000
2006-09,207.2,84.573,4.5,63.8,61.96,78.5700,234.0000
2006-10,207.6,84.726,4.4,58.89,57.81,79.5500,235.0000
2006-11,207.8,84.766,4.5,59.08,58.76,80.5300,235.8000
2006-12,208.1,84.88,4.4,61.96,62.47,81.5100,236.5000
2007-01,208.6,85.224,4.6,54.51,53.68,82.0567,237.2550
2007-02,209.135,85.408,4.5,59.28,57.56,82.6033,238.1070
2007-03,209.418,85.494,4.4,60.44,62.05,83.1500,238.5380
2007-04,209.747,85.616,4.5,63.98,67.49,83.7400,239.1400
2007-05,210.058,85.717,4.4,63.46,67.21,84.3300,239.6370
2007-06,210.392,85.859,4.6,67.49,71.05,84.9200,240.3450
2007-07,210.773,85.988,4.7,74.12,76.93,82.8133,240.8430
2007-08,211.119,86.116,4.6,72.36,70.76,80.7067,241.4500
2007-09,211.554,86.351,4.7,79.92,77.17,78.6000,242.0370
2007-10,212.077,86.576,4.7,85.8,82.34,74.4600,242.5810
2007-11,212.66,86.746,4.7,94.77,92.41,70.3200,243.3050
2007-12,213.168,86.92,5.0,91.69,90.93,66.1800,243.9790
2008-01,213.771,87.093,5.0,92.97,92.18,64.2500,244.5640
2008-02,213.939,87.178,4.9,95.39,94.99,62.3200,244.9260
2008-03,214.42,87.349,5.1,105.45,103.64,60.3900,245.6590
2008-04,214.56,87.4,5.0,112.58,109.07,57.3833,245.6080
2008-05,214.936,87.559,5.4,125.4,122.8,54.3767,245.9020
2008-06,215.424,87.76,5.6,133.88,132.32,51.3700,246.4060
2008-07,215.965,87.918,5.8,133.37,132.72,49.5633,246.8630
2008-08,216.393,88.026,6.1,116.67,113.24,47.7567,247.2080
2008-09,216.713,88.116,6.1,104.11,97.23,45.9500,247.7230
2008-10,216.788,87.991,6.5,76.61,71.58,35.5933,247.9950
2008-11,216.947,87.952,6.8,57.31,52.45,25.2367,248.4860
2008-12,216.925,87.909,7.3,41.12,39.95,14.8800,248.5080
2009-01,217.346,87.882,7.8,41.71,43.44,12.2067,248.9630
2009-02,217.792,87.952,8.3,39.09,43.32,9.5333,249.0870
2009-03,218.253,88.015,8.7,47.94,46.54,6.8600,249.3600
2009-04,218.706,88.211,9.0,49.65,50.18,7.0767,249.5790
2009-05,218.904,88.279,9.4,59.03,57.3,7.2933,249.6430
2009-06,219.112,88.392,9.5,69.64,68.61,7.5100,249.4920
2009-07,219.263,88.468,9.5,64.15,64.44,9.1867,249.1490
2009-08,219.496,88.599,9.6,71.05,72.51,10.8633,249.5190
2009-09,219.92,88.755,9.8,69.41,67.65,12.5400,249.4150
2009-10,220.501,89.082,10.0,75.72,72.77,25.3500,249.6430
2009-11,220.666,89.16,9.9,77.99,76.66,38.1600,249.2110
2009-12,220.881,89.236,9.9,74.47,74.46,50.9700,249.2190
2010-01,220.633,89.368,9.8,78.33,76.17,54.2900,248.0340
2010-02,220.731,89.446,9.8,76.39,73.75,57.6100,247.9970
2010-03,220.783,89.579,9.9,81.2,78.83,60.9300,247.9140
2010-04,220.822,89.625,9.9,84.29,84.82,62.9867,247.9590
2010-05,220.962,89.724,9.6,73.74,75.95,65.0433,248.1280
2010-06,221.194,89.767,9.4,75.34,74.76,67.1000,248.2950
2010-07,221.363,89.769,9.4,76.32,75.58,68.6867,248.4300
2010-08,221.509,89.855,9.5,76.6,77.04,70.2733,248.4300
2010-09,221.711,89.906,9.5,75.24,77.84,71.8600,248.5680
2010-10,221.83,90.043,9.4,81.89,82.67,73.6900,248.6920
2010-11,222.149,90.16,9.8,84.25,85.28,75.5200,248.9930
2010-12,222.343,90.179,9.3,89.15,91.45,77.3500,249.2840
2011-01,222.803,90.372,9.1,89.17,96.52,78.6700,249.6210
2011-02,223.213,90.53,9.0,88.58,103.72,79.9900,249.9240
2011-03,223.454,90.667,9.0,102.86,114.64,81.3100,250.1580
2011-04,223.727,90.875,9.1,109.53,123.26,82.1633,250.4120
2011-05,224.175,91.091,9.0,100.9,114.99,83.0167,250.6600
2011-06,224.697,91.191,9.1,96.26,113.83,83.8700,251.1780
2011-07,225.218,91.326,9.0,97.3,116.97,84.9067,251.8340
2011-08,225.862,91.508,9.0,86.33,110.22,85.9433,252.3290
2011-09,226.118,91.57,9.0,85.52,112.83,86.9800,252.6680
2011-10,226.506,91.614,8.8,86.32,109.55,86.9700,253.1840
2011-11,226.899,91.808,8.6,97.16,110.77,86.9600,253.6190
2011-12,227.405,91.96,8.5,98.56,107.87,86.9500,254.1500
2012-01,227.877,92.235,8.3,100.27,110.69,87.4800,254.5120
2012-02,228.034,92.364,8.3,102.2,119.33,88.0100,254.9510
2012-03,228.478,92.521,8.2,106.16,125.45,88.5400,255.4740
2012-04,228.905,92.661,8.2,103.32,119.75,88.3333,256.0560
2012-05,229.224,92.755,8.2,94.66,110.34,88.1267,256.4510
2012-06,229.623,92.85,8.2,82.3,95.16,87.9200,256.8130
2012-07,229.97,92.946,8.2,87.9,102.62,87.4467,257.1530
2012-08,230.233,93.005,8.1,94.13,113.36,86.9733,257.6470
2012-09,230.659,93.119,7.8,94.51,112.86,86.5000,258.2330
2012-10,231.024,93.345,7.8,89.49,111.71,86.5033,258.8160
2012-11,231.33,93.445,7.7,86.53,109.06,86.5067,259.2160
2012-12,231.725,93.514,7.9,87.86,109.49,86.5100,259.6440
2013-01,232.229,93.703,8.0,94.76,112.96,86.9067,260.1420
2013-02,232.569,93.805,7.7,95.31,116.05,87.3033,260.7190
2013-03,232.794,93.891,7.5,92.94,108.47,87.7000,261.1760
2013-04,232.832,93.937,7.6,92.02,102.25,88.7833,261.6790
2013-05,232.996,94.047,7.5,94.51,102.56,89.8667,262.2630
2013-06,233.35,94.209,7.5,95.77,102.92,90.9500,262.7970
2013-07,233.88,94.329,7.3,104.67,107.93,92.0900,263.2390
2013-08,234.336,94.431,7.2,106.57,111.28,93.2300,263.8600
2013-09,234.7,94.543,7.2,106.29,111.6,94.3700,264.3210
2013-10,234.921,94.703,7.2,100.54,109.08,96.3133,264.6840
2013-11,235.359,94.86,6.9,93.86,107.79,98.2567,265.4960
2013-12,235.759,94.961,6.7,97.63,110.76,100.2000,266.2280
2014-01,235.961,95.064,6.6,94.62,108.12,100.4167,266.8920
2014-02,236.185,95.109,6.7,100.82,108.9,100.6333,267.4810
2014-03,236.625,95.25,6.7,100.8,107.48,100.8500,268.2870
2014-04,237.072,95.413,6.2,102.07,107.76,101.6067,268.9230
2014-05,237.529,95.574,6.3,102.18,109.54,102.3633,269.7150
2014-06,237.837,95.682,6.1,105.79,111.8,103.1200,270.1490
2014-07,238.195,95.848,6.2,103.59,106.77,104.0667,270.8910
2014-08,238.405,95.885,6.1,96.54,101.61,105.0133,271.4930
2014-09,238.786,96.013,5.9,93.21,97.09,105.9600,272.1180
2014-10,239.191,96.096,5.7,84.4,87.43,104.7433,272.7300
2014-11,239.458,96.181,5.8,75.79,79.44,103.5267,273.4360
2014-12,239.584,96.249,5.6,59.29,62.34,102.3100,273.9970
2015-01,239.811,96.214,5.7,47.22,47.76,101.2900,274.7620
2015-02,240.172,96.324,5.5,50.58,58.1,100.2700,275.4700
2015-03,240.755,96.47,5.4,47.82,55.89,99.2500,276.2580
2015-04,241.346,96.648,5.4,54.45,59.52,97.8033,277.0030
2015-05,241.688,96.766,5.6,59.27,64.08,96.3567,277.5240
2015-06,242.064,96.882,5.3,59.82,61.48,94.9100,278.2840
2015-07,242.565,96.978,5.2,50.9,56.56,93.4933,279.3290
2015-08,242.817,97.056,5.1,42.87,46.52,92.0767,279.9210
2015-09,243.316,97.196,5.0,45.48,47.62,90.6600,280.7370
2015-10,243.768,97.228,5.0,46.22,48.43,89.2833,281.4290
2015-11,244.241,97.332,5.1,42.44,44.27,87.9067,282.1290
2015-12,244.547,97.396,5.0,37.19,38.01,86.5300,282.7790
2016-01,244.955,97.567,4.8,31.68,30.7,86.5000,283.7140
2016-02,245.51,97.736,4.9,30.32,32.18,86.4700,284.5020
2016-03,245.913,97.876,5.0,37.55,38.21,86.4400,285.1220
2016-04,246.551,98.117,5.1,40.75,41.58,86.6000,285.8530
2016-05,247.137,98.284,4.8,46.71,46.74,86.7600,286.8550
2016-06,247.54,98.386,4.9,48.76,48.25,86.9200,287.8190
2016-07,247.829,98.529,4.8,44.65,44.95,87.6433,288.5240
2016-08,248.423,98.703,4.9,44.72,45.84,88.3667,289.3670
2016-09,248.842,98.834,5.0,45.18,46.57,89.0900,290.3690
2016-10,249.142,98.961,4.9,49.78,49.52,90.9100,291.3780
2016-11,249.481,99.005,4.7,45.66,44.73,92.7300,292.2270
2016-12,249.92,99.12,4.7,51.97,53.31,94.5500,293.0660
2017-01,250.467,99.385,4.7,52.5,54.58,96.4633,293.7690
2017-02,250.998,99.561,4.6,53.47,54.87,98.3767,294.5430
2017-03,250.944,99.519,4.4,49.33,51.59,100.2900,295.0120
2017-04,251.227,99.723,4.4,51.06,52.31,101.5333,295.7410
2017-05,251.43,99.803,4.4,48.48,50.33,102.7767,296.4610
2017-06,251.746,99.937,4.3,45.18,46.37,104.0200,297.2150
2017-07,251.985,100.01,4.3,46.63,48.48,105.0400,297.6760
2017-08,252.535,100.118,4.4,48.04,51.7,106.0600,298.9040
2017-09,252.812,100.24,4.3,49.82,56.15,107.0800,299.7110
2017-10,253.526,100.486,4.2,51.58,57.51,108.0133,300.8140
2017-11,253.816,100.535,4.2,56.64,62.71,108.9467,301.4300
2017-12,254.344,100.683,4.1,57.88,64.37,109.8800,302.4280
2018-01,255.204,101.007,4.0,63.7,69.08,111.7333,303.2130
2018-02,255.711,101.198,4.1,62.23,65.32,113.5867,303.7840
2018-03,256.271,101.419,4.0,62.73,66.02,115.4400,304.8120
2018-04,256.63,101.602,4.0,66.25,72.11,117.7867,305.7200
2018-05,257.145,101.78,3.8,69.98,76.98,120.1333,306.8080
2018-06,257.399,101.872,4.0,67.87,74.41,122.4800,307.1830
2018-07,257.699,102.006,3.8,70.98,74.25,125.1167,308.0500
2018-08,257.891,102.016,3.8,68.06,72.53,127.7533,309.0040
2018-09,258.368,102.205,3.7,70.23,78.89,130.3900,309.5220
2018-10,258.917,102.366,3.8,70.75,81.03,131.0567,310.4010
2018-11,259.439,102.556,3.8,56.96,64.75,131.7233,311.2470
2018-12,260.063,102.735,3.9,49.52,57.36,132.3900,312.1320
2019-01,260.766,102.87,4.0,51.38,59.41,133.0567,312.9980
2019-02,261.186,102.963,3.8,54.95,63.96,133.7233,314.0720
2019-03,261.567,103.058,3.8,58.15,66.14,134.3900,315.0510
2019-04,261.997,103.265,3.7,63.86,71.23,134.6833,316.1720
2019-05,262.217,103.371,3.6,60.83,71.32,134.9767,317.0300
2019-06,262.739,103.56,3.6,54.66,64.22,135.2700,317.9490
2019-07,263.28,103.678,3.7,57.35,63.92,134.4800,318.7770
2019-08,263.877,103.797,3.6,54.81,59.04,133.6900,319.3700
2019-09,264.388,103.873,3.5,56.95,62.83,132.9000,320.4360
2019-10,264.97,104.028,3.6,53.96,59.71,135.0900,320.8620
2019-11,265.548,104.092,3.6,57.03,63.21,137.2800,321.6110
2019-12,266.02,104.322,3.6,59.88,67.31,139.4700,322.2470
2020-01,266.716,104.507,3.6,57.52,63.65,131.7567,323.4870
2020-02,267.37,104.711,3.5,50.54,55.66,124.0433,324.4830
2020-03,267.054,104.632,4.4,29.21,32.01,116.3300,324.5400
2020-04,265.746,104.293,14.8,16.55,18.38,110.6300,324.3910
2020-05,265.412,104.402,13.2,28.56,29.38,104.9300,324.9730
2020-06,265.849,104.565,11.0,38.31,40.27,99.2300,325.4250
2020-07,267.389,104.937,10.2,40.71,43.24,98.8933,326.2490
2020-08,268.422,105.243,8.4,42.34,44.74,98.5567,326.7820
2020-09,268.933,105.41,7.8,39.63,40.91,98.2200,327.0430
2020-10,269.306,105.507,6.9,39.4,40.19,96.8567,327.4210
2020-11,269.981,105.605,6.7,40.94,42.69,95.4933,327.8010
2020-12,270.341,105.896,6.7,47.02,49.99,94.1300,328.2170
2021-01,270.387,106.281,6.4,52.0,54.77,105.4867,328.5350
2021-02,270.793,106.501,6.2,59.04,62.28,116.8433,329.1240
2021-03,271.459,106.933,6.1,62.33,65.41,128.2000,329.9470
2021-04,273.66,107.558,6.1,61.72,64.81,138.3867,331.2080
2021-05,275.465,108.099,5.8,65.17,68.53,148.5733,332.1110
2021-06,277.651,108.603,5.9,71.38,73.16,158.7600,333.8350
2021-07,278.648,109.058,5.4,72.49,75.17,164.3167,335.4460
2021-08,278.997,109.409,5.1,67.73,70.75,169.8733,336.0220
2021-09,279.698,109.641,4.7,71.65,74.49,175.4300,337.3570
2021-10,281.668,110.188,4.5,81.48,83.54,182.9100,338.9480
2021-11,283.406,110.77,4.1,79.15,81.05,190.3900,340.5440
2021-12,285.18,111.418,3.9,71.71,74.17,197.8700,341.9310
2022-01,286.757,111.976,4.0,83.22,86.51,197.8833,342.8580
2022-02,288.273,112.468,3.9,91.64,97.13,197.8967,344.7050
2022-03,289.056,112.914,3.7,108.5,117.25,197.9100,346.3960
2022-04,290.514,113.307,3.7,101.78,104.58,196.0267,348.2300
2022-05,292.063,113.703,3.6,109.55,113.34,194.1433,350.2040
2022-06,294.05,114.376,3.6,114.84,122.71,192.2600,352.6160
2022-07,295.088,114.628,3.5,101.62,111.93,190.5833,354.6800
2022-08,296.535,115.276,3.6,93.67,100.45,188.9067,357.0480
2022-09,298.226,115.788,3.5,84.26,89.76,187.2300,359.6010
2022-10,299.399,116.204,3.6,87.55,93.33,182.4033,362.3530
2022-11,300.325,116.539,3.6,84.37,91.42,177.5767,364.6950
2022-12,301.394,116.952,3.5,76.44,80.92,172.7500,367.4660
2023-01,302.642,117.505,3.5,78.12,82.5,173.5567,369.9110
2023-02,304.123,117.929,3.6,76.83,82.59,174.3633,372.6360
2023-03,305.147,118.315,3.5,73.28,78.43,175.1700,374.6780
2023-04,306.534,118.734,3.4,79.45,84.64,177.1700,376.4040
2023-05,307.652,119.083,3.6,71.58,75.47,179.1700,378.3040
2023-06,308.322,119.39,3.6,70.25,74.84,181.1700,380.1550
2023-07,308.96,119.556,3.5,76.07,80.11,,381.8950
2023-08,309.58,119.689,3.7,81.39,86.15,,382.9470
2023-09,310.539,120.058,3.7,89.43,93.72,,385.2850
2023-10,311.457,120.241,3.9,85.64,90.6,,386.7710
2023-11,312.392,120.374,3.7,77.69,82.94,,388.5250
2023-12,313.195,120.592,3.8,71.9,77.63,,390.1390
2024-01,314.319,121.217,3.7,74.15,80.12,,392.3220
2024-02,315.564,121.537,3.9,77.25,83.48,,394.0780
2024-03,316.792,122.009,3.9,81.28,85.41,,395.8270
2024-04,317.649,122.304,3.9,85.35,89.94,,397.1960
2024-05,318.095,122.383,3.9,80.02,81.75,,398.6890
2024-06,318.39,122.677,4.1,79.77,82.25,,399.6990
2024-07,318.94,122.911,4.2,81.8,85.15,,401.1390
2024-08,319.75,123.128,4.2,76.68,80.36,,402.8950
2024-09,320.732,123.466,4.1,70.24,74.02,,403.9560
2024-10,321.731,123.832,4.1,71.99,75.63,,405.7210
2024-11,322.657,123.962,4.2,69.95,74.35,,407.1140
2024-12,323.259,124.196,4.1,70.12,73.86,,408.1650
2025-01,324.638,124.587,4.0,75.74,79.27,,409.5790
2025-02,325.465,125.145,4.2,71.53,75.44,,410.7930
2025-03,325.69,125.267,4.2,68.24,72.73,,411.6390
2025-04,326.467,125.502,4.2,63.54,68.13,,413.0400
2025-05,326.893,125.79,4.3,62.17,64.45,,414.1090
2025-06,327.658,126.121,4.1,68.17,71.44,,414.9810
2025-07,328.682,126.43,4.3,68.39,71.04,,415.9310
2025-08,329.7,126.714,4.3,64.86,67.87,,417.5550
2025-09,330.418,126.954,4.4,63.96,67.99,,418.4220
2025-10,,127.243,,60.89,64.54,,
2025-11,331.043,127.469,4.5,60.06,63.8,,419.4310
2025-12,331.814,127.886,4.4,57.97,62.54,,421.0390
2026-01,332.793,128.455,4.3,60.04,66.6,,421.9650
2026-02,333.512,128.961,4.4,64.51,70.89,,422.9420
2026-03,334.165,129.343,4.3,91.38,103.13,,424.0690
2026-04,335.423,129.681,4.3,100.32,117.29,,426.6420
2026-05,336.121,130.147,4.3,102.13,107.14,,427.9980
2026-06,336.065,130.338,4.2,84.81,85.4,,428.5010
2026-07,336.789,130.658,4.1,80.46,83.76,,429.0950
2026-08,337.765,,4.1,83.9,91.08,,
