cik,ticker,status,quarters,prices,splits,share_scale_fixed
1750,AIR,ok,68.0,28.0,2.0,2.0
2098,,no v2,,,,
2186,,no v2,,,,
3197,CECO,ok,65.0,24.0,2.0,0.0
3453,MATX,ok,69.0,28.0,1.0,0.0
3499,,no v2,,,,
3545,,no v2,,,,
5513,UNM,ok,73.0,21.0,1.0,0.0
5981,,no v2,,,,
6176,,no v2,,,,
6201,AAL,ok,54.0,9.0,0.0,0.0
6845,APOG,ok,64.0,28.0,3.0,0.0
6955,EPAC,ok,66.0,27.0,1.0,0.0
7431,AWI,ok,62.0,12.0,0.0,1.0
7536,ARW,ok,69.0,28.0,0.0,0.0
7789,ASB,ok,69.0,28.0,4.0,0.0
8063,ATRO,ok,67.0,27.0,3.0,0.0
8504,,no v2,,,,
8858,AVT,ok,71.0,28.0,0.0,0.0
8947,AZZ,ok,64.0,28.0,3.0,0.0
9092,BMI,ok,65.0,28.0,2.0,0.0
9326,BCPC,ok,66.0,28.0,2.0,0.0
10329,,no v2,,,,
12208,BIO,ok,69.0,11.0,0.0,0.0
12659,HRB,ok,75.0,1.0,0.0,0.0
14177,,no v2,,,,
14707,CAL,ok,65.0,27.0,0.0,15.0
14846,,no v2,,,,
14930,BC,ok,66.0,28.0,0.0,0.0
15615,MTZ,ok,66.0,28.0,1.0,0.0
16040,CBT,ok,69.0,28.0,1.0,0.0
16058,CACI,ok,68.0,28.0,0.0,0.0
16160,CALM,ok,64.0,28.0,4.0,0.0
17843,CRS,ok,68.0,28.0,1.0,0.0
18255,,no v2,,,,
18498,GCO,ok,67.0,27.0,2.0,0.0
18926,LUMN,ok,69.0,14.0,1.0,0.0
19584,CHE,ok,69.0,28.0,0.0,0.0
19745,CPK,ok,65.0,28.0,2.0,2.0
20212,CHDN,ok,39.0,28.0,2.0,0.0
21535,COHU,ok,67.0,28.0,2.0,0.0
22356,CBSH,ok,69.0,0.0,0.0,0.0
22444,CMC,ok,71.0,28.0,2.0,0.0
23194,CRK,ok,48.0,28.0,8.0,0.0
23197,,no v2,,,,
23795,,no v2,,,,
24090,,no v2,,,,
25232,CUZ,ok,62.0,28.0,1.0,0.0
25445,CXT,ok,69.0,14.0,0.0,0.0
25475,CRD-A,ok,73.0,1.0,0.0,0.0
25743,,no v2,,,,
26058,CTS,ok,71.0,28.0,1.0,0.0
26324,CW,ok,69.0,28.0,0.0,0.0
26780,DAN,ok,65.0,28.0,3.0,0.0
27093,,no v2,,,,
27996,DLX,ok,69.0,28.0,3.0,1.0
28823,DBD,ok,68.0,22.0,1.0,0.0
28917,DDS,ok,69.0,19.0,4.0,0.0
29002,DIOD,ok,69.0,1.0,0.0,0.0
29644,DCI,ok,67.0,28.0,0.0,0.0
30305,DCO,ok,65.0,28.0,3.0,0.0
30625,FLS,ok,73.0,23.0,0.0,0.0
30697,WEN,ok,68.0,28.0,0.0,0.0
31107,,no v2,,,,
31235,KODK,ok,68.0,25.0,7.0,6.0
33002,,no v2,,,,
33488,,no v2,,,,
33533,,no v2,,,,
33992,,no v2,,,,
34067,,no v2,,,,
34782,SRCE,ok,65.0,28.0,4.0,0.0
34956,,no v2,,,,
36029,FFIN,ok,69.0,28.0,2.0,0.0
36146,TRMK,ok,68.0,28.0,1.0,0.0
36377,FHB,ok,45.0,25.0,0.0,0.0
36966,FHN,ok,70.0,28.0,0.0,0.0
37472,,no v2,,,,
37785,FMC,ok,73.0,7.0,0.0,4.0
37808,FNB,ok,69.0,28.0,0.0,0.0
38264,,no v2,,,,
38725,FELE,ok,69.0,28.0,3.0,0.0
39020,,no v2,,,,
39092,,no v2,,,,
39263,CFR,ok,69.0,28.0,1.0,0.0
39311,IBCP,ok,65.0,1.0,0.0,1.0
39368,FUL,ok,73.0,1.0,0.0,7.0
39911,GAP,ok,73.0,19.0,0.0,0.0
40211,GATX,ok,69.0,28.0,2.0,0.0
40729,ALLY,ok,64.0,13.0,0.0,2.0
41719,MAGN,ok,68.0,6.0,0.0,0.0
42582,GT,ok,69.0,1.0,0.0,0.0
42682,,no v2,,,,
42888,GGG,ok,69.0,28.0,0.0,0.0
43196,GTN,ok,66.0,28.0,3.0,0.0
43920,GEF,ok,71.0,0.0,3.0,0.0
46129,,no v2,,,,
46195,BOH,ok,69.0,28.0,0.0,0.0
46250,HWKN,ok,65.0,28.0,3.0,0.0
46765,HP,ok,73.0,1.0,0.0,0.0
48287,HNI,ok,70.0,28.0,5.0,0.0
49600,EGP,ok,69.0,28.0,1.0,0.0
49754,,no v2,,,,
50471,,no v2,,,,
50493,IMKTA,ok,71.0,0.0,3.0,0.0
50725,GFF,ok,65.0,28.0,4.0,0.0
52827,RYN,ok,68.0,28.0,1.0,0.0
55135,KELYA,ok,38.0,28.0,1.0,0.0
55242,KMT,ok,68.0,28.0,2.0,0.0
56047,KEX,ok,69.0,28.0,0.0,9.0
56679,KFY,ok,61.0,28.0,1.0,0.0
56868,,no v2,,,,
56978,KLIC,ok,65.0,28.0,1.0,1.0
57131,LZB,ok,65.0,28.0,2.0,0.0
57515,MZTI,ok,68.0,28.0,2.0,0.0
58361,,no v2,,,,
59255,VHI,ok,65.0,23.0,3.0,2.0
59527,LECO,ok,69.0,28.0,0.0,0.0
59558,LNC,ok,73.0,13.0,0.0,3.0
60519,LPX,ok,66.0,28.0,0.0,0.0
60714,,no v2,,,,
61986,MTW,ok,69.0,28.0,3.0,0.0
62234,,no v2,,,,
63276,MAT,ok,73.0,28.0,0.0,0.0
63296,MATW,ok,67.0,28.0,2.0,0.0
63330,,no v2,,,,
64463,,no v2,,,,
64472,,no v2,,,,
64996,MCY,ok,69.0,28.0,3.0,1.0
65270,MEI,ok,66.0,27.0,2.0,0.0
65312,,no v2,,,,
65596,,no v2,,,,
65770,,no v2,,,,
66004,MSEX,ok,65.0,28.0,2.0,8.0
66382,MLKN,ok,68.0,28.0,2.0,0.0
66570,MSA,ok,69.0,28.0,0.0,0.0
67215,DY,ok,48.0,28.0,2.0,0.0
67347,MOD,ok,65.0,26.0,1.0,1.0
67716,MDU,ok,70.0,28.0,0.0,5.0
67887,MOG-A,ok,69.0,28.0,2.0,7.0
69488,,no v2,,,,
69633,NSSC,ok,64.0,28.0,5.0,0.0
69733,,no v2,,,,
69891,FIZZ,ok,67.0,28.0,3.0,12.0
70145,NFG,ok,49.0,28.0,0.0,0.0
70318,THC,ok,38.0,28.0,0.0,0.0
70487,,no v2,,,,
70866,VYX,ok,69.0,28.0,0.0,0.0
71691,NYT,ok,69.0,28.0,1.0,0.0
71829,,no v2,,,,
72162,,no v2,,,,
72444,,no v2,,,,
72573,,no v2,,,,
73756,OII,ok,69.0,27.0,2.0,0.0
74046,,no v2,,,,
74260,ORI,ok,69.0,28.0,0.0,0.0
74303,OLN,ok,69.0,28.0,1.0,5.0
75252,ACH,ok,68.0,26.0,3.0,0.0
75288,OXM,ok,65.0,28.0,1.0,0.0
76267,,no v2,,,,
76282,PKOH,ok,65.0,24.0,4.0,0.0
76605,PATK,ok,75.0,28.0,5.0,0.0
77543,TPC,ok,38.0,28.0,3.0,0.0
78128,WTRG,ok,69.0,27.0,0.0,0.0
78239,PVH,ok,69.0,17.0,1.0,0.0
78749,AGYS,ok,65.0,28.0,4.0,0.0
78814,PBI,ok,72.0,28.0,1.0,0.0
78890,BCO,ok,69.0,28.0,1.0,0.0
80035,,no v2,,,,
80172,,no v2,,,,
80420,POWL,ok,51.0,28.0,3.0,0.0
81362,KWR,ok,65.0,28.0,3.0,0.0
82020,USLM,ok,65.0,1.0,0.0,0.0
82811,RRX,ok,70.0,28.0,0.0,0.0
84246,RLI,ok,69.0,28.0,2.0,0.0
84748,ROG,ok,65.0,28.0,4.0,0.0
85535,RGLD,ok,38.0,28.0,1.0,0.0
85961,R,ok,69.0,28.0,0.0,0.0
86115,,no v2,,,,
87050,,no v2,,,,
88205,SPXC,ok,73.0,17.0,2.0,7.0
88941,SMTC,ok,69.0,28.0,5.0,0.0
88948,SENEA,ok,66.0,28.0,5.0,16.0
89089,SCI,ok,69.0,28.0,0.0,0.0
89439,MLI,ok,69.0,28.0,3.0,1.0
90498,SFNC,ok,64.0,28.0,2.0,0.0
90896,SKY,ok,71.0,28.0,2.0,0.0
91767,SON,ok,74.0,28.0,0.0,0.0
93314,,no v2,,,,
93389,SMP,ok,65.0,28.0,2.0,0.0
94049,SCL,ok,65.0,28.0,2.0,0.0
94344,STC,ok,65.0,28.0,2.0,0.0
95029,,no v2,,,,
95574,,no v2,,,,
95953,,no v2,,,,
96223,JEF,ok,70.0,28.0,0.0,0.0
96536,,no v2,,,,
96869,,no v2,,,,
96943,TFX,ok,71.0,7.0,0.0,0.0
97134,TNC,ok,66.0,28.0,3.0,0.0
97216,TEX,ok,72.0,28.0,1.0,0.0
98222,TDW,ok,68.0,28.0,2.0,2.0
98362,TKR,ok,69.0,28.0,0.0,0.0
98677,,no v2,,,,
99302,,no v2,,,,
99780,TRN,ok,69.0,28.0,2.0,0.0
100378,,no v2,,,,
100591,AGX,ok,38.0,28.0,2.0,0.0
100726,,no v2,,,,
101199,UFCS,ok,65.0,28.0,2.0,0.0
101382,UMBF,ok,70.0,28.0,4.0,0.0
101538,,no v2,,,,
101984,,no v2,,,,
102037,UVV,ok,69.0,28.0,2.0,0.0
102212,UVSP,ok,65.0,28.0,5.0,0.0
102729,VMI,ok,70.0,28.0,0.0,4.0
102752,VSEC,ok,63.0,28.0,7.0,0.0
103145,VECO,ok,66.0,28.0,3.0,0.0
103379,VFC,ok,77.0,10.0,0.0,0.0
103595,VLGEA,ok,63.0,0.0,4.0,0.0
103730,VSH,ok,70.0,27.0,3.0,0.0
104889,GHC,ok,68.0,1.0,0.0,0.0
104894,ELME,ok,67.0,25.0,1.0,0.0
104918,AVA,ok,69.0,28.0,3.0,0.0
105016,WSO,ok,69.0,28.0,0.0,0.0
105132,WDFC,ok,63.0,28.0,2.0,0.0
105319,,no v2,,,,
105418,WMK,ok,65.0,28.0,5.0,0.0
105634,EME,ok,69.0,23.0,1.0,0.0
106532,,no v2,,,,
106640,WHR,ok,69.0,11.0,1.0,1.0
107140,WLY,ok,69.0,1.0,0.0,2.0
107687,WGO,ok,63.0,28.0,2.0,0.0
108312,WWD,ok,69.0,28.0,0.0,0.0
108385,,no v2,,,,
108516,WOR,ok,68.0,28.0,3.0,0.0
108985,,no v2,,,,
109177,SPB,ok,73.0,6.0,0.0,0.0
109380,ZION,ok,69.0,1.0,0.0,0.0
109563,AIT,ok,68.0,28.0,2.0,0.0
109657,,no v2,,,,
110471,WWW,ok,61.0,28.0,3.0,0.0
110621,RPM,ok,68.0,28.0,0.0,0.0
203596,WSBC,ok,65.0,28.0,3.0,0.0
215466,CDE,ok,69.0,28.0,6.0,0.0
216085,,no v2,,,,
216228,ITT,ok,74.0,28.0,0.0,0.0
230557,SIGI,ok,69.0,21.0,2.0,0.0
275053,,no v2,,,,
275880,PSN,ok,34.0,28.0,4.0,1.0
276720,,no v2,,,,
277509,FSS,ok,65.0,28.0,2.0,0.0
278166,CVCO,ok,65.0,28.0,2.0,1.0
310142,SXT,ok,69.0,28.0,2.0,1.0
310354,SXI,ok,64.0,28.0,2.0,0.0
311094,WABC,ok,69.0,28.0,1.0,0.0
313143,HAE,ok,69.0,28.0,1.0,0.0
314203,,no v2,,,,
314489,BUSE,ok,53.0,28.0,5.0,0.0
314808,VAL,ok,37.0,1.0,0.0,0.0
315213,RHI,ok,38.0,10.0,0.0,0.0
315709,IBOC,ok,69.0,28.0,3.0,0.0
315852,RRC,ok,73.0,28.0,2.0,0.0
317540,COKE,ok,65.0,28.0,4.0,0.0
317788,,no v2,,,,
318300,PEBO,ok,66.0,28.0,9.0,0.0
318306,,no v2,,,,
318673,,no v2,,,,
318833,,no v2,,,,
320121,,no v2,,,,
350698,AN,ok,69.0,28.0,2.0,0.0
350852,CTBI,ok,65.0,1.0,0.0,4.0
350894,SEIC,ok,69.0,28.0,1.0,0.0
351569,ABCB,ok,65.0,28.0,1.0,0.0
352825,,no v2,,,,
354647,CVBF,ok,66.0,28.0,2.0,0.0
354707,HE,ok,69.0,23.0,0.0,0.0
354963,,no v2,,,,
355811,GNTX,ok,69.0,28.0,0.0,0.0
355948,,no v2,,,,
356037,,no v2,,,,
356171,TCBK,ok,65.0,28.0,4.0,0.0
356309,NJR,ok,69.0,28.0,2.0,0.0
357173,OSBC,ok,65.0,28.0,6.0,0.0
357294,HOV,ok,65.0,22.0,2.0,1.0
357301,TRST,ok,65.0,28.0,1.0,0.0
700564,FULT,ok,69.0,28.0,2.0,0.0
700565,FMBH,ok,65.0,28.0,5.0,0.0
700841,,no v2,,,,
700923,MYRG,ok,38.0,28.0,1.0,0.0
701347,CPF,ok,65.0,28.0,0.0,0.0
701719,,no v2,,,,
701985,BBWI,ok,73.0,1.0,0.0,0.0
703351,EAT,ok,68.0,27.0,2.0,0.0
703604,DSGR,ok,64.0,27.0,4.0,0.0
704440,,no v2,,,,
704532,ONTO,ok,71.0,28.0,2.0,0.0
705432,SBSI,ok,66.0,28.0,1.0,1.0
706129,HBNC,ok,64.0,28.0,4.0,0.0
706698,,no v2,,,,
706863,,no v2,,,,
707179,ONB,ok,69.0,28.0,2.0,0.0
708781,,no v2,,,,
708821,PAR,ok,65.0,28.0,4.0,0.0
708955,FFBC,ok,66.0,1.0,0.0,0.0
709283,,no v2,,,,
709337,FMNB,ok,65.0,28.0,7.0,0.0
711377,NEOG,ok,64.0,28.0,4.0,0.0
711669,,no v2,,,,
712034,ACCO,ok,65.0,28.0,4.0,0.0
712534,FRME,ok,65.0,28.0,2.0,0.0
712537,FCF,ok,68.0,28.0,1.0,0.0
712770,,no v2,,,,
712771,CNOB,ok,37.0,27.0,5.0,0.0
714256,,no v2,,,,
714310,VLY,ok,69.0,28.0,3.0,0.0
714395,GABC,ok,65.0,28.0,7.0,0.0
714562,THFF,ok,65.0,1.0,0.0,2.0
715072,RNST,ok,65.0,28.0,2.0,0.0
715579,,no v2,,,,
715787,TILE,ok,65.0,28.0,1.0,0.0
716314,,no v2,,,,
716634,,no v2,,,,
716643,,no v2,,,,
717423,MUR,ok,71.0,27.0,2.0,0.0
717538,,no v2,,,,
717605,HXL,ok,69.0,26.0,0.0,0.0
717720,,no v2,,,,
717954,UNF,ok,67.0,28.0,2.0,0.0
718413,,no v2,,,,
718937,STAA,ok,72.0,28.0,4.0,0.0
719135,,no v2,,,,
719220,STBA,ok,65.0,1.0,0.0,1.0
719402,,no v2,,,,
719413,HL,ok,61.0,28.0,3.0,1.0
720500,,no v2,,,,
720672,SF,ok,69.0,28.0,2.0,0.0
720858,,no v2,,,,
721994,LKFN,ok,65.0,28.0,1.0,0.0
723188,CBU,ok,65.0,28.0,0.0,2.0
723603,,no v2,,,,
723612,CAR,ok,66.0,28.0,5.0,0.0
723646,,no v2,,,,
724004,,no v2,,,,
724910,,no v2,,,,
725363,,no v2,,,,
726601,,no v2,,,,
726854,CHCO,ok,65.0,28.0,0.0,0.0
726958,CASY,ok,69.0,26.0,0.0,0.0
727273,,no v2,,,,
728387,,no v2,,,,
729580,BELFA,ok,65.0,0.0,3.0,0.0
729986,UBSI,ok,69.0,28.0,4.0,4.0
730263,THO,ok,68.0,28.0,0.0,0.0
730272,RGEN,ok,65.0,28.0,0.0,22.0
730464,CVSA,ok,68.0,28.0,1.0,11.0
730708,SBCF,ok,65.0,28.0,4.0,0.0
731012,HCSG,ok,66.0,28.0,2.0,0.0
733269,RAMP,ok,69.0,28.0,3.0,0.0
733590,,no v2,,,,
736772,CCNE,ok,65.0,28.0,7.0,0.0
737468,WASH,ok,64.0,28.0,8.0,1.0
737758,TTC,ok,69.0,1.0,0.0,0.0
738214,,no v2,,,,
739421,,no v2,,,,
740664,,no v2,,,,
742278,RES,ok,65.0,28.0,6.0,2.0
743367,,no v2,,,,
744187,,no v2,,,,
744218,CLDX,ok,64.0,22.0,4.0,43.0
745308,JOE,ok,69.0,28.0,2.0,0.0
746598,BRC,ok,68.0,28.0,1.0,0.0
746838,UIS,ok,69.0,28.0,2.0,0.0
748268,,no v2,,,,
750577,HWC,ok,69.0,28.0,1.0,0.0
750686,CAC,ok,65.0,28.0,5.0,0.0
751364,NNN,ok,68.0,28.0,0.0,4.0
751365,,no v2,,,,
751978,VICR,ok,65.0,28.0,4.0,0.0
752642,UMH,ok,67.0,28.0,5.0,2.0
752714,MGRC,ok,65.0,28.0,2.0,0.0
755001,UTL,ok,66.0,28.0,1.0,0.0
760498,BANF,ok,65.0,28.0,6.0,0.0
761648,,no v2,,,,
763532,,no v2,,,,
763563,,no v2,,,,
763744,LCII,ok,65.0,28.0,2.0,0.0
763907,,no v2,,,,
764038,SSB,ok,65.0,5.0,0.0,0.0
764065,CLF,ok,73.0,28.0,3.0,0.0
764401,,no v2,,,,
765207,,no v2,,,,
766011,,no v2,,,,
766421,ALK,ok,68.0,12.0,0.0,0.0
766829,HTO,ok,65.0,28.0,3.0,1.0
767405,,no v2,,,,
768899,TBI,ok,38.0,28.0,4.0,0.0
769520,MIDD,ok,71.0,26.0,1.0,0.0
771266,,no v2,,,,
771497,ABM,ok,35.0,28.0,3.0,0.0
771856,,no v2,,,,
772406,CRUS,ok,65.0,28.0,0.0,0.0
775158,OSK,ok,69.0,28.0,0.0,0.0
775215,HBT,ok,32.0,28.0,6.0,0.0
776901,INDB,ok,65.0,1.0,0.0,0.0
778164,,no v2,,,,
780571,ITRI,ok,69.0,28.0,3.0,0.0
783324,,no v2,,,,
783412,,no v2,,,,
784199,AORT,ok,66.0,28.0,3.0,0.0
784977,POR,ok,69.0,28.0,3.0,0.0
785161,EHC,ok,38.0,28.0,0.0,0.0
785557,,no v2,,,,
785786,PLXS,ok,69.0,28.0,2.0,0.0
785956,JJSF,ok,68.0,1.0,0.0,0.0
788329,,no v2,,,,
788920,,no v2,,,,
788965,,no v2,,,,
789460,WKC,ok,69.0,28.0,2.0,0.0
789933,,no v2,,,,
790051,CSL,ok,69.0,28.0,0.0,0.0
790359,NBTB,ok,69.0,28.0,1.0,0.0
790526,RDNT,ok,64.0,27.0,5.0,14.0
790816,,no v2,,,,
791963,OPY,ok,65.0,14.0,2.0,0.0
792966,,no v2,,,,
792987,ASTE,ok,69.0,28.0,2.0,0.0
793074,WERN,ok,69.0,28.0,3.0,0.0
793524,,no v2,,,,
793733,SKYW,ok,66.0,28.0,2.0,0.0
793952,HOG,ok,77.0,26.0,0.0,0.0
794170,TOL,ok,35.0,28.0,0.0,0.0
794367,M,ok,73.0,26.0,0.0,0.0
795266,KBH,ok,68.0,28.0,1.0,0.0
795403,WTS,ok,77.0,28.0,2.0,0.0
796505,,no v2,,,,
796534,,no v2,,,,
797721,VSAT,ok,69.0,28.0,1.0,0.0
798081,,no v2,,,,
798287,,no v2,,,,
798359,CSR,ok,65.0,24.0,2.0,0.0
798783,,no v2,,,,
799167,MRTN,ok,65.0,28.0,3.0,0.0
799233,,no v2,,,,
799288,LE,ok,55.0,27.0,6.0,0.0
799292,MHO,ok,64.0,28.0,1.0,0.0
799850,CRMT,ok,65.0,26.0,2.0,0.0
800457,,no v2,,,,
801337,CIK801337,ok,69.0,27.0,0.0,5.0
802481,PPC,ok,68.0,28.0,0.0,0.0
803164,,no v2,,,,
805676,PRK,ok,69.0,28.0,4.0,9.0
805928,,no v2,,,,
807863,,no v2,,,,
807882,JACK,ok,52.0,28.0,2.0,0.0
808439,,no v2,,,,
810136,PLAB,ok,65.0,28.0,3.0,0.0
810332,RJET,ok,39.0,2.0,0.0,0.0
810958,,no v2,,,,
811589,FBNC,ok,65.0,1.0,0.0,0.0
811596,KALU,ok,69.0,28.0,1.0,4.0
812011,MTN,ok,67.0,13.0,0.0,0.0
812074,OI,ok,73.0,28.0,2.0,0.0
813298,,no v2,,,,
814453,NWL,ok,69.0,13.0,0.0,0.0
814585,,no v2,,,,
814586,,no v2,,,,
816761,TDC,ok,70.0,28.0,0.0,0.0
816956,CNMD,ok,65.0,28.0,2.0,1.0
817720,SYNA,ok,68.0,28.0,2.0,6.0
818033,,no v2,,,,
818479,XRAY,ok,73.0,10.0,0.0,3.0
819793,AIN,ok,70.0,28.0,2.0,0.0
820318,COHR,ok,68.0,25.0,3.0,4.0
821002,GIII,ok,65.0,27.0,1.0,5.0
821026,ANDE,ok,69.0,28.0,3.0,0.0
821483,PARR,ok,63.0,27.0,3.0,0.0
822663,IPAR,ok,65.0,28.0,1.0,30.0
822818,CLH,ok,69.0,28.0,0.0,0.0
824142,AAON,ok,65.0,28.0,3.0,0.0
825542,SMG,ok,69.0,28.0,0.0,0.0
826154,ORRF,ok,65.0,28.0,4.0,0.0
826675,,short financials,,,,
827187,,no v2,,,,
827876,CLSK,ok,33.0,20.0,5.0,0.0
828944,WSFS,ok,65.0,28.0,1.0,0.0
831641,TTEK,ok,39.0,28.0,2.0,0.0
832428,SSP,ok,65.0,28.0,2.0,0.0
832988,SIG,ok,69.0,4.0,1.0,0.0
833079,MTH,ok,35.0,28.0,3.0,1.0
833640,POWI,ok,69.0,28.0,3.0,0.0
834365,BLFS,ok,63.0,28.0,5.0,0.0
835011,,no v2,,,,
835324,SYBT,ok,66.0,28.0,4.0,0.0
836157,LNN,ok,63.0,28.0,2.0,0.0
836690,,no v2,,,,
837465,CALY,ok,64.0,28.0,8.0,0.0
840489,FCFS,ok,65.0,28.0,3.0,0.0
842162,LEA,ok,66.0,28.0,0.0,0.0
842517,,no v2,,,,
842633,TRS,ok,62.0,28.0,2.0,0.0
842717,,no v2,,,,
844059,,no v2,,,,
844965,,no v2,,,,
845877,AGM,ok,64.0,28.0,2.0,0.0
846617,DCOM,ok,65.0,23.0,0.0,14.0
849146,,no v2,,,,
849869,SLGN,ok,69.0,28.0,0.0,0.0
850141,HMN,ok,66.0,28.0,0.0,24.0
850429,,no v2,,,,
851205,CGNX,ok,69.0,28.0,0.0,0.0
851310,,no v2,,,,
851520,EXPO,ok,65.0,28.0,2.0,0.0
853816,LSTR,ok,66.0,28.0,0.0,0.0
854560,GSBC,ok,65.0,28.0,6.0,35.0
854775,DGII,ok,65.0,28.0,3.0,0.0
855658,LSCC,ok,65.0,28.0,1.0,0.0
855683,,no v2,,,,
856982,MMSI,ok,66.0,28.0,4.0,0.0
857855,UCB,ok,65.0,28.0,2.0,4.0
859070,,no v2,,,,
860413,FIBK,ok,65.0,28.0,3.0,0.0
860546,CDP,ok,69.0,28.0,1.0,0.0
860748,KMPR,ok,69.0,28.0,1.0,0.0
861459,GVA,ok,69.0,28.0,2.0,6.0
861842,CATY,ok,66.0,28.0,2.0,0.0
861884,RS,ok,69.0,28.0,0.0,0.0
862831,FISI,ok,64.0,28.0,5.0,3.0
863110,,no v2,,,,
863436,BHE,ok,70.0,28.0,2.0,0.0
863894,,no v2,,,,
866273,,no v2,,,,
866291,ALGM,ok,29.0,16.0,2.0,0.0
866374,FLEX,ok,76.0,5.0,0.0,0.0
866706,ESE,ok,69.0,28.0,2.0,3.0
866729,SCHL,ok,69.0,28.0,5.0,0.0
866829,HOS,ok,69.0,1.0,0.0,0.0
868671,GBCI,ok,69.0,28.0,4.0,0.0
868780,DORM,ok,65.0,28.0,2.0,0.0
868857,ACM,ok,35.0,28.0,0.0,0.0
871763,MAN,ok,38.0,28.0,0.0,0.0
872912,,no v2,,,,
873303,SRPT,ok,38.0,9.0,0.0,8.0
873860,ONIT,ok,66.0,18.0,2.0,0.0
874238,STRL,ok,65.0,28.0,2.0,0.0
874396,,no v2,,,,
874499,GPOR,ok,62.0,19.0,3.0,0.0
874501,,no v2,,,,
874866,CRVL,ok,45.0,28.0,4.0,0.0
875582,,no v2,,,,
875657,,no v2,,,,
876167,PRGS,ok,68.0,28.0,2.0,0.0
876343,,no v2,,,,
876427,MNRO,ok,37.0,28.0,3.0,0.0
876437,MTG,ok,68.0,24.0,0.0,1.0
876523,EZPW,ok,67.0,28.0,1.0,0.0
876883,STGW,ok,38.0,20.0,6.0,0.0
877860,NHI,ok,69.0,28.0,3.0,0.0
879407,ARWR,ok,57.0,28.0,3.0,0.0
879526,WNC,ok,66.0,28.0,3.0,16.0
879585,,no v2,,,,
879635,MPB,ok,65.0,28.0,7.0,0.0
880117,JBSS,ok,66.0,1.0,0.0,0.0
880266,AGCO,ok,69.0,28.0,0.0,0.0
880631,WT,ok,53.0,28.0,5.0,2.0
880641,,no v2,,,,
880807,AMSC,ok,69.0,18.0,0.0,4.0
882508,,no v2,,,,
882796,BCRX,ok,65.0,27.0,2.0,3.0
883107,,no v2,,,,
883237,VRTS,ok,65.0,28.0,3.0,0.0
883569,FOSL,ok,72.0,20.0,2.0,0.0
883948,AUB,ok,65.0,28.0,3.0,0.0
883984,ICUI,ok,74.0,28.0,1.0,0.0
884144,,no v2,,,,
884219,,no v2,,,,
884269,,no v2,,,,
884614,UGI,ok,69.0,28.0,0.0,0.0
884624,,no v2,,,,
885245,BKE,ok,69.0,28.0,3.0,0.0
885508,,no v2,,,,
885550,CACC,ok,65.0,2.0,0.0,0.0
885639,KSS,ok,76.0,25.0,0.0,0.0
885978,,no v2,,,,
886128,,no v2,,,,
886136,,no v2,,,,
886163,LGND,ok,65.0,28.0,5.0,4.0
886206,,no v2,,,,
886346,KAI,ok,65.0,28.0,2.0,3.0
886744,GERN,ok,63.0,27.0,6.0,4.0
887343,COLB,ok,66.0,28.0,2.0,0.0
887359,VCEL,ok,56.0,28.0,2.0,0.0
887396,,no v2,,,,
887596,CAKE,ok,69.0,28.0,3.0,0.0
887733,CENT,ok,65.0,1.0,0.0,0.0
887905,LTC,ok,66.0,28.0,3.0,0.0
887936,FCN,ok,69.0,28.0,0.0,0.0
888491,OHI,ok,70.0,28.0,0.0,1.0
889331,LFUS,ok,67.0,28.0,0.0,0.0
889609,,no v2,,,,
889900,PTEN,ok,73.0,27.0,7.0,0.0
889971,,no v2,,,,
890541,,no v2,,,,
890564,EFOR,ok,38.0,28.0,2.0,0.0
890926,RDN,ok,64.0,28.0,3.0,0.0
891014,MTX,ok,72.0,28.0,2.0,4.0
891166,UVE,ok,65.0,28.0,3.0,0.0
891482,,no v2,,,,
891532,,no v2,,,,
893538,SM,ok,69.0,25.0,1.0,0.0
893847,,no v2,,,,
893949,MD,ok,38.0,28.0,3.0,0.0
894315,,no v2,,,,
894405,ARCB,ok,46.0,28.0,2.0,0.0
894627,,no v2,,,,
894671,,no v2,,,,
895417,ELS,ok,69.0,13.0,0.0,0.0
895419,,no v2,,,,
895447,SHOE,ok,65.0,28.0,4.0,3.0
895456,,no v2,,,,
896156,,no v2,,,,
896264,,no v2,,,,
896622,ATR,ok,69.0,28.0,0.0,0.0
897077,ALG,ok,65.0,28.0,2.0,8.0
897723,SANM,ok,67.0,28.0,1.0,0.0
898174,RGA,ok,69.0,28.0,0.0,0.0
898437,,no v2,,,,
899460,MNKD,ok,43.0,28.0,1.0,0.0
899629,AKR,ok,64.0,28.0,3.0,4.0
899689,VNO,ok,73.0,15.0,0.0,0.0
899715,SKT,ok,30.0,22.0,2.0,0.0
899751,TWI,ok,66.0,28.0,2.0,0.0
899923,,no v2,,,,
901491,PZZA,ok,74.0,28.0,6.0,0.0
902791,BBSI,ok,65.0,28.0,3.0,0.0
903129,THRM,ok,65.0,28.0,2.0,0.0
903419,ALRS,ok,34.0,28.0,5.0,0.0
903651,INOD,ok,66.0,14.0,2.0,3.0
906465,QCRH,ok,65.0,28.0,5.0,0.0
906553,BYD,ok,65.0,28.0,1.0,5.0
906709,,no v2,,,,
907242,,no v2,,,,
907254,,no v2,,,,
907471,CASH,ok,65.0,28.0,0.0,0.0
907654,,no v2,,,,
908255,BWA,ok,73.0,7.0,0.0,0.0
908315,WINA,ok,65.0,28.0,2.0,0.0
908937,SIRI,ok,69.0,2.0,0.0,0.0
909494,,no v2,,,,
910073,FLG,ok,72.0,9.0,0.0,0.0
910108,LXP,ok,66.0,28.0,4.0,0.0
910329,,no v2,,,,
910406,HAIN,ok,67.0,26.0,3.0,0.0
910612,,no v2,,,,
910638,,no v2,,,,
911147,,no v2,,,,
911177,CWST,ok,67.0,28.0,4.0,0.0
911216,,no v2,,,,
911971,,no v2,,,,
912093,VIAV,ok,68.0,28.0,2.0,0.0
912242,MAC,ok,69.0,27.0,5.0,0.0
912562,ROCK,ok,68.0,28.0,2.0,0.0
912593,SUI,ok,66.0,1.0,0.0,0.0
912615,URBN,ok,69.0,28.0,2.0,0.0
912728,FWRD,ok,69.0,28.0,4.0,4.0
912766,LAUR,ok,41.0,28.0,5.0,0.0
912767,UFPI,ok,65.0,26.0,2.0,0.0
913142,BDC,ok,69.0,28.0,3.0,4.0
913144,RNR,ok,68.0,9.0,1.0,1.0
913241,SHOO,ok,66.0,28.0,1.0,0.0
913277,,no v2,,,,
913341,,no v2,,,,
913760,SNEX,ok,65.0,15.0,6.0,0.0
914122,,no v2,,,,
914156,UFPT,ok,65.0,28.0,4.0,0.0
914475,NBIX,ok,54.0,23.0,0.0,0.0
915779,DAKT,ok,65.0,24.0,3.0,0.0
915840,BZH,ok,65.0,28.0,2.0,0.0
916540,DAR,ok,69.0,28.0,0.0,0.0
916789,HELE,ok,65.0,4.0,1.0,0.0
916907,SMBC,ok,64.0,28.0,5.0,0.0
917251,ADC,ok,65.0,28.0,4.0,0.0
917273,RMBS,ok,69.0,28.0,2.0,0.0
917520,IART,ok,69.0,28.0,0.0,0.0
918251,,no v2,,,,
918541,,no v2,,,,
918646,EXP,ok,69.0,28.0,0.0,0.0
918965,SCSC,ok,68.0,28.0,2.0,2.0
919012,AEO,ok,69.0,28.0,4.0,1.0
919864,,no v2,,,,
920371,SSD,ok,69.0,28.0,2.0,0.0
920427,,no v2,,,,
921082,HIW,ok,69.0,28.0,0.0,0.0
921114,,no v2,,,,
921557,RBCAA,ok,65.0,28.0,4.0,0.0
921582,IMAX,ok,66.0,28.0,3.0,5.0
921638,SSRM,ok,22.0,9.0,1.0,0.0
921738,PENN,ok,69.0,22.0,1.0,0.0
921825,FR,ok,66.0,28.0,0.0,0.0
922864,AIV,ok,66.0,19.0,0.0,0.0
923120,GBX,ok,65.0,28.0,2.0,0.0
923796,GEO,ok,51.0,28.0,2.0,0.0
924383,,no v2,,,,
924719,,no v2,,,,
924822,,no v2,,,,
925528,,no v2,,,,
926282,ADTN,ok,69.0,28.0,4.0,0.0
926326,OMCL,ok,65.0,28.0,1.0,0.0
926617,,no v2,,,,
927003,AEIS,ok,65.0,28.0,2.0,0.0
928054,,no v2,,,,
928340,,no v2,,,,
928658,CVLG,ok,65.0,28.0,4.0,0.0
929008,WCC,ok,69.0,22.0,1.0,0.0
929351,STRZ,ok,67.0,6.0,0.0,0.0
930236,RWT,ok,42.0,27.0,1.0,0.0
930420,KFRC,ok,38.0,28.0,2.0,0.0
931015,PII,ok,69.0,28.0,0.0,0.0
931148,,no v2,,,,
932696,NSIT,ok,66.0,28.0,2.0,0.0
932781,,no v2,,,,
933034,,no v2,,,,
933036,UPBD,ok,69.0,28.0,6.0,0.0
933972,,no v2,,,,
933974,AZTA,ok,64.0,28.0,2.0,0.0
934549,,no v2,,,,
935036,ACIW,ok,69.0,28.0,2.0,0.0
935419,,no v2,,,,
936395,CIEN,ok,74.0,25.0,0.0,0.0
936528,WAFD,ok,69.0,28.0,2.0,0.0
937098,TNET,ok,54.0,28.0,3.0,0.0
939767,EXEL,ok,73.0,28.0,0.0,4.0
939930,,no v2,,,,
940942,HUBG,ok,35.0,28.0,3.0,23.0
944148,CBZ,ok,64.0,28.0,2.0,0.0
944695,THG,ok,69.0,28.0,0.0,1.0
944745,CIVB,ok,65.0,28.0,4.0,0.0
944809,,no v2,,,,
945114,GIC,ok,65.0,22.0,1.0,0.0
945394,SVC,ok,69.0,25.0,4.0,0.0
945983,,no v2,,,,
946563,,no v2,,,,
946673,,short financials,,,,
948320,,no v2,,,,
948708,,no v2,,,,
949157,CENX,ok,66.0,27.0,3.0,0.0
949858,,no v2,,,,
949870,SAM,ok,66.0,28.0,0.0,0.0
1000177,,no v2,,,,
1000209,,no v2,,,,
1000623,MATV,ok,66.0,28.0,3.0,0.0
1000694,NVAX,ok,62.0,16.0,4.0,17.0
1000753,NSP,ok,69.0,28.0,2.0,0.0
1001115,,no v2,,,,
1001233,,no v2,,,,
1001316,TGTX,ok,37.0,21.0,1.0,0.0
1001385,,no v2,,,,
1001614,,no v2,,,,
1003078,MSM,ok,67.0,28.0,0.0,0.0
1004434,AMG,ok,38.0,28.0,0.0,0.0
1004702,OCFC,ok,65.0,28.0,3.0,0.0
1005229,CMCO,ok,65.0,28.0,2.0,7.0
1005284,OLED,ok,66.0,28.0,0.0,0.0
1005286,,no v2,,,,
1005731,IDT,ok,64.0,28.0,2.0,1.0
1005757,CIK1005757,ok,64.0,26.0,1.0,0.0
1005817,TMP,ok,65.0,28.0,2.0,2.0
1006281,,no v2,,,,
1006655,,no v2,,,,
1006837,VATE,ok,63.0,7.0,2.0,0.0
1007587,,no v2,,,,
1009829,,no v2,,,,
1010086,,no v2,,,,
1010470,,no v2,,,,
1012019,RUSHB,ok,65.0,28.0,2.0,0.0
1013272,,no v2,,,,
1013488,BJRI,ok,66.0,28.0,4.0,0.0
1013857,PEGA,ok,66.0,6.0,0.0,0.0
1013880,TTEC,ok,38.0,26.0,6.0,0.0
1013934,STRA,ok,38.0,28.0,3.0,0.0
1014739,OPCH,ok,60.0,28.0,8.0,0.0
1015328,WTFC,ok,69.0,28.0,0.0,2.0
1015383,,no v2,,,,
1016281,,no v2,,,,
1018164,,no v2,,,,
1018840,ANF,ok,69.0,1.0,0.0,0.0
1018963,ATI,ok,81.0,28.0,2.0,0.0
1018979,AMSF,ok,65.0,28.0,4.0,0.0
1019849,PAG,ok,69.0,13.0,0.0,0.0
1020214,,no v2,,,,
1020710,DXPE,ok,66.0,27.0,2.0,2.0
1020859,UNFI,ok,68.0,27.0,2.0,0.0
1021561,NUS,ok,45.0,28.0,3.0,0.0
1021635,OGE,ok,69.0,28.0,0.0,1.0
1021860,NOV,ok,73.0,21.0,0.0,0.0
1022408,PLUS,ok,65.0,28.0,3.0,0.0
1022652,,no v2,,,,
1023024,ANIP,ok,64.0,28.0,8.0,0.0
1023128,LAD,ok,65.0,28.0,1.0,0.0
1023313,FORR,ok,50.0,26.0,3.0,0.0
1023459,,no v2,,,,
1023731,,no v2,,,,
1024305,COTY,ok,54.0,24.0,1.0,0.0
1024795,HLIO,ok,66.0,28.0,2.0,3.0
1025378,WPC,ok,69.0,12.0,0.0,0.0
1025835,EFSC,ok,65.0,28.0,5.0,0.0
1025996,KRC,ok,69.0,28.0,0.0,0.0
1026655,,no v2,,,,
1027838,,no v2,,,,
1029199,EEFT,ok,69.0,19.0,0.0,0.0
1030192,,no v2,,,,
1030469,OFG,ok,65.0,19.0,0.0,0.0
1031203,GPI,ok,66.0,28.0,2.0,0.0
1031308,BSY,ok,30.0,4.0,0.0,0.0
1031316,,no v2,,,,
1032033,SLM,ok,72.0,28.0,1.0,0.0
1032220,MMS,ok,67.0,28.0,3.0,0.0
1034670,ALV,ok,70.0,15.0,0.0,0.0
1034842,,no v2,,,,
1035092,SHBI,ok,65.0,18.0,8.0,2.0
1035201,CWT,ok,38.0,28.0,2.0,0.0
1035354,,no v2,,,,
1035983,FIX,ok,65.0,24.0,2.0,0.0
1036262,,no v2,,,,
1037976,JLL,ok,69.0,28.0,0.0,0.0
1038074,SLAB,ok,68.0,28.0,2.0,0.0
1038773,SMBK,ok,65.0,28.0,7.0,0.0
1039065,OSIS,ok,64.0,28.0,2.0,0.0
1039399,FORM,ok,65.0,28.0,1.0,0.0
1039828,,no v2,,,,
1040130,,no v2,,,,
1040161,,no v2,,,,
1040470,,no v2,,,,
1040829,RHP,ok,66.0,28.0,2.0,0.0
1040896,,no v2,,,,
1040971,SLG,ok,69.0,23.0,4.0,0.0
1041024,,no v2,,,,
1041368,,no v2,,,,
1041657,,no v2,,,,
1041803,PSMT,ok,59.0,28.0,1.0,2.0
1041859,PLCE,ok,69.0,18.0,1.0,0.0
1042046,AFG,ok,69.0,28.0,0.0,0.0
1042729,MBWM,ok,65.0,28.0,6.0,0.0
1042776,PDM,ok,66.0,28.0,2.0,0.0
1042893,,no v2,,,,
1043000,,no v2,,,,
1043219,,short financials,,,,
1043337,,no v2,,,,
1043509,SAH,ok,65.0,28.0,3.0,0.0
1044777,,no v2,,,,
1045450,EPR,ok,69.0,28.0,0.0,0.0
1046025,HFWA,ok,65.0,28.0,2.0,0.0
1046050,,no v2,,,,
1046102,RBA,ok,42.0,10.0,0.0,0.0
1046257,INGR,ok,69.0,28.0,0.0,0.0
1046311,CHH,ok,69.0,28.0,1.0,0.0
1046568,PRDO,ok,70.0,27.0,1.0,1.0
1047127,AMKR,ok,69.0,28.0,3.0,0.0
1047335,NHC,ok,38.0,28.0,3.0,0.0
1047340,DMC,ok,69.0,1.0,0.0,0.0
1048268,IESC,ok,65.0,27.0,2.0,0.0
1048477,BMRN,ok,69.0,10.0,0.0,0.0
1049502,MKSI,ok,69.0,28.0,1.0,0.0
1049521,MRCY,ok,64.0,28.0,1.0,0.0
1049606,,no v2,,,,
1050377,CNXN,ok,65.0,28.0,3.0,1.0
1050441,EGBN,ok,65.0,28.0,0.0,3.0
1050743,PGC,ok,65.0,28.0,5.0,0.0
1050797,COLM,ok,65.0,28.0,2.0,0.0
1051512,TDS,ok,68.0,28.0,1.0,0.0
1051627,,no v2,,,,
1052752,GTY,ok,65.0,28.0,3.0,0.0
1053691,,no v2,,,,
1053706,CRAI,ok,38.0,28.0,2.0,0.0
1054905,IOSP,ok,65.0,28.0,2.0,1.0
1055160,MFA,ok,44.0,26.0,4.0,0.0
1055726,,no v2,,,,
1056288,FHI,ok,69.0,28.0,1.0,0.0
1056696,MANH,ok,66.0,28.0,0.0,0.0
1056903,AWR,ok,65.0,28.0,2.0,0.0
1056943,PFIS,ok,65.0,28.0,5.0,0.0
1057060,HZO,ok,65.0,28.0,4.0,0.0
1057379,,no v2,,,,
1057706,FBP,ok,65.0,1.0,0.0,0.0
1057877,IDA,ok,68.0,28.0,0.0,0.0
1058623,,no v2,,,,
1058811,IMMR,ok,66.0,20.0,4.0,2.0
1060822,CRI,ok,69.0,28.0,0.0,0.0
1061630,BXMT,ok,26.0,27.0,3.0,0.0
1061983,CYTK,ok,64.0,25.0,7.0,4.0
1062231,DCH,ok,66.0,28.0,4.0,0.0
1062822,,no v2,,,,
1064728,BTU,ok,71.0,27.0,3.0,0.0
1065059,LEU,ok,69.0,21.0,3.0,0.0
1066194,,no v2,,,,
1067294,CBRL,ok,68.0,28.0,3.0,0.0
1068851,PB,ok,69.0,28.0,1.0,4.0
1069157,EWBC,ok,66.0,28.0,0.0,1.0
1069258,KTOS,ok,65.0,1.0,0.0,0.0
1069533,,no v2,,,,
1069878,TREX,ok,65.0,28.0,1.0,0.0
1069899,PAHC,ok,56.0,28.0,2.0,9.0
1070081,PTCT,ok,58.0,28.0,3.0,0.0
1070296,,no v2,,,,
1070412,CNX,ok,67.0,28.0,2.0,7.0
1070494,ACAD,ok,66.0,24.0,1.0,6.0
1070524,,no v2,,,,
1070680,,no v2,,,,
1070985,CXW,ok,67.0,28.0,2.0,3.0
1071236,,no v2,,,,
1072627,,no v2,,,,
1074902,,no v2,,,,
1075415,DHC,ok,69.0,27.0,3.0,0.0
1075736,,no v2,,,,
1076930,NOVT,ok,64.0,28.0,2.0,0.0
1077183,,no v2,,,,
1077428,TCBI,ok,66.0,28.0,1.0,0.0
1077688,,no v2,,,,
1078075,NTCT,ok,65.0,28.0,4.0,0.0
1078271,EXTR,ok,64.0,28.0,1.0,0.0
1080014,INVA,ok,60.0,28.0,6.0,0.0
1082324,,no v2,,,,
1082554,UTHR,ok,69.0,28.0,0.0,0.0
1083301,WULF,ok,64.0,16.0,2.0,0.0
1083446,ASTH,ok,67.0,28.0,4.0,0.0
1084048,ZD,ok,69.0,28.0,3.0,0.0
1084554,,no v2,,,,
1084765,,no v2,,,,
1084869,FLWS,ok,64.0,28.0,3.0,0.0
1084961,ECPG,ok,65.0,28.0,6.0,0.0
1084991,,no v2,,,,
1085243,,no v2,,,,
1088856,CORT,ok,57.0,28.0,2.0,0.0
1089063,DKS,ok,69.0,28.0,1.0,0.0
1089872,,no v2,,,,
1089907,,no v2,,,,
1090009,,no v2,,,,
1090425,LAMR,ok,38.0,1.0,0.0,0.0
1092699,SPSC,ok,65.0,28.0,3.0,0.0
1092796,,no v2,,,,
1093672,,no v2,,,,
1093691,PLUG,ok,64.0,14.0,4.0,0.0
1094038,,no v2,,,,
1094831,BGC,ok,63.0,13.0,3.0,0.0
1095565,,no v2,,,,
1095651,SAFE,ok,66.0,28.0,11.0,0.0
1096056,,no v2,,,,
1096752,EPC,ok,69.0,28.0,1.0,0.0
1098146,,no v2,,,,
1098151,,no v2,,,,
1098972,,no v2,,,,
1101215,BFH,ok,70.0,26.0,0.0,1.0
1101302,ENTG,ok,66.0,7.0,0.0,0.0
1102238,,no v2,,,,
1104485,NOG,ok,62.0,22.0,4.0,0.0
1104506,INSM,ok,39.0,22.0,5.0,0.0
1104657,MTRN,ok,66.0,28.0,2.0,0.0
1107421,,no v2,,,,
1107843,QLYS,ok,62.0,28.0,4.0,0.0
1108109,CYH,ok,38.0,26.0,2.0,0.0
1108134,BBT,ok,65.0,28.0,2.0,0.0
1108205,,no v2,,,,
1108426,TXNM,ok,69.0,28.0,3.0,0.0
1109116,,no v2,,,,
1109242,HAFC,ok,65.0,28.0,1.0,3.0
1109354,BRKR,ok,66.0,20.0,1.0,13.0
1110803,ILMN,ok,69.0,9.0,0.0,0.0
1111335,VC,ok,58.0,28.0,0.0,0.0
1111485,,no v2,,,,
1111928,IPGP,ok,66.0,18.0,0.0,0.0
1113232,ACLS,ok,65.0,28.0,2.0,0.0
1113809,,no v2,,,,
1114483,ITGR,ok,66.0,28.0,2.0,0.0
1114925,,no v2,,,,
1114927,,no v2,,,,
1114995,PI,ok,45.0,28.0,2.0,0.0
1116463,,no v2,,,,
1116578,,no v2,,,,
1116942,TTMI,ok,65.0,28.0,2.0,0.0
1117297,QNST,ok,64.0,28.0,2.0,0.0
1120914,,no v2,,,,
1120970,,no v2,,,,
1121484,,no v2,,,,
1122904,NTGR,ok,66.0,28.0,2.0,0.0
1122976,AVNT,ok,66.0,25.0,2.0,0.0
1123494,,no v2,,,,
1124105,,no v2,,,,
1124198,FLR,ok,74.0,28.0,4.0,0.0
1124524,,no v2,,,,
1124796,LASR,ok,38.0,28.0,5.0,0.0
1125345,,no v2,,,,
1125376,ENSG,ok,36.0,28.0,3.0,0.0
1126741,,no v2,,,,
1126956,SR,ok,70.0,28.0,3.0,0.0
1127371,CWBC,ok,65.0,10.0,2.0,0.0
1127537,,no v2,,,,
1128361,HOPE,ok,65.0,28.0,2.0,0.0
1128928,FLO,ok,57.0,28.0,0.0,0.0
1130144,,no v2,,,,
1130464,BKH,ok,69.0,28.0,2.0,2.0
1130713,NXH,ok,65.0,1.0,0.0,0.0
1132105,SPWH,ok,54.0,19.0,1.0,0.0
1132651,,no v2,,,,
1133311,,no v2,,,,
1133416,,no v2,,,,
1133869,,no v2,,,,
1137091,,no v2,,,,
1137883,,no v2,,,,
1138723,,no v2,,,,
1140102,,no v2,,,,
1141103,CIK1141103,ok,37.0,27.0,2.0,0.0
1141688,,no v2,,,,
1142417,NXST,ok,62.0,16.0,0.0,0.0
1142750,AMN,ok,65.0,28.0,1.0,0.0
1144215,AYI,ok,67.0,1.0,0.0,0.0
1144879,APLD,ok,16.0,14.0,4.0,0.0
1144980,ABG,ok,65.0,28.0,3.0,0.0
1145986,,no v2,,,,
1157408,LRN,ok,64.0,24.0,1.0,0.0
1157601,,short financials,,,,
1157647,,no v2,,,,
1158114,AAOI,ok,58.0,14.0,3.0,0.0
1158172,,no v2,,,,
1158324,CCOI,ok,50.0,28.0,2.0,0.0
1158449,AAP,ok,52.0,13.0,0.0,3.0
1158463,JBLU,ok,38.0,28.0,4.0,0.0
1158895,LMAT,ok,65.0,28.0,3.0,0.0
1159036,HALO,ok,65.0,28.0,1.0,0.0
1160308,,no v2,,,,
1161728,MGEE,ok,69.0,28.0,1.0,0.0
1162194,,no v2,,,,
1162896,,no v2,,,,
1163370,,no v2,,,,
1163668,SPFI,ok,34.0,28.0,5.0,0.0
1163739,NBR,ok,72.0,1.0,0.0,5.0
1164863,NPO,ok,66.0,28.0,2.0,0.0
1165002,,no v2,,,,
1166003,XPO,ok,64.0,28.0,2.0,0.0
1166928,,no v2,,,,
1167419,RIOT,ok,59.0,21.0,3.0,0.0
1168455,,no v2,,,,
1169561,CVLT,ok,69.0,28.0,2.0,0.0
1169770,BANC,ok,64.0,28.0,3.0,0.0
1171155,,no v2,,,,
1171759,RRGB,ok,50.0,14.0,3.0,0.0
1172052,SAFT,ok,65.0,28.0,2.0,0.0
1173420,,short financials,,,,
1173489,,no v2,,,,
1173514,HY,ok,62.0,28.0,2.0,0.0
1174850,NIC,ok,58.0,28.0,6.0,0.0
1175151,,no v2,,,,
1176309,,no v2,,,,
1176948,ARES,ok,53.0,0.0,0.0,0.0
1177394,SNX,ok,64.0,28.0,3.0,0.0
1177609,FIVE,ok,62.0,28.0,0.0,0.0
1177648,,no v2,,,,
1177702,SAIA,ok,38.0,28.0,1.0,0.0
1178970,PFS,ok,69.0,28.0,4.0,0.0
1180262,HLF,ok,69.0,1.0,0.0,0.0
1185348,PRAA,ok,69.0,28.0,2.0,0.0
1192448,GKOS,ok,50.0,28.0,3.0,0.0
1200375,,no v2,,,,
1201792,,no v2,,,,
1206264,SGI,ok,69.0,28.0,2.0,1.0
1207179,,no v2,,,,
1210677,FA,ok,25.0,21.0,5.0,0.0
1211583,,no v2,,,,
1212545,WAL,ok,65.0,1.0,0.0,0.0
1213037,,no v2,,,,
1213809,,no v2,,,,
1217234,CDNA,ok,54.0,28.0,0.0,0.0
1219601,CCK,ok,69.0,14.0,0.0,0.0
1224133,,no v2,,,,
1224608,CNO,ok,69.0,28.0,2.0,0.0
1226616,,no v2,,,,
1227500,EQBK,ok,47.0,28.0,8.0,0.0
1227636,,no v2,,,,
1227654,CMP,ok,67.0,28.0,2.0,2.0
1228454,,no v2,,,,
1228627,,no v2,,,,
1230245,PIPR,ok,69.0,2.0,0.0,0.0
1231457,,no v2,,,,
1232524,JAZZ,ok,66.0,9.0,0.0,0.0
1232582,AHT,ok,66.0,9.0,2.0,0.0
1234006,,no v2,,,,
1235468,,no v2,,,,
1235912,,no v2,,,,
1237831,GMED,ok,62.0,28.0,1.0,0.0
1253689,,no v2,,,,
1253986,ABR,ok,64.0,26.0,2.0,0.0
1257640,KRO,ok,65.0,28.0,3.0,0.0
1258602,NNI,ok,52.0,28.0,5.0,0.0
1261333,DOCU,ok,38.0,8.0,0.0,0.0
1261654,UTI,ok,65.0,22.0,5.0,0.0
1262823,WLK,ok,66.0,16.0,0.0,0.0
1262976,CMPR,ok,68.0,1.0,0.0,0.0
1265131,HTH,ok,65.0,28.0,5.0,0.0
1267565,COLL,ok,40.0,28.0,1.0,0.0
1272842,,no v2,,,,
1273685,,short financials,,,,
1273813,AGO,ok,65.0,3.0,0.0,0.0
1274737,,no v2,,,,
1275014,UCTT,ok,68.0,28.0,2.0,7.0
1275168,FSBC,ok,26.0,22.0,4.0,1.0
1275187,,no v2,,,,
1276520,GNW,ok,73.0,28.0,1.0,0.0
1277902,,no v2,,,,
1278027,BGS,ok,68.0,1.0,0.0,3.0
1280058,BLKB,ok,69.0,28.0,3.0,0.0
1280263,AMBA,ok,60.0,1.0,0.0,0.0
1280776,,no v2,,,,
1281895,,no v2,,,,
1282637,NEU,ok,69.0,28.0,0.0,2.0
1282648,,no v2,,,,
1284812,CNS,ok,66.0,28.0,4.0,1.0
1285550,,no v2,,,,
1285819,,no v2,,,,
1286043,KRG,ok,65.0,28.0,2.0,0.0
1286139,LZ,ok,25.0,18.0,4.0,0.0
1286613,,no v2,,,,
1287098,,no v2,,,,
1287213,,no v2,,,,
1287865,MPT,ok,65.0,28.0,1.0,0.0
1288403,,no v2,,,,
1288469,MXL,ok,65.0,27.0,2.0,0.0
1288847,FIVN,ok,54.0,8.0,0.0,0.0
1289308,ENS,ok,69.0,28.0,2.0,0.0
1289340,,no v2,,,,
1289419,MORN,ok,69.0,13.0,0.0,0.0
1289460,TXRH,ok,69.0,28.0,1.0,0.0
1289848,HURN,ok,69.0,28.0,2.0,0.0
1289877,,no v2,,,,
1289945,,no v2,,,,
1290677,TPB,ok,46.0,28.0,5.0,0.0
1290900,,no v2,,,,
1294133,,no v2,,,,
1295401,TBBK,ok,65.0,28.0,11.0,0.0
1295810,SHO,ok,38.0,28.0,4.0,0.0
1295947,PBH,ok,65.0,28.0,2.0,0.0
1296445,ORA,ok,69.0,28.0,3.0,0.0
1297107,,short financials,,,,
1297184,,no v2,,,,
1297989,EXLS,ok,54.0,28.0,3.0,0.0
1298675,CUBE,ok,66.0,16.0,0.0,0.0
1298946,DRH,ok,38.0,28.0,1.0,0.0
1299130,,no v2,,,,
1299709,AX,ok,64.0,28.0,0.0,0.0
1299969,,no v2,,,,
1301787,BXC,ok,65.0,22.0,0.0,0.0
1302215,HLI,ok,41.0,26.0,2.0,0.0
1302387,,no v2,,,,
1304492,,no v2,,,,
1306830,CE,ok,73.0,7.0,0.0,0.0
1307748,IVT,ok,65.0,18.0,2.0,0.0
1307954,HUN,ok,69.0,2.0,0.0,1.0
1308208,ULH,ok,73.0,28.0,4.0,0.0
1308547,DLB,ok,70.0,13.0,0.0,0.0
1309108,WEX,ok,69.0,28.0,0.0,0.0
1309402,GPRE,ok,65.0,27.0,5.0,1.0
1311370,LAZ,ok,69.0,2.0,0.0,1.0
1314052,,no v2,,,,
1314102,,no v2,,,,
1314727,SONO,ok,40.0,28.0,3.0,0.0
1315257,KOP,ok,69.0,27.0,3.0,0.0
1315399,,no v2,,,,
1317685,,short financials,,,,
1317945,,no v2,,,,
1318008,,no v2,,,,
1318484,,no v2,,,,
1319161,WMG,ok,62.0,10.0,0.0,0.0
1319947,DBI,ok,66.0,27.0,2.0,0.0
1320350,,no v2,,,,
1320461,CPS,ok,62.0,23.0,1.0,0.0
1320760,,no v2,,,,
1320854,,no v2,,,,
1321732,PEN,ok,50.0,28.0,0.0,0.0
1323885,ATRC,ok,65.0,28.0,3.0,0.0
1324948,RBC,ok,69.0,27.0,1.0,0.0
1325618,,no v2,,,,
1325670,,no v2,,,,
1325964,,no v2,,,,
1326110,,no v2,,,,
1326190,,no v2,,,,
1326200,,no v2,,,,
1326380,GME,ok,74.0,27.0,3.0,0.0
1326732,,no v2,,,,
1327607,,no v2,,,,
1327688,,no v2,,,,
1328581,BCC,ok,58.0,28.0,2.0,0.0
1331284,,no v2,,,,
1331520,HOMB,ok,65.0,1.0,0.0,0.0
1331875,FNF,ok,68.0,13.0,2.0,0.0
1332349,BKD,ok,69.0,28.0,2.0,0.0
1332551,,no v2,,,,
1333274,MERC,ok,54.0,20.0,0.0,0.0
1333493,,no v2,,,,
1333986,EQH,ok,36.0,12.0,1.0,0.0
1334036,CROX,ok,65.0,28.0,1.0,7.0
1334325,,no v2,,,,
1334933,UEC,ok,20.0,27.0,5.0,0.0
1334978,CCO,ok,65.0,17.0,1.0,10.0
1336706,,short financials,,,,
1336917,UA,ok,69.0,18.0,1.0,0.0
1337013,,no v2,,,,
1337298,,no v2,,,,
1337634,,short financials,,,,
1339970,,no v2,,,,
1341235,,no v2,,,,
1341317,BWB,ok,38.0,28.0,5.0,0.0
1341766,CELH,ok,44.0,27.0,6.0,0.0
1342423,,no v2,,,,
1345016,YELP,ok,62.0,28.0,1.0,3.0
1345126,CODI,ok,64.0,18.0,2.0,0.0
1346830,,no v2,,,,
1347178,,no v2,,,,
1347858,,no v2,,,,
1349436,,no v2,,,,
1350593,MWA,ok,67.0,28.0,2.0,0.0
1350653,ATEC,ok,65.0,28.0,3.0,0.0
1351636,,no v2,,,,
1354866,,no v2,,,,
1356090,,no v2,,,,
1356115,,no v2,,,,
1356576,SUPN,ok,61.0,28.0,3.0,0.0
1357459,,no v2,,,,
1357615,KBR,ok,73.0,28.0,1.0,0.0
1357874,,no v2,,,,
1357971,,no v2,,,,
1359931,,no v2,,,,
1360214,HROW,ok,53.0,18.0,3.0,0.0
1360604,HR,ok,64.0,28.0,2.0,0.0
1360901,EVR,ok,66.0,28.0,0.0,0.0
1361113,VRNS,ok,54.0,26.0,3.0,0.0
1361538,PRIM,ok,38.0,28.0,3.0,0.0
1361658,TNL,ok,69.0,1.0,0.0,0.0
1362004,ICFI,ok,65.0,28.0,2.0,8.0
1362190,,no v2,,,,
1362468,ALGT,ok,65.0,28.0,2.0,0.0
1364250,DEI,ok,69.0,28.0,3.0,0.0
1364479,HRI,ok,69.0,28.0,2.0,0.0
1364954,,no v2,,,,
1365135,WU,ok,74.0,20.0,2.0,0.0
1366868,GSAT,ok,66.0,20.0,2.0,0.0
1367644,,no v2,,,,
1367859,,no v2,,,,
1368265,,no v2,,,,
1368458,SBH,ok,69.0,28.0,2.0,0.0
1368514,ADMA,ok,59.0,24.0,3.0,0.0
1368622,AVAV,ok,71.0,28.0,6.0,0.0
1369290,,no v2,,,,
1369568,CIK1369568,ok,29.0,27.0,2.0,0.0
1370053,,no v2,,,,
1370450,WLDN,ok,65.0,28.0,3.0,0.0
1370637,ETSY,ok,50.0,12.0,0.0,0.0
1370946,OC,ok,69.0,28.0,0.0,0.0
1371285,TRUP,ok,54.0,28.0,4.0,0.0
1371489,,no v2,,,,
1372299,,no v2,,,,
1372612,BOX,ok,50.0,28.0,2.0,0.0
1373670,GRBK,ok,61.0,28.0,5.0,0.0
1374328,,no v2,,,,
1374690,,no v2,,,,
1375205,,no v2,,,,
1375877,,no v2,,,,
1376139,CVI,ok,66.0,28.0,5.0,0.0
1376339,,no v2,,,,
1377121,PTGX,ok,27.0,28.0,6.0,0.0
1377630,,no v2,,,,
1377789,,no v2,,,,
1378325,,short financials,,,,
1378950,,no v2,,,,
1379041,EIG,ok,69.0,28.0,1.0,0.0
1380106,,no v2,,,,
1382101,,no v2,,,,
1384101,VCYT,ok,58.0,28.0,5.0,0.0
1384195,,no v2,,,,
1384905,RNG,ok,58.0,3.0,0.0,0.0
1385280,CNK,ok,66.0,27.0,1.0,2.0
1385613,,no v2,,,,
1385818,,no v2,,,,
1385849,UUUU,ok,46.0,28.0,3.0,1.0
1386278,GDOT,ok,66.0,28.0,2.0,0.0
1386570,NAGE,ok,63.0,19.0,3.0,7.0
1387467,,no v2,,,,
1388320,,no v2,,,,
1388658,IRTC,ok,46.0,28.0,3.0,0.0
1389050,AROC,ok,69.0,28.0,2.0,0.0
1390478,,no v2,,,,
1392272,,no v2,,,,
1392380,,no v2,,,,
1393434,OCUL,ok,50.0,28.0,6.0,0.0
1393584,,no v2,,,,
1393726,TIPT,ok,55.0,28.0,5.0,0.0
1393883,,no v2,,,,
1394056,,no v2,,,,
1395937,SNDX,ok,36.0,28.0,7.0,3.0
1395942,OPLN,ok,38.0,28.0,2.0,0.0
1396536,,no v2,,,,
1396814,PCRX,ok,65.0,28.0,2.0,0.0
1398659,G,ok,67.0,2.0,1.0,0.0
1398733,,no v2,,,,
1398805,,no v2,,,,
1399520,,no v2,,,,
1400118,,no v2,,,,
1400810,HCI,ok,66.0,28.0,7.0,8.0
1400891,IHRT,ok,64.0,26.0,1.0,12.0
1401040,,no v2,,,,
1401257,,no v2,,,,
1401521,,no v2,,,,
1401667,,no v2,,,,
1402829,,no v2,,,,
1403475,,no v2,,,,
1404281,,no v2,,,,
1404644,,no v2,,,,
1404655,HUBS,ok,54.0,1.0,0.0,1.0
1405495,IDCC,ok,69.0,28.0,2.0,0.0
1406587,FOR,ok,66.0,28.0,3.0,0.0
1406666,CALX,ok,65.0,28.0,1.0,0.0
1408075,GPK,ok,66.0,14.0,0.0,0.0
1408100,CIK1408100,ok,64.0,26.0,2.0,0.0
1408534,,no v2,,,,
1408710,FN,ok,64.0,17.0,1.0,0.0
1409171,TITN,ok,65.0,28.0,1.0,0.0
1409375,,no v2,,,,
1409493,,short financials,,,,
1409970,HAPN,ok,64.0,28.0,3.0,0.0
1410098,CRMD,ok,46.0,24.0,5.0,5.0
1410384,QTWO,ok,54.0,28.0,3.0,0.0
1411207,ALSN,ok,62.0,1.0,0.0,0.0
1411342,EFC,ok,28.0,27.0,6.0,0.0
1411579,AMC,ok,54.0,16.0,4.0,0.0
1411685,,no v2,,,,
1411690,,no v2,,,,
1412408,PHR,ok,34.0,27.0,4.0,0.0
1415404,ECHO,ok,69.0,14.0,1.0,6.0
1417663,,no v2,,,,
1418121,APLE,ok,65.0,22.0,2.0,0.0
1418819,IRDM,ok,65.0,28.0,2.0,1.0
1419536,,no v2,,,,
1419612,SEDG,ok,50.0,20.0,0.0,0.0
1419945,,no v2,,,,
1420520,,no v2,,,,
1420720,,no v2,,,,
1420800,ENOV,ok,67.0,18.0,0.0,0.0
1421461,,no v2,,,,
1421517,,no v2,,,,
1422142,,no v2,,,,
1422143,,no v2,,,,
1422930,,no v2,,,,
1423221,NX,ok,66.0,28.0,3.0,0.0
1423689,AGNC,ok,31.0,1.0,0.0,0.0
1423869,,no v2,,,,
1424182,BNL,ok,42.0,24.0,2.0,0.0
1424929,FOXF,ok,58.0,28.0,2.0,0.0
1425205,,no v2,,,,
1425287,,no v2,,,,
1425450,,no v2,,,,
1426800,,no v2,,,,
1428205,,short financials,,,,
1428336,HQY,ok,54.0,28.0,2.0,0.0
1428439,ROKU,ok,42.0,2.0,0.0,0.0
1429260,,no v2,,,,
1429764,,no v2,,,,
1430306,,no v2,,,,
1430723,SFBS,ok,65.0,28.0,3.0,0.0
1431567,,no v2,,,,
1432133,,no v2,,,,
1433195,APPF,ok,49.0,28.0,2.0,0.0
1433270,AR,ok,56.0,24.0,0.0,0.0
1433642,HLNE,ok,37.0,0.0,4.0,0.0
1433660,JBTM,ok,65.0,28.0,4.0,0.0
1434316,,no v2,,,,
1434588,LOPE,ok,67.0,28.0,1.0,0.0
1434621,TREE,ok,65.0,28.0,5.0,0.0
1434647,,no v2,,,,
1434728,,no v2,,,,
1434754,,no v2,,,,
1436126,,no v2,,,,
1436208,,no v2,,,,
1436425,,no v2,,,,
1437071,,short financials,,,,
1437226,,no v2,,,,
1437402,ARDX,ok,43.0,22.0,3.0,0.0
1437578,BFAM,ok,58.0,2.0,0.0,0.0
1437958,CCB,ok,37.0,28.0,3.0,0.0
1438133,TNDM,ok,54.0,23.0,1.0,4.0
1438423,,no v2,,,,
1438472,,short financials,,,,
1438533,TVTX,ok,49.0,24.0,3.0,0.0
1439222,AGIO,ok,54.0,22.0,2.0,0.0
1439288,ZWS,ok,61.0,20.0,2.0,0.0
1439725,,no v2,,,,
1441236,CLW,ok,65.0,28.0,1.0,7.0
1441683,,no v2,,,,
1442236,,no v2,,,,
1443575,,no v2,,,,
1443646,BAH,ok,37.0,4.0,0.0,0.0
1443669,PRLB,ok,62.0,28.0,2.0,0.0
1445305,WK,ok,38.0,28.0,2.0,0.0
1446847,,no v2,,,,
1447028,,no v2,,,,
1447362,,no v2,,,,
1447669,TWLO,ok,45.0,5.0,0.0,0.0
1448431,,no v2,,,,
1448893,ESNT,ok,54.0,2.0,1.0,0.0
1451505,RIG,ok,73.0,1.0,0.0,3.0
1451809,SITM,ok,34.0,27.0,5.0,0.0
1452477,,no v2,,,,
1453687,,no v2,,,,
1454938,TEAD,ok,25.0,20.0,2.0,0.0
1456772,,no v2,,,,
1459200,ALRM,ok,49.0,28.0,2.0,0.0
1459839,SIBN,ok,36.0,28.0,6.0,0.0
1462056,,no v2,,,,
1462120,LOB,ok,49.0,28.0,4.0,2.0
1463972,,no v2,,,,
1464343,ATLC,ok,65.0,26.0,3.0,4.0
1464423,PMT,ok,57.0,28.0,4.0,0.0
1464521,,short financials,,,,
1464790,,no v2,,,,
1465128,STWD,ok,68.0,15.0,0.0,0.0
1465740,,short financials,,,,
1466026,MSBI,ok,46.0,28.0,2.0,0.0
1466085,IRT,ok,62.0,28.0,2.0,4.0
1466593,OTTR,ok,68.0,28.0,3.0,3.0
1467623,DBX,ok,37.0,14.0,0.0,0.0
1467760,ARI,ok,24.0,23.0,1.0,0.0
1468174,H,ok,66.0,12.0,0.0,0.0
1468327,,no v2,,,,
1468328,ADUS,ok,39.0,28.0,3.0,0.0
1468748,,no v2,,,,
1469367,RUN,ok,49.0,27.0,3.0,0.0
1471265,NWBI,ok,70.0,28.0,1.0,0.0
1472012,,no v2,,,,
1472091,,no v2,,,,
1472787,FAF,ok,69.0,28.0,0.0,0.0
1473334,,no v2,,,,
1474098,PEB,ok,38.0,28.0,3.0,0.0
1474432,P,ok,48.0,10.0,0.0,0.0
1474903,,no v2,,,,
1475841,NBHC,ok,64.0,28.0,4.0,0.0
1475922,PRI,ok,65.0,28.0,0.0,0.0
1476034,MCB,ok,42.0,28.0,7.0,0.0
1476045,,no v2,,,,
1476150,TRNO,ok,65.0,28.0,3.0,0.0
1476204,PECO,ok,62.0,1.0,0.0,0.0
1476840,,no v2,,,,
1477081,,no v2,,,,
1477294,ST,ok,66.0,1.0,0.0,0.0
1477449,TDOC,ok,49.0,10.0,0.0,0.0
1477720,ASAN,ok,28.0,22.0,3.0,0.0
1477815,SG,ok,22.0,19.0,1.0,0.0
1478320,ADPT,ok,33.0,18.0,3.0,0.0
1478454,,no v2,,,,
1479094,STAG,ok,60.0,28.0,1.0,0.0
1479681,,no v2,,,,
1481582,RYZ,ok,63.0,28.0,3.0,0.0
1481792,QUAD,ok,65.0,24.0,5.0,0.0
1482512,HPP,ok,66.0,24.0,2.0,0.0
1482981,COCO,ok,23.0,20.0,3.0,0.0
1483934,,no v2,,,,
1484612,,no v2,,,,
1484769,,no v2,,,,
1484778,,no v2,,,,
1486159,CHRD,ok,45.0,21.0,2.0,0.0
1486957,BWXT,ok,66.0,14.0,0.0,2.0
1487952,,no v2,,,,
1488039,,no v2,,,,
1488139,AMRC,ok,65.0,28.0,3.0,0.0
1488813,CUBI,ok,64.0,28.0,1.0,0.0
1488917,,no v2,,,,
1489993,,short financials,,,,
1490281,,no v2,,,,
1490906,CFFN,ok,64.0,28.0,1.0,0.0
1490978,SDGR,ok,30.0,27.0,5.0,0.0
1491419,,no v2,,,,
1492165,,no v2,,,,
1492298,SBRA,ok,62.0,28.0,2.0,0.0
1492691,KNX,ok,65.0,28.0,1.0,3.0
1493225,CIK1493225,ok,61.0,27.0,3.0,0.0
1493594,MTSI,ok,63.0,28.0,1.0,0.0
1493761,,no v2,,,,
1494259,CARG,ok,42.0,28.0,3.0,0.0
1494582,,no v2,,,,
1495240,,no v2,,,,
1495320,,no v2,,,,
1495932,AGNT,ok,56.0,28.0,6.0,0.0
1496443,,no v2,,,,
1497645,,no v2,,,,
1497770,WD,ok,65.0,1.0,0.0,0.0
1498382,,no v2,,,,
1499422,,no v2,,,,
1499832,,no v2,,,,
1500217,AAT,ok,65.0,28.0,2.0,0.0
1500412,,short financials,,,,
1500435,,no v2,,,,
1500881,,no v2,,,,
1501697,,no v2,,,,
1501796,,no v2,,,,
1501989,,no v2,,,,
1502377,,no v2,,,,
1503274,,no v2,,,,
1503584,,no v2,,,,
1503802,,no v2,,,,
1504008,BKU,ok,65.0,26.0,0.0,0.0
1504776,WRBY,ok,24.0,18.0,2.0,0.0
1505155,,no v2,,,,
1505732,,no v2,,,,
1505952,,no v2,,,,
1506251,,no v2,,,,
1506293,PINS,ok,34.0,4.0,1.0,0.0
1507079,FND,ok,42.0,12.0,0.0,1.0
1507605,MARA,ok,52.0,19.0,2.0,0.0
1509261,,no v2,,,,
1509991,KOS,ok,65.0,25.0,3.0,0.0
1511337,RLJ,ok,65.0,28.0,1.0,0.0
1512228,,no v2,,,,
1512499,,no v2,,,,
1512762,,no v2,,,,
1514281,MITT,ok,12.0,9.0,0.0,0.0
1514416,,no v2,,,,
1514705,SXC,ok,65.0,28.0,3.0,0.0
1514991,AMCX,ok,62.0,28.0,3.0,0.0
1515156,,no v2,,,,
1515673,RARE,ok,39.0,8.0,0.0,0.0
1516513,DOCS,ok,25.0,14.0,0.0,0.0
1516551,,no v2,,,,
1516912,OBK,ok,38.0,28.0,5.0,0.0
1517022,AKBA,ok,37.0,17.0,1.0,0.0
1517175,CHEF,ok,65.0,27.0,3.0,2.0
1517228,VISN,ok,52.0,17.0,1.0,7.0
1517302,APAM,ok,58.0,28.0,4.0,0.0
1517375,SPT,ok,30.0,26.0,4.0,0.0
1517413,FSLY,ok,33.0,18.0,3.0,0.0
1518621,,short financials,,,,
1518715,MCHB,ok,61.0,26.0,4.0,0.0
1519401,,no v2,,,,
1519449,SKWD,ok,18.0,14.0,4.0,0.0
1519472,,no v2,,,,
1519751,FBIN,ok,64.0,16.0,0.0,0.0
1520006,MTDR,ok,62.0,26.0,2.0,0.0
1520262,ALKS,ok,64.0,7.0,1.0,0.0
1520358,,no v2,,,,
1520697,ACHC,ok,38.0,28.0,0.0,0.0
1521036,LNTH,ok,50.0,28.0,4.0,0.0
1521951,,no v2,,,,
1522540,MQ,ok,25.0,15.0,3.0,0.0
1524025,,no v2,,,,
1524358,VAC,ok,62.0,28.0,2.0,0.0
1524566,,short financials,,,,
1525221,VTOL,ok,58.0,26.0,3.0,0.0
1525769,PLAY,ok,54.0,1.0,0.0,0.0
1526113,GNL,ok,55.0,28.0,4.0,2.0
1526119,,no v2,,,,
1526243,,short financials,,,,
1526520,TRIP,ok,62.0,28.0,0.0,0.0
1527166,CG,ok,60.0,12.0,1.0,0.0
1527590,RC,ok,50.0,28.0,8.0,0.0
1527599,,no v2,,,,
1527753,,no v2,,,,
1527762,,no v2,,,,
1528115,,no v2,,,,
1528287,,no v2,,,,
1528356,,no v2,,,,
1528396,GWRE,ok,63.0,7.0,0.0,0.0
1528849,RH,ok,62.0,28.0,2.0,0.0
1529274,ALKT,ok,25.0,21.0,5.0,0.0
1529377,,no v2,,,,
1529628,,no v2,,,,
1529864,ENVA,ok,54.0,28.0,3.0,0.0
1530249,,no v2,,,,
1530721,CPRI,ok,63.0,4.0,0.0,0.0
1530804,TROX,ok,61.0,1.0,0.0,0.0
1530950,POST,ok,63.0,28.0,0.0,0.0
1530979,,no v2,,,,
1531031,,no v2,,,,
1531152,BJ,ok,38.0,28.0,1.0,0.0
1531177,,no v2,,,,
1531193,,short financials,,,,
1532286,,no v2,,,,
1533615,,no v2,,,,
1533924,,no v2,,,,
1533998,,no v2,,,,
1534120,,no v2,,,,
1534504,PBF,ok,53.0,27.0,7.0,0.0
1534675,TGLS,ok,54.0,1.0,0.0,0.0
1534969,,no v2,,,,
1535929,VOYA,ok,57.0,20.0,0.0,0.0
1537054,GOGO,ok,58.0,26.0,5.0,13.0
1538263,,no v2,,,,
1538379,IBTA,ok,14.0,9.0,2.0,0.0
1538716,,no v2,,,,
1539638,TFIN,ok,54.0,28.0,2.0,0.0
1540171,,short financials,,,,
1541119,,no v2,,,,
1541401,ESRT,ok,59.0,22.0,1.0,0.0
1544522,FRSH,ok,24.0,14.0,2.0,0.0
1546417,BLMN,ok,62.0,27.0,4.0,0.0
1547459,NGVC,ok,59.0,28.0,6.0,0.0
1547546,,no v2,,,,
1547903,NMIH,ok,56.0,28.0,4.0,0.0
1549346,,no v2,,,,
1549595,NRIX,ok,30.0,24.0,7.0,0.0
1549966,,no v2,,,,
1551306,PGNY,ok,34.0,27.0,6.0,0.0
1552033,TRU,ok,57.0,5.0,0.0,0.0
1552800,,no v2,,,,
1553643,,no v2,,,,
1555279,,no v2,,,,
1556593,RITM,ok,29.0,3.0,0.0,1.0
1556727,,no v2,,,,
1556739,,no v2,,,,
1557746,,no v2,,,,
1557860,,no v2,,,,
1559053,,no v2,,,,
1559865,EVTC,ok,58.0,19.0,3.0,5.0
1560258,,no v2,,,,
1560327,RPD,ok,49.0,28.0,3.0,0.0
1561032,,no v2,,,,
1561894,HASI,ok,58.0,28.0,4.0,0.0
1561921,,no v2,,,,
1562088,DUOL,ok,25.0,18.0,2.0,0.0
1562401,AMH,ok,58.0,11.0,0.0,0.0
1562463,INBK,ok,58.0,23.0,2.0,8.0
1562476,CIK1562476,ok,57.0,27.0,3.0,0.0
1562528,FBRT,ok,54.0,20.0,2.0,1.0
1563190,COMP,ok,26.0,18.0,3.0,0.0
1563411,,short financials,,,,
1563880,,no v2,,,,
1564902,PRKS,ok,58.0,1.0,0.0,0.0
1565687,INTA,ok,24.0,21.0,5.0,0.0
1567094,CNH,ok,20.0,1.0,0.0,0.0
1567683,CWEN,ok,58.0,26.0,3.0,0.0
1567900,,no v2,,,,
1568100,PD,ok,34.0,22.0,2.0,0.0
1568651,OSCR,ok,26.0,17.0,3.0,0.0
1569187,,no v2,,,,
1569345,CXM,ok,25.0,14.0,4.0,0.0
1569650,,no v2,,,,
1569994,,no v2,,,,
1570562,,no v2,,,,
1570827,VCTR,ok,42.0,18.0,2.0,1.0
1571123,SAIC,ok,58.0,28.0,1.0,0.0
1571283,REXR,ok,53.0,27.0,2.0,0.0
1571776,,no v2,,,,
1572334,,no v2,,,,
1572616,,no v2,,,,
1573221,,no v2,,,,
1573516,MUSA,ok,58.0,28.0,2.0,0.0
1574085,,no v2,,,,
1575515,SFM,ok,57.0,28.0,1.0,0.0
1575793,,no v2,,,,
1575965,GLPI,ok,58.0,13.0,0.0,0.0
1576018,SPNT,ok,55.0,1.0,0.0,0.0
1576280,GH,ok,36.0,12.0,2.0,0.0
1576873,,no v2,,,,
1576885,,no v2,,,,
1576940,CCS,ok,52.0,28.0,2.0,0.0
1576942,SFIX,ok,39.0,28.0,3.0,0.0
1577437,,no v2,,,,
1577526,AI,ok,27.0,17.0,3.0,0.0
1577670,LADR,ok,54.0,27.0,3.0,0.0
1578732,,no v2,,,,
1579091,CART,ok,16.0,7.0,0.0,0.0
1579157,,no v2,,,,
1579298,BURL,ok,58.0,12.0,0.0,0.0
1579428,AXSM,ok,17.0,15.0,3.0,0.0
1579684,TDAY,ok,53.0,27.0,1.0,0.0
1579733,VITL,ok,30.0,25.0,5.0,0.0
1579877,OUT,ok,54.0,22.0,5.0,0.0
1580560,FLYW,ok,25.0,21.0,3.0,0.0
1580670,LGIH,ok,54.0,28.0,2.0,0.0
1580808,ATEN,ok,54.0,28.0,5.0,0.0
1580864,,no v2,,,,
1580905,IBP,ok,54.0,28.0,2.0,0.0
1581068,BRX,ok,58.0,28.0,0.0,0.0
1581280,TWST,ok,35.0,28.0,3.0,0.0
1581760,LIF,ok,21.0,9.0,1.0,0.0
1581804,,no v2,,,,
1582313,XENE,ok,34.0,6.0,1.0,0.0
1582961,DOCN,ok,26.0,22.0,4.0,0.0
1583648,,no v2,,,,
1584509,ARMK,ok,55.0,15.0,0.0,0.0
1585364,PRGO,ok,59.0,1.0,0.0,0.0
1585389,SMA,ok,47.0,5.0,1.0,0.0
1587523,KN,ok,53.0,28.0,2.0,0.0
1587732,OGS,ok,37.0,28.0,3.0,0.0
1587987,,no v2,,,,
1588978,PRCT,ok,24.0,19.0,3.0,0.0
1589526,BLBD,ok,52.0,28.0,2.0,0.0
1590364,FTAI,ok,50.0,5.0,1.0,2.0
1590418,,no v2,,,,
1590584,,no v2,,,,
1590714,ESI,ok,51.0,7.0,0.0,0.0
1590715,,no v2,,,,
1590717,CTRE,ok,54.0,28.0,5.0,0.0
1590750,VRDN,ok,52.0,18.0,5.0,4.0
1590877,,no v2,,,,
1590976,,no v2,,,,
1591588,GOLD,ok,57.0,26.0,5.0,0.0
1591670,,no v2,,,,
1591698,PCTY,ok,56.0,26.0,0.0,0.0
1592386,VIRT,ok,49.0,10.0,0.0,0.0
1593275,HG,ok,16.0,1.0,0.0,0.0
1593538,NAVI,ok,53.0,28.0,5.0,0.0
1593899,,no v2,,,,
1593984,,no v2,,,,
1595097,,no v2,,,,
1595248,,no v2,,,,
1595974,MGNI,ok,54.0,24.0,2.0,0.0
1596961,RDNW,ok,38.0,9.0,3.0,0.0
1596967,,short financials,,,,
1596993,LPG,ok,52.0,1.0,0.0,0.0
1597033,SABR,ok,54.0,27.0,3.0,0.0
1597672,RYAM,ok,54.0,26.0,3.0,0.0
1598428,MTUS,ok,53.0,28.0,3.0,0.0
1598646,,no v2,,,,
1598665,,no v2,,,,
1598981,,no v2,,,,
1599298,SMMT,ok,12.0,12.0,1.0,0.0
1599617,DNOW,ok,54.0,28.0,3.0,0.0
1600033,ELF,ok,46.0,28.0,3.0,2.0
1600222,,short financials,,,,
1600620,AUPH,ok,30.0,18.0,2.0,0.0
1600641,,no v2,,,,
1601485,,no v2,,,,
1601548,VVX,ok,38.0,27.0,8.0,0.0
1601830,RXRX,ok,26.0,21.0,7.0,0.0
1602658,,no v2,,,,
1603015,,short financials,,,,
1603454,,no v2,,,,
1603923,WFRD,ok,54.0,3.0,0.0,0.0
1603978,,no v2,,,,
1604028,WMS,ok,53.0,21.0,2.0,0.0
1604464,,no v2,,,,
1604778,QRVO,ok,53.0,8.0,0.0,0.0
1604821,NTRA,ok,50.0,6.0,1.0,0.0
1604868,,no v2,,,,
1605301,,no v2,,,,
1606163,LMB,ok,39.0,14.0,2.0,0.0
1606366,,no v2,,,,
1606757,KE,ok,52.0,28.0,2.0,0.0
1606909,,no v2,,,,
1607678,,short financials,,,,
1607807,,no v2,,,,
1609151,,no v2,,,,
1609253,CRC,ok,51.0,23.0,1.0,0.0
1609550,INSP,ok,38.0,23.0,1.0,0.0
1609804,OEC,ok,34.0,1.0,0.0,0.0
1609809,,no v2,,,,
1610250,BOOT,ok,53.0,27.0,2.0,0.0
1611115,,short financials,,,,
1611547,UE,ok,50.0,28.0,3.0,0.0
1611647,FRPT,ok,58.0,13.0,1.0,1.0
1612630,,no v2,,,,
1612720,,short financials,,,,
1614178,,no v2,,,,
1614806,,no v2,,,,
1615063,,no v2,,,,
1615165,,no v2,,,,
1616000,XHR,ok,38.0,1.0,0.0,0.0
1616533,PENG,ok,44.0,4.0,0.0,0.0
1616543,,no v2,,,,
1616862,AXTA,ok,50.0,1.0,0.0,0.0
1617242,KRNY,ok,52.0,28.0,7.0,0.0
1617406,PK,ok,42.0,1.0,0.0,0.0
1617553,,no v2,,,,
1618673,PFGC,ok,48.0,28.0,2.0,0.0
1618732,NTNX,ok,44.0,0.0,0.0,0.0
1618835,,no v2,,,,
1619762,,no v2,,,,
1619856,,no v2,,,,
1620393,,no v2,,,,
1620459,,no v2,,,,
1620533,SHAK,ok,50.0,28.0,3.0,0.0
1622194,DEA,ok,50.0,28.0,4.0,0.0
1622229,COGT,ok,15.0,18.0,6.0,3.0
1622536,TLN,ok,23.0,5.0,0.0,0.0
1623526,,no v2,,,,
1623925,AM,ok,42.0,27.0,1.0,0.0
1624322,BFST,ok,50.0,28.0,7.0,0.0
1624326,,no v2,,,,
1624794,CSW,ok,49.0,28.0,4.0,0.0
1625101,,no v2,,,,
1625278,,no v2,,,,
1625297,,short financials,,,,
1625641,,no v2,,,,
1626115,PJT,ok,50.0,0.0,2.0,0.0
1626450,,no v2,,,,
1626878,,no v2,,,,
1626971,,no v2,,,,
1627223,CC,ok,50.0,28.0,0.0,0.0
1627475,UPWK,ok,36.0,28.0,2.0,0.0
1628063,,no v2,,,,
1628171,RVMD,ok,19.0,20.0,8.0,0.0
1628369,CWK,ok,38.0,1.0,0.0,0.0
1628908,EVH,ok,38.0,27.0,4.0,0.0
1629019,MBIN,ok,42.0,28.0,8.0,0.0
1630472,,no v2,,,,
1630627,,no v2,,,,
1630805,,no v2,,,,
1631569,,no v2,,,,
1631574,WVE,ok,38.0,1.0,0.0,0.0
1631596,KREF,ok,18.0,18.0,6.0,0.0
1632127,CABO,ok,51.0,27.0,0.0,0.0
1632790,ENR,ok,51.0,28.0,2.0,0.0
1632970,AHR,ok,41.0,9.0,1.0,0.0
1633978,LITE,ok,52.0,25.0,0.0,0.0
1634117,BNED,ok,49.0,1.0,0.0,0.0
1635088,ROIV,ok,24.0,1.0,0.0,0.0
1635282,,no v2,,,,
1636222,WING,ok,50.0,28.0,1.0,0.0
1636282,SYRE,ok,15.0,9.0,1.0,0.0
1636422,,no v2,,,,
1636519,MSGS,ok,47.0,13.0,0.0,0.0
1636639,,no v2,,,,
1636651,,no v2,,,,
1637147,,no v2,,,,
1637207,PLNT,ok,50.0,0.0,0.0,0.0
1637715,,no v2,,,,
1637873,ACVA,ok,26.0,18.0,3.0,0.0
1638290,MCFT,ok,48.0,28.0,3.0,0.0
1638826,TTAN,ok,12.0,2.0,0.0,0.0
1638833,SGRY,ok,49.0,28.0,8.0,0.0
1639300,OLLI,ok,50.0,28.0,0.0,0.0
1639438,CAVA,ok,13.0,7.0,1.0,0.0
1639691,LIVN,ok,54.0,1.0,0.0,0.0
1639723,,short financials,,,,
1639825,PTON,ok,32.0,9.0,0.0,0.0
1639877,,no v2,,,,
1640266,,no v2,,,,
1640428,,no v2,,,,
1641281,,no v2,,,,
1641489,,no v2,,,,
1641614,,no v2,,,,
1641631,,no v2,,,,
1642122,,no v2,,,,
1643615,ONT,ok,30.0,25.0,4.0,0.0
1643953,,no v2,,,,
1644378,,no v2,,,,
1644903,,no v2,,,,
1644963,,no v2,,,,
1645113,NVCR,ok,48.0,2.0,0.0,0.0
1645460,,no v2,,,,
1645469,,no v2,,,,
1646188,,no v2,,,,
1646972,ACI,ok,30.0,7.0,0.0,0.0
1647088,WSC,ok,42.0,16.0,1.0,4.0
1647639,UPST,ok,26.0,14.0,1.0,0.0
1649094,,short financials,,,,
1649096,,no v2,,,,
1649744,,no v2,,,,
1649749,FBK,ok,44.0,28.0,6.0,0.0
1649904,RYTM,ok,22.0,18.0,4.0,0.0
1649989,,no v2,,,,
1650132,FCPT,ok,50.0,28.0,2.0,0.0
1650164,TOST,ok,24.0,1.0,0.0,0.0
1650648,,no v2,,,,
1650664,,no v2,,,,
1650696,,no v2,,,,
1650729,SITE,ok,46.0,6.0,1.0,0.0
1651562,COUR,ok,26.0,21.0,6.0,0.0
1652130,NTLA,ok,37.0,28.0,6.0,0.0
1652535,,no v2,,,,
1652935,,no v2,,,,
1653087,,no v2,,,,
1653242,,no v2,,,,
1653477,NGVT,ok,45.0,28.0,2.0,0.0
1653558,,no v2,,,,
1653653,RRR,ok,46.0,28.0,3.0,0.0
1654795,,no v2,,,,
1655210,,no v2,,,,
1655759,,no v2,,,,
1657573,XMTR,ok,25.0,20.0,1.0,0.0
1657677,,short financials,,,,
1657853,HTZ,ok,46.0,17.0,2.0,0.0
1658247,CIK1658247,ok,26.0,27.0,6.0,0.0
1658551,,no v2,,,,
1658566,PR,ok,39.0,17.0,4.0,0.0
1660134,OKTA,ok,36.0,6.0,0.0,0.0
1660280,TENB,ok,38.0,28.0,5.0,0.0
1660334,,no v2,,,,
1661059,,no v2,,,,
1661181,,no v2,,,,
1661998,,no v2,,,,
1662579,,no v2,,,,
1662684,,no v2,,,,
1662991,SEZL,ok,25.0,8.0,1.0,0.0
1664703,BE,ok,38.0,25.0,6.0,0.0
1664710,,no v2,,,,
1665300,,no v2,,,,
1665918,USFD,ok,46.0,15.0,0.0,0.0
1665988,,no v2,,,,
1666071,,no v2,,,,
1666134,BL,ok,46.0,28.0,3.0,0.0
1666138,ATKR,ok,47.0,28.0,0.0,0.0
1666291,,no v2,,,,
1667011,,no v2,,,,
1668243,,no v2,,,,
1668397,MEDP,ok,44.0,28.0,1.0,0.0
1669162,KNSL,ok,46.0,28.0,1.0,0.0
1669779,CWH,ok,46.0,27.0,6.0,0.0
1669811,DFIN,ok,44.0,28.0,3.0,0.0
1670076,ULCC,ok,26.0,22.0,3.0,0.0
1670541,ADNT,ok,43.0,1.0,0.0,0.0
1670592,YETI,ok,38.0,28.0,3.0,0.0
1671858,SPRY,ok,14.0,14.0,2.0,0.0
1672013,GOLF,ok,46.0,28.0,2.0,0.0
1672619,,short financials,,,,
1672688,,no v2,,,,
1673743,,short financials,,,,
1673985,ASIX,ok,46.0,28.0,2.0,0.0
1674168,HGV,ok,42.0,26.0,3.0,0.0
1674335,JELD,ok,42.0,26.0,4.0,0.0
1674416,CRSP,ok,41.0,1.0,0.0,0.0
1674632,,no v2,,,,
1674862,ASH,ok,42.0,28.0,1.0,13.0
1674910,VVV,ok,43.0,28.0,1.0,0.0
1674930,,no v2,,,,
1675149,AA,ok,44.0,24.0,1.0,0.0
1675644,,no v2,,,,
1676238,BRZE,ok,24.0,14.0,4.0,0.0
1676725,IDYA,ok,19.0,24.0,7.0,0.0
1677576,IIPR,ok,38.0,28.0,6.0,0.0
1677703,CNDT,ok,44.0,28.0,1.0,0.0
1678660,,no v2,,,,
1679049,INSW,ok,46.0,1.0,0.0,0.0
1679268,,no v2,,,,
1679688,DBRG,ok,37.0,22.0,3.0,0.0
1680048,,no v2,,,,
1680062,ACMR,ok,40.0,17.0,2.0,0.0
1680247,PUMP,ok,38.0,27.0,4.0,0.0
1680367,,no v2,,,,
1680581,,no v2,,,,
1680873,HFFG,ok,36.0,27.0,6.0,0.0
1681087,,no v2,,,,
1681206,,no v2,,,,
1681459,FTI,ok,42.0,2.0,0.0,0.0
1681622,,no v2,,,,
1682745,VRRM,ok,36.0,27.0,4.0,0.0
1683553,,no v2,,,,
1683606,,no v2,,,,
1683695,,no v2,,,,
1685040,BHF,ok,37.0,28.0,1.0,0.0
1687187,,no v2,,,,
1687932,,no v2,,,,
1688568,DXC,ok,43.0,12.0,0.0,0.0
1688757,ESTA,ok,37.0,1.0,0.0,0.0
1689375,,no v2,,,,
1689548,,short financials,,,,
1689796,JBGS,ok,42.0,28.0,2.0,0.0
1690334,,no v2,,,,
1690585,,no v2,,,,
1690680,NMRK,ok,38.0,27.0,1.0,0.0
1690820,CVNA,ok,42.0,5.0,1.0,0.0
1691082,,short financials,,,,
1691303,HCC,ok,41.0,28.0,2.0,0.0
1691421,LMND,ok,29.0,18.0,4.0,0.0
1692063,SNDR,ok,42.0,9.0,0.0,0.0
1692115,SWX,ok,45.0,28.0,4.0,0.0
1692376,,short financials,,,,
1692415,,no v2,,,,
1692787,KNTK,ok,36.0,18.0,4.0,0.0
1693256,WTTR,ok,42.0,0.0,4.0,0.0
1693577,,no v2,,,,
1694028,LBRT,ok,38.0,27.0,5.0,0.0
1694426,DK,ok,42.0,28.0,3.0,0.0
1695295,,no v2,,,,
1696556,,short financials,,,,
1697500,SEI,ok,42.0,28.0,5.0,0.0
1697851,,no v2,,,,
1698514,,short financials,,,,
1698530,,no v2,,,,
1698990,MGY,ok,33.0,1.0,0.0,0.0
1698991,ACEL,ok,29.0,26.0,1.0,0.0
1699031,GRAL,ok,13.0,6.0,2.0,0.0
1699039,,no v2,,,,
1699136,WHD,ok,38.0,28.0,2.0,2.0
1699350,,short financials,,,,
1699382,,no v2,,,,
1699963,,short financials,,,,
1701108,,no v2,,,,
1701541,,no v2,,,,
1701758,,no v2,,,,
1702744,SMPL,ok,37.0,28.0,2.0,0.0
1702750,BY,ok,42.0,28.0,7.0,0.0
1702780,OPTU,ok,41.0,6.0,0.0,0.0
1702924,,no v2,,,,
1703056,ADT,ok,38.0,3.0,0.0,0.0
1703057,ABCL,ok,26.0,4.0,0.0,0.0
1703644,,no v2,,,,
1703647,,no v2,,,,
1703956,,no v2,,,,
1704711,,no v2,,,,
1704715,AMR,ok,38.0,18.0,0.0,0.0
1704720,CNNE,ok,40.0,28.0,5.0,0.0
1705110,ANGI,ok,42.0,6.0,2.0,0.0
1705843,,no v2,,,,
1706431,,no v2,,,,
1706946,,no v2,,,,
1707502,,no v2,,,,
1708035,ECVT,ok,42.0,21.0,4.0,0.0
1708055,,no v2,,,,
1709164,,no v2,,,,
1709442,FSUN,ok,25.0,6.0,2.0,0.0
1709682,CTOS,ok,35.0,21.0,1.0,0.0
1709941,,no v2,,,,
1710072,,short financials,,,,
1710155,EYE,ok,42.0,28.0,2.0,0.0
1710340,,no v2,,,,
1710350,,no v2,,,,
1710366,CNR,ok,42.0,7.0,0.0,0.0
1710482,,no v2,,,,
1711279,KRYS,ok,12.0,12.0,6.0,0.0
1711754,,no v2,,,,
1712184,LILA,ok,38.0,1.0,0.0,0.0
1712189,,no v2,,,,
1712463,,no v2,,,,
1712807,,no v2,,,,
1713863,,no v2,,,,
1714174,,short financials,,,,
1714899,DNLI,ok,24.0,28.0,5.0,0.0
1715497,,no v2,,,,
1717307,ILPT,ok,38.0,23.0,4.0,0.0
1717547,,no v2,,,,
1718227,ROAD,ok,38.0,28.0,4.0,0.0
1718405,,no v2,,,,
1718512,GTES,ok,38.0,4.0,0.0,0.0
1720116,,no v2,,,,
1720420,,no v2,,,,
1720580,,no v2,,,,
1720592,RPAY,ok,32.0,26.0,5.0,18.0
1720635,NVT,ok,38.0,4.0,0.0,0.0
1720893,,no v2,,,,
1722010,,no v2,,,,
1722482,AVTR,ok,34.0,9.0,0.0,0.0
1722684,WH,ok,38.0,1.0,0.0,0.0
1723128,AMRX,ok,38.0,28.0,5.0,2.0
1724521,,no v2,,,,
1724965,TALO,ok,38.0,26.0,8.0,2.0
1725160,,no v2,,,,
1725255,AHCO,ok,30.0,26.0,4.0,0.0
1726126,,no v2,,,,
1726173,,no v2,,,,
1726445,,no v2,,,,
1726978,GSHD,ok,38.0,28.0,5.0,0.0
1727196,SRRK,ok,13.0,23.0,4.0,0.0
1727263,FTDR,ok,36.0,18.0,0.0,0.0
1728117,,no v2,,,,
1728688,,no v2,,,,
1728951,EPRT,ok,38.0,28.0,8.0,0.0
1729149,,no v2,,,,
1730430,KNSA,ok,21.0,1.0,0.0,0.0
1730984,,no v2,,,,
1733998,NWN,ok,38.0,28.0,3.0,0.0
1734342,AMTB,ok,37.0,28.0,5.0,3.0
1734713,BV,ok,37.0,28.0,5.0,5.0
1734722,PATH,ok,26.0,3.0,0.0,0.0
1735438,,no v2,,,,
1735707,GTX,ok,38.0,7.0,1.0,0.0
1736730,,no v2,,,,
1736946,ARLO,ok,38.0,28.0,4.0,0.0
1737287,,no v2,,,,
1737706,,short financials,,,,
1737953,,no v2,,,,
1738021,,no v2,,,,
1738827,,no v2,,,,
1739104,ELAN,ok,38.0,5.0,0.0,0.0
1739410,,no v2,,,,
1739445,ACA,ok,38.0,28.0,2.0,0.0
1739566,UTZ,ok,29.0,22.0,2.0,0.0
1740332,REZI,ok,41.0,28.0,2.0,0.0
1743725,,no v2,,,,
1743745,,no v2,,,,
1743759,CRSR,ok,30.0,24.0,5.0,0.0
1743881,BBIO,ok,26.0,26.0,4.0,0.0
1744494,,no v2,,,,
1745431,,no v2,,,,
1745648,,short financials,,,,
1745916,PFSI,ok,38.0,28.0,5.0,0.0
1745999,BEAM,ok,29.0,20.0,5.0,0.0
1746109,BFC,ok,38.0,28.0,5.0,4.0
1746129,,no v2,,,,
1746473,,no v2,,,,
1746618,RVLV,ok,33.0,22.0,2.0,0.0
1747068,,no v2,,,,
1747079,BALY,ok,33.0,23.0,6.0,0.0
1748797,,no v2,,,,
1748824,AAMI,ok,34.0,28.0,6.0,0.0
1749723,NFE,ok,34.0,4.0,0.0,0.0
1750149,,no v2,,,,
1750284,,no v2,,,,
1750704,,short financials,,,,
1750735,,no v2,,,,
1751783,,no v2,,,,
1752828,,no v2,,,,
1753162,,no v2,,,,
1753539,,no v2,,,,
1754170,,no v2,,,,
1754226,,no v2,,,,
1756262,TMDX,ok,34.0,28.0,4.0,0.0
1756655,ARDT,ok,13.0,9.0,3.0,0.0
1757073,NVST,ok,34.0,22.0,0.0,0.0
1757715,,no v2,,,,
1758009,QUBT,ok,18.0,4.0,2.0,0.0
1758021,,no v2,,,,
1758488,OSW,ok,35.0,1.0,0.0,4.0
1758766,,no v2,,,,
1759138,,no v2,,,,
1759186,,no v2,,,,
1759425,MIRM,ok,21.0,21.0,5.0,0.0
1759509,LYFT,ok,34.0,3.0,0.0,0.0
1759631,,no v2,,,,
1759655,PRVA,ok,26.0,22.0,4.0,0.0
1759774,,no v2,,,,
1759824,ALTG,ok,30.0,26.0,5.0,0.0
1760689,,no v2,,,,
1760965,KTB,ok,34.0,28.0,1.0,0.0
1761312,PLMR,ok,34.0,28.0,7.0,0.0
1761918,,no v2,,,,
1762303,,no v2,,,,
1764013,,short financials,,,,
1764046,CLVT,ok,34.0,1.0,0.0,0.0
1766140,,no v2,,,,
1766368,,no v2,,,,
1766400,PNTG,ok,32.0,28.0,4.0,0.0
1766478,,no v2,,,,
1766502,CHWY,ok,34.0,8.0,1.0,0.0
1767042,KGS,ok,17.0,13.0,6.0,0.0
1767258,XPEL,ok,33.0,26.0,4.0,0.0
1767837,,no v2,,,,
1768224,,no v2,,,,
1768267,,no v2,,,,
1768446,,no v2,,,,
1769624,,no v2,,,,
1769663,,no v2,,,,
1770069,,short financials,,,,
1770121,,no v2,,,,
1770450,XRX,ok,32.0,14.0,2.0,0.0
1770501,,no v2,,,,
1770787,TXG,ok,34.0,6.0,0.0,0.0
1771515,GO,ok,34.0,26.0,2.0,0.0
1771910,,no v2,,,,
1772016,BRBR,ok,31.0,27.0,3.0,0.0
1772177,,no v2,,,,
1772253,,no v2,,,,
1772921,ONEW,ok,31.0,0.0,3.0,0.0
1773383,DT,ok,33.0,17.0,2.0,0.0
1773751,HIMS,ok,26.0,1.0,0.0,0.0
1774170,,no v2,,,,
1774675,,no v2,,,,
1774857,,no v2,,,,
1776111,,no v2,,,,
1776661,ADV,ok,26.0,22.0,5.0,0.0
1776909,,no v2,,,,
1777393,,no v2,,,,
1777835,PWP,ok,25.0,18.0,4.0,0.0
1777921,AVPT,ok,24.0,18.0,2.0,0.0
1778922,,short financials,,,,
1779128,,no v2,,,,
1779474,,no v2,,,,
1780201,,no v2,,,,
1780312,ASTS,ok,20.0,7.0,3.0,0.0
1781162,,no v2,,,,
1781174,,no v2,,,,
1781730,TCBX,ok,26.0,20.0,2.0,0.0
1781755,BWIN,ok,14.0,10.0,2.0,0.0
1781983,,no v2,,,,
1782170,RELY,ok,24.0,19.0,4.0,0.0
1782223,,no v2,,,,
1782303,,no v2,,,,
1782430,,no v2,,,,
1783183,,no v2,,,,
1783328,,no v2,,,,
1784535,PRCH,ok,26.0,16.0,0.0,0.0
1784570,,short financials,,,,
1785530,,no v2,,,,
1786117,,no v2,,,,
1786248,,short financials,,,,
1786352,BILL,ok,32.0,8.0,0.0,0.0
1786431,REYN,ok,30.0,5.0,0.0,0.0
1786842,VNT,ok,28.0,23.0,0.0,0.0
1787117,,short financials,,,,
1787297,,no v2,,,,
1787306,ARQT,ok,16.0,15.0,7.0,2.0
1787400,,no v2,,,,
1787414,,no v2,,,,
1788028,,no v2,,,,
1788060,,short financials,,,,
1788348,,no v2,,,,
1788882,ROOT,ok,30.0,12.0,1.0,0.0
1788999,,no v2,,,,
1789029,AEVA,ok,26.0,21.0,7.0,0.0
1789769,,no v2,,,,
1789940,FWRG,ok,24.0,20.0,7.0,0.0
1789972,,no v2,,,,
1790340,,no v2,,,,
1791145,,short financials,,,,
1791863,,no v2,,,,
1792580,OVV,ok,34.0,22.0,1.0,1.0
1792781,CURV,ok,25.0,21.0,4.0,0.0
1792849,,no v2,,,,
1793229,,no v2,,,,
1793659,RSI,ok,26.0,22.0,6.0,0.0
1794515,GTM,ok,29.0,9.0,1.0,0.0
1794546,,short financials,,,,
1794669,FOUR,ok,30.0,0.0,0.0,0.0
1794783,SLQT,ok,32.0,20.0,2.0,0.0
1795250,SPHR,ok,31.0,14.0,1.0,1.0
1795815,,no v2,,,,
1796022,STEP,ok,23.0,24.0,4.0,0.0
1796209,APG,ok,29.0,23.0,4.0,0.0
1796280,,short financials,,,,
1798100,NTST,ok,28.0,24.0,9.0,0.0
1798749,,no v2,,,,
1799011,,no v2,,,,
1799191,,no v2,,,,
1799448,,no v2,,,,
1799788,,no v2,,,,
1800227,PPLI,ok,29.0,10.0,0.0,0.0
1800315,,no v2,,,,
1800667,FROG,ok,28.0,2.0,0.0,0.0
1801169,OPEN,ok,30.0,9.0,1.0,0.0
1801170,CLOV,ok,25.0,8.0,0.0,0.0
1801368,MP,ok,26.0,1.0,0.0,0.0
1802156,,no v2,,,,
1802255,,short financials,,,,
1802665,HRMY,ok,26.0,24.0,6.0,0.0
1802974,AVO,ok,25.0,24.0,3.0,0.0
1803599,CNXC,ok,26.0,24.0,1.0,0.0
1803696,ADEA,ok,29.0,16.0,2.0,0.0
1803914,,no v2,,,,
1804176,,no v2,,,,
1804745,DRVN,ok,25.0,9.0,0.0,0.0
1805077,EOSE,ok,24.0,14.0,5.0,0.0
1805385,EVLV,ok,24.0,18.0,5.0,0.0
1805521,,no v2,,,,
1805651,,no v2,,,,
1805833,,no v2,,,,
1806310,,no v2,,,,
1806347,WEST,ok,21.0,14.0,2.0,0.0
1806837,VERX,ok,29.0,0.0,0.0,0.0
1806952,,no v2,,,,
1807120,,no v2,,,,
1807794,CRDO,ok,23.0,3.0,0.0,0.0
1808805,,no v2,,,,
1808834,PRG,ok,30.0,24.0,4.0,0.0
1808898,,no v2,,,,
1808997,,no v2,,,,
1809987,MIR,ok,21.0,18.0,2.0,0.0
1810019,RXT,ok,29.0,24.0,5.0,0.0
1810182,,no v2,,,,
1810546,EBC,ok,28.0,23.0,3.0,0.0
1811063,,no v2,,,,
1811210,LCID,ok,24.0,2.0,0.0,0.0
1811935,,short financials,,,,
1812173,,no v2,,,,
1812364,,no v2,,,,
1812477,,no v2,,,,
1813814,,no v2,,,,
1814114,,no v2,,,,
1814287,,no v2,,,,
1814974,,no v2,,,,
1815442,KYMR,ok,28.0,23.0,4.0,0.0
1815776,,no v2,,,,
1816017,,no v2,,,,
1816431,,no v2,,,,
1816581,OUST,ok,26.0,15.0,3.0,0.0
1816736,,short financials,,,,
1817004,,no v2,,,,
1817229,,no v2,,,,
1817241,,no v2,,,,
1817358,ASO,ok,30.0,24.0,1.0,0.0
1817713,JANX,ok,18.0,19.0,3.0,0.0
1818331,WGS,ok,26.0,10.0,1.0,0.0
1818382,,no v2,,,,
1818383,MAX,ok,30.0,22.0,4.0,0.0
1818502,,no v2,,,,
1818644,,no v2,,,,
1818794,,short financials,,,,
1819133,,no v2,,,,
1819142,,no v2,,,,
1819253,,no v2,,,,
1819404,,no v2,,,,
1819438,,no v2,,,,
1819493,,no v2,,,,
1819516,,no v2,,,,
1819574,,no v2,,,,
1819576,LQDA,ok,23.0,18.0,4.0,0.0
1819790,TARS,ok,20.0,22.0,5.0,0.0
1819796,,no v2,,,,
1819810,RDW,ok,24.0,16.0,7.0,0.0
1819848,,short financials,,,,
1819928,DV,ok,26.0,15.0,1.0,0.0
1819989,CIFR,ok,14.0,14.0,3.0,0.0
1820144,GRND,ok,18.0,14.0,3.0,0.0
1820190,,no v2,,,,
1820302,BKKT,ok,17.0,8.0,4.0,0.0
1820721,ARRY,ok,28.0,22.0,2.0,0.0
1820872,GBTG,ok,22.0,1.0,0.0,0.0
1821159,,no v2,,,,
1821769,NVTS,ok,22.0,13.0,5.0,0.0
1821806,LESL,ok,27.0,10.0,2.0,0.0
1821825,OGN,ok,26.0,1.0,0.0,0.0
1822359,,no v2,,,,
1822462,,no v2,,,,
1822479,SHC,ok,26.0,18.0,5.0,0.0
1822492,HLMN,ok,24.0,18.0,3.0,0.0
1822523,,no v2,,,,
1822791,,no v2,,,,
1822928,,no v2,,,,
1822966,SMR,ok,21.0,16.0,4.0,0.0
1822993,JXN,ok,20.0,18.0,2.0,0.0
1823144,,no v2,,,,
1823239,,no v2,,,,
1823466,,no v2,,,,
1823529,ACT,ok,24.0,18.0,4.0,0.0
1823587,,no v2,,,,
1823593,,no v2,,,,
1823608,AMAL,ok,30.0,23.0,5.0,0.0
1823652,,no v2,,,,
1823794,ARKO,ok,22.0,22.0,2.0,0.0
1823878,,no v2,,,,
1824403,,no v2,,,,
1824502,,short financials,,,,
1824893,,no v2,,,,
1824920,IONQ,ok,22.0,15.0,4.0,0.0
1825024,,no v2,,,,
1825079,,no v2,,,,
1825088,DFH,ok,26.0,18.0,2.0,0.0
1825570,,no v2,,,,
1826000,,no v2,,,,
1826457,,no v2,,,,
1826470,WOOF,ok,26.0,1.0,0.0,2.0
1826600,,no v2,,,,
1826667,,no v2,,,,
1826681,,no v2,,,,
1826889,,no v2,,,,
1826892,,no v2,,,,
1827090,CERT,ok,26.0,15.0,0.0,0.0
1827401,,no v2,,,,
1827635,,short financials,,,,
1828016,PLTK,ok,26.0,6.0,0.0,0.0
1828105,,no v2,,,,
1828108,,short financials,,,,
1828161,,no v2,,,,
1828318,ENVX,ok,17.0,17.0,3.0,0.0
1828377,,no v2,,,,
1828536,,no v2,,,,
1828588,,no v2,,,,
1828791,,no v2,,,,
1828805,,no v2,,,,
1828937,FOA,ok,20.0,1.0,0.0,0.0
1828962,,no v2,,,,
1829576,,no v2,,,,
1830033,,short financials,,,,
1830043,,no v2,,,,
1830081,RUM,ok,20.0,6.0,3.0,0.0
1830214,,no v2,,,,
1831097,AGL,ok,26.0,5.0,0.0,0.0
1831481,,short financials,,,,
1831631,LDI,ok,26.0,6.0,1.0,0.0
1831651,,no v2,,,,
1831828,,short financials,,,,
1831915,,no v2,,,,
1832038,,no v2,,,,
1832332,AVAH,ok,26.0,22.0,4.0,0.0
1832466,ALHC,ok,26.0,18.0,6.0,0.0
1832483,,no v2,,,,
1832511,PIII,ok,21.0,6.0,2.0,0.0
1833197,,no v2,,,,
1833214,,no v2,,,,
1833756,DRS,ok,26.0,8.0,2.0,0.0
1833769,,no v2,,,,
1833835,,no v2,,,,
1834376,,no v2,,,,
1834488,,no v2,,,,
1834489,,no v2,,,,
1834622,HAYW,ok,26.0,13.0,1.0,0.0
1835268,,no v2,,,,
1835597,,no v2,,,,
1835856,,no v2,,,,
1836833,PL,ok,22.0,16.0,3.0,0.0
1836981,BBAI,ok,22.0,13.0,5.0,0.0
1837014,,no v2,,,,
1838163,,no v2,,,,
1838359,RGTI,ok,21.0,12.0,1.0,2.0
1838406,BKV,ok,12.0,8.0,3.0,0.0
1838615,,no v2,,,,
1838987,,no v2,,,,
1839341,CORZ,ok,22.0,10.0,1.0,0.0
1839839,JBI,ok,25.0,18.0,1.0,0.0
1840233,,no v2,,,,
1840439,,no v2,,,,
1840502,TBLA,ok,18.0,1.0,0.0,2.0
1840780,,no v2,,,,
1840856,SOUN,ok,21.0,13.0,1.0,0.0
1841156,PAY,ok,25.0,2.0,0.0,0.0
1841387,,no v2,,,,
1841408,DAVE,ok,22.0,8.0,1.0,0.0
1841425,,no v2,,,,
1841925,,no v2,,,,
1841968,,no v2,,,,
1842022,DTM,ok,25.0,21.0,0.0,0.0
1842279,,no v2,,,,
1842295,,no v2,,,,
1842566,,no v2,,,,
1842952,,no v2,,,,
1843724,,no v2,,,,
1843973,,no v2,,,,
1844452,LUNR,ok,18.0,9.0,2.0,0.0
1844862,,no v2,,,,
1845097,,no v2,,,,
1845257,LFST,ok,24.0,21.0,5.0,9.0
1845437,,no v2,,,,
1845815,PAYO,ok,25.0,18.0,2.0,0.0
1845840,,no v2,,,,
1846069,,no v2,,,,
1846253,,no v2,,,,
1846576,,no v2,,,,
1846832,,no v2,,,,
1847367,,no v2,,,,
1847398,,no v2,,,,
1847590,,no v2,,,,
1847874,,no v2,,,,
1847986,,no v2,,,,
1849056,,short financials,,,,
1849253,RYAN,ok,25.0,0.0,0.0,0.0
1849396,,no v2,,,,
1849635,DJT,ok,14.0,1.0,0.0,0.0
1850119,,no v2,,,,
1850270,,no v2,,,,
1850351,,short financials,,,,
1850902,,no v2,,,,
1851003,ZETA,ok,25.0,18.0,3.0,0.0
1851961,,no v2,,,,
1852131,NXT,ok,19.0,13.0,3.0,0.0
1852244,GXO,ok,25.0,21.0,1.0,0.0
1852353,,no v2,,,,
1853145,,no v2,,,,
1853513,CIK1853513,ok,24.0,14.0,0.0,0.0
1853921,,short financials,,,,
1853962,,no v2,,,,
1854139,,no v2,,,,
1855175,,no v2,,,,
1855447,TYGO,ok,17.0,2.0,0.0,0.0
1855474,,no v2,,,,
1855644,,no v2,,,,
1855747,,no v2,,,,
1856031,,no v2,,,,
1856314,YOU,ok,25.0,0.0,4.0,0.0
1856365,,no v2,,,,
1856437,VSXY,ok,26.0,2.0,0.0,0.0
1856485,SLVM,ok,24.0,20.0,0.0,0.0
1856525,CNM,ok,25.0,1.0,0.0,0.0
1857154,DNUT,ok,25.0,21.0,2.0,0.0
1857475,,short financials,,,,
1857816,GCT,ok,13.0,1.0,0.0,0.0
1857853,,no v2,,,,
1858848,,no v2,,,,
1859836,,short financials,,,,
1860160,,short financials,,,,
1860543,,no v2,,,,
1861107,,no v2,,,,
1861123,,short financials,,,,
1861560,,short financials,,,,
1861657,,no v2,,,,
1861795,,no v2,,,,
1863127,,no v2,,,,
1865107,,no v2,,,,
1865631,NN,ok,22.0,13.0,3.0,4.0
1865782,BTSG,ok,14.0,11.0,3.0,0.0
1866175,CRGY,ok,26.0,0.0,5.0,0.0
1866364,,no v2,,,,
1866368,CIK1866368,ok,23.0,7.0,3.0,0.0
1866581,BROS,ok,24.0,3.0,0.0,0.0
1866633,,no v2,,,,
1866692,AMPL,ok,24.0,18.0,3.0,0.0
1866816,,no v2,,,,
1867066,,no v2,,,,
1867072,KD,ok,24.0,20.0,2.0,0.0
1867096,,no v2,,,,
1867949,,no v2,,,,
1868279,,short financials,,,,
1868640,,no v2,,,,
1868941,FLNC,ok,23.0,16.0,3.0,0.0
1869198,LTH,ok,24.0,20.0,6.0,0.0
1869974,,no v2,,,,
1870600,,no v2,,,,
1870940,,no v2,,,,
1871509,PTLO,ok,24.0,20.0,5.0,0.0
1871638,,no v2,,,,
1872789,EMBC,ok,23.0,18.0,1.0,0.0
1873529,KLC,ok,14.0,1.0,0.0,0.0
1873835,,no v2,,,,
1873923,,no v2,,,,
1873951,,short financials,,,,
1874071,,no v2,,,,
1874315,,no v2,,,,
1875444,ARHS,ok,24.0,9.0,0.0,0.0
1875558,,no v2,,,,
1877184,,no v2,,,,
1877322,ESAB,ok,22.0,18.0,2.0,0.0
1877787,,no v2,,,,
1878057,,no v2,,,,
1878897,DOUG,ok,22.0,17.0,3.0,0.0
1879016,IE,ok,21.0,17.0,6.0,0.0
1879726,,no v2,,,,
1880319,PRM,ok,23.0,8.0,1.0,0.0
1880438,,no v2,,,,
1881487,ACDC,ok,22.0,17.0,2.0,0.0
1882782,,short financials,,,,
1883313,SVV,ok,17.0,13.0,1.0,0.0
1883814,,no v2,,,,
1884516,,no v2,,,,
1885522,,no v2,,,,
1886428,,short financials,,,,
1887944,,no v2,,,,
1888447,EE,ok,22.0,15.0,1.0,0.0
1888654,,no v2,,,,
1889539,CRBG,ok,20.0,2.0,0.0,0.0
1891027,,no v2,,,,
1891101,,no v2,,,,
1894562,,no v2,,,,
1895262,NE,ok,20.0,2.0,0.0,0.0
1898496,,no v2,,,,
1898718,,short financials,,,,
1898795,,no v2,,,,
1899123,,no v2,,,,
1899287,,no v2,,,,
1899883,FIP,ok,21.0,14.0,2.0,0.0
1901440,ULS,ok,14.0,4.0,0.0,0.0
1901637,,no v2,,,,
1902314,,no v2,,,,
1902733,NCNO,ok,22.0,2.0,0.0,0.0
1903382,,no v2,,,,
1903508,,no v2,,,,
1903870,,no v2,,,,
1906324,QDEL,ok,21.0,18.0,1.0,0.0
1907085,,no v2,,,,
1907108,,no v2,,,,
1907909,,no v2,,,,
1907982,QBTS,ok,21.0,8.0,1.0,0.0
1913971,,no v2,,,,
1914605,,no v2,,,,
1915657,DINO,ok,22.0,19.0,1.0,0.0
1920406,,no v2,,,,
1921603,,short financials,,,,
1921865,,no v2,,,,
1921963,ATMU,ok,17.0,13.0,1.0,0.0
1922446,,short financials,,,,
1923891,,no v2,,,,
1925283,,short financials,,,,
1927958,,no v2,,,,
1928446,,no v2,,,,
1929561,RXO,ok,20.0,16.0,3.0,0.0
1930313,,no v2,,,,
1933414,,no v2,,,,
1934114,,short financials,,,,
1934850,FG,ok,18.0,1.0,0.0,0.0
1935979,,short financials,,,,
1937653,,no v2,,,,
1937987,,no v2,,,,
1941365,MBC,ok,18.0,16.0,2.0,0.0
1943289,,no v2,,,,
1944013,CR,ok,18.0,17.0,0.0,0.0
1944558,,no v2,,,,
1947016,,no v2,,,,
1947244,,no v2,,,,
1948455,,no v2,,,,
1951070,,short financials,,,,
1951089,,no v2,,,,
1951276,,no v2,,,,
1952073,MSGE,ok,18.0,16.0,1.0,0.0
1952976,,no v2,,,,
1953926,,no v2,,,,
1955520,KNF,ok,18.0,14.0,1.0,1.0
1956744,,no v2,,,,
1956955,,no v2,,,,
1957132,,short financials,,,,
1958086,,no v2,,,,
1958140,BATRA,ok,17.0,12.0,3.0,0.0
1958217,,no v2,,,,
1958777,,no v2,,,,
1959455,,no v2,,,,
1962738,,no v2,,,,
1963685,,no v2,,,,
1964333,BHRB,ok,18.0,1.0,0.0,0.0
1964789,HUT,ok,16.0,9.0,0.0,0.0
1965040,FTRE,ok,17.0,13.0,0.0,0.0
1967649,VSTS,ok,15.0,12.0,2.0,0.0
1968487,WS,ok,15.0,12.0,1.0,0.0
1968915,PHIN,ok,18.0,13.0,0.0,0.0
1970622,,no v2,,,,
1971213,SBGI,ok,17.0,14.0,2.0,0.0
1971532,,no v2,,,,
1973266,TKO,ok,16.0,5.0,1.0,0.0
1974138,NATL,ok,17.0,12.0,0.0,0.0
1974640,,short financials,,,,
1979330,NBBK,ok,16.0,9.0,1.0,0.0
1981535,,no v2,,,,
1981546,,short financials,,,,
1981599,CTRI,ok,14.0,9.0,2.0,1.0
1984060,AESI,ok,16.0,14.0,3.0,0.0
1984086,,no v2,,,,
1985273,,no v2,,,,
1988494,,no v2,,,,
1990354,WAY,ok,13.0,9.0,1.0,0.0
1991792,CGON,ok,12.0,10.0,1.0,0.0
1992243,,no v2,,,,
1993004,NWE,ok,16.0,16.0,2.0,0.0
1994702,,no v2,,,,
1997350,,short financials,,,,
1997403,,no v2,,,,
1997464,,no v2,,,,
1997859,WBTN,ok,13.0,9.0,1.0,0.0
1998768,,no v2,,,,
1999001,FUN,ok,13.0,1.0,0.0,0.0
1999480,,no v2,,,,
2001184,PACS,ok,14.0,9.0,1.0,0.0
2001557,,no v2,,,,
2002473,,no v2,,,,
2007587,,no v2,,,,
2007825,,no v2,,,,
2007919,,no v2,,,,
2009684,,no v2,,,,
2011286,,short financials,,,,
2011514,,no v2,,,,
2012593,,no v2,,,,
2012706,,no v2,,,,
2013639,,no v2,,,,
2013745,CLMT,ok,12.0,6.0,1.0,0.0
2014596,CON,ok,13.0,9.0,0.0,0.0
2015845,ECG,ok,12.0,8.0,0.0,0.0
2017206,,short financials,,,,
2018064,,no v2,,,,
2019793,,no v2,,,,
2020795,,short financials,,,,
2021880,,short financials,,,,
2022626,,no v2,,,,
2023554,,short financials,,,,
2023658,,no v2,,,,
2024218,,no v2,,,,
2025410,SARO,ok,12.0,3.0,1.0,2.0
2026478,,no v2,,,,
2027317,CURB,ok,12.0,8.0,0.0,0.0
2028336,,no v2,,,,
2029118,,no v2,,,,
2032966,,short financials,,,,
2033535,,no v2,,,,
2035149,,no v2,,,,
2035304,,no v2,,,,
2035832,,short financials,,,,
2036042,,no v2,,,,
2039497,,short financials,,,,
2040127,,short financials,,,,
2040491,,no v2,,,,
2041385,,short financials,,,,
2042022,,short financials,,,,
2042347,,short financials,,,,
2042694,,short financials,,,,
2044725,,short financials,,,,
2046042,,no v2,,,,
2048519,,short financials,,,,
2052568,,short financials,,,,
2052959,,short financials,,,,
2055592,,short financials,,,,
2057463,,short financials,,,,
2058758,,short financials,,,,
2062583,,short financials,,,,
2064307,,no v2,,,,
2064953,,short financials,,,,
2067129,,short financials,,,,
2067674,,short financials,,,,
2067876,,short financials,,,,
2068385,,short financials,,,,
2068577,,short financials,,,,
2071288,,short financials,,,,
2074176,,short financials,,,,
2076163,,short financials,,,,
2078008,,short financials,,,,
2078856,,no v2,,,,
2079999,,short financials,,,,
2080921,,short financials,,,,
2082866,,short financials,,,,
2085187,,short financials,,,,
2086587,,short financials,,,,
2086771,,no v2,,,,
2088281,,short financials,,,,
2090312,,short financials,,,,
2090646,,short financials,,,,
2091017,,short financials,,,,
2091349,,short financials,,,,
2092574,,short financials,,,,
2093101,,short financials,,,,
2095743,,short financials,,,,
2096300,,short financials,,,,
2096997,,short financials,,,,
2100161,,short financials,,,,
2100782,,short financials,,,,
2101698,,short financials,,,,
2104052,,short financials,,,,
2104204,,short financials,,,,
2105139,,short financials,,,,
2105398,,short financials,,,,
2110029,,short financials,,,,
2110117,,short financials,,,,
2114044,,short financials,,,,
2115119,,short financials,,,,
2118195,,short financials,,,,
2119322,,short financials,,,,
2123613,,short financials,,,,
2126198,,short financials,,,,
2136387,,no v2,,,,
