ticker,month,mc,px
XOM,2018-02-01,3.48636e+11,81.9164
XOM,2018-03-01,3.40204e+11,79.9352
XOM,2018-04-01,3.54516e+11,83.2979
XOM,2018-05-01,3.75425e+11,87.9216
XOM,2018-06-01,3.78744e+11,88.6988
XOM,2018-07-01,3.7315e+11,87.3887
XOM,2018-08-01,3.70899e+11,86.8412
XOM,2018-09-01,3.89614e+11,91.2232
XOM,2018-10-01,3.65147e+11,85.4945
XOM,2018-11-01,3.68015e+11,86.166
XOM,2018-12-01,3.12659e+11,73.2051
XOM,2019-01-01,3.36002e+11,78.6706
XOM,2019-02-01,3.66292e+11,85.7828
XOM,2019-03-01,3.70919e+11,86.8662
XOM,2019-04-01,3.68526e+11,86.3057
XOM,2019-05-01,3.28599e+11,76.9553
XOM,2019-06-01,3.51793e+11,82.3871
XOM,2019-07-01,3.4137e+11,79.9462
XOM,2019-08-01,3.18356e+11,74.5391
XOM,2019-09-01,3.24433e+11,75.9619
XOM,2019-10-01,3.10459e+11,72.69
XOM,2019-11-01,3.16797e+11,74.1739
XOM,2019-12-01,3.20675e+11,75.082
XOM,2020-01-01,2.85476e+11,66.8406
XOM,2020-02-01,2.39733e+11,56.1436
XOM,2020-03-01,1.74206e+11,40.7978
XOM,2020-04-01,2.13209e+11,49.9318
XOM,2020-05-01,2.12669e+11,49.8054
XOM,2020-06-01,2.05508e+11,48.1283
XOM,2020-07-01,1.93378e+11,45.2877
XOM,2020-08-01,1.872e+11,43.8305
XOM,2020-09-01,1.57721e+11,36.9284
XOM,2020-10-01,1.49864e+11,35.0887
XOM,2020-11-01,1.79399e+11,42.0041
XOM,2020-12-01,1.8992e+11,44.4674
XOM,2021-01-01,2.066e+11,48.3727
XOM,2021-02-01,2.54765e+11,59.65
XOM,2021-03-01,2.57793e+11,60.359
XOM,2021-04-01,2.64304e+11,61.8833
XOM,2021-05-01,2.73509e+11,64.0237
XOM,2021-06-01,2.91562e+11,68.2496
XOM,2021-07-01,2.66095e+11,62.2882
XOM,2021-08-01,2.5605e+11,59.8808
XOM,2021-09-01,2.72235e+11,63.6658
XOM,2021-10-01,2.98384e+11,69.7811
XOM,2021-11-01,2.80677e+11,65.64
XOM,2021-12-01,2.83159e+11,66.2206
XOM,2022-01-01,3.51508e+11,82.2049
XOM,2022-02-01,3.6683e+11,85.8082
XOM,2022-03-01,3.82374e+11,89.4442
XOM,2022-04-01,3.94689e+11,92.325
XOM,2022-05-01,4.48067e+11,105.032
XOM,2022-06-01,3.96364e+11,92.9124
XOM,2022-07-01,4.48617e+11,105.161
XOM,2022-08-01,4.43258e+11,104.715
XOM,2022-09-01,4.01461e+11,94.8407
XOM,2022-10-01,5.09516e+11,120.368
XOM,2022-11-01,5.10223e+11,121.917
XOM,2022-12-01,5.01684e+11,119.877
XOM,2023-01-01,5.27655e+11,126.083
XOM,2023-02-01,5.02299e+11,119.453
XOM,2023-03-01,4.97339e+11,118.273
XOM,2023-04-01,5.36705e+11,127.635
XOM,2023-05-01,4.52064e+11,110.206
XOM,2023-06-01,4.70577e+11,114.719
XOM,2023-07-01,4.70533e+11,114.708
XOM,2023-08-01,4.83582e+11,118.933
XOM,2023-09-01,5.07461e+11,124.806
XOM,2023-10-01,4.52229e+11,112.355
XOM,2023-11-01,4.38942e+11,109.054
XOM,2023-12-01,4.23429e+11,105.2
XOM,2024-01-01,4.35415e+11,108.178
XOM,2024-02-01,4.45626e+11,109.977
XOM,2024-03-01,4.91314e+11,121.252
XOM,2024-04-01,4.93232e+11,123.37
XOM,2024-05-01,4.8902e+11,122.316
XOM,2024-06-01,4.76367e+11,119.151
XOM,2024-07-01,4.90725e+11,122.743
XOM,2024-08-01,5.26976e+11,122.07
XOM,2024-09-01,5.19683e+11,120.381
XOM,2024-10-01,5.17732e+11,119.929
XOM,2024-11-01,5.40529e+11,121.141
XOM,2024-12-01,4.8889e+11,109.568
XOM,2025-01-01,4.85527e+11,108.814
XOM,2025-02-01,4.87382e+11,113.397
XOM,2025-03-01,5.16108e+11,120.081
XOM,2025-04-01,4.58391e+11,106.652
XOM,2025-05-01,4.51584e+11,103.29
XOM,2025-06-01,4.71302e+11,107.8
XOM,2025-07-01,4.8809e+11,111.64
XOM,2025-08-01,4.9499e+11,114.29
XOM,2025-09-01,4.79225e+11,110.65
CVX,2009-05-01,1.41114e+11,70.5743
CVX,2009-06-01,1.3893e+11,69.4822
CVX,2009-07-01,1.4568e+11,72.8581
CVX,2009-08-01,1.4669e+11,73.3573
CVX,2009-09-01,1.46336e+11,73.1803
CVX,2009-10-01,1.59028e+11,79.5271
CVX,2009-11-01,1.62229e+11,81.0908
CVX,2009-12-01,1.60049e+11,80.0009
CVX,2010-01-01,1.49921e+11,74.9384
CVX,2010-02-01,1.50335e+11,75.1298
CVX,2010-03-01,1.56237e+11,78.0792
CVX,2010-04-01,1.67796e+11,83.856
CVX,2010-05-01,1.52445e+11,76.0622
CVX,2010-06-01,1.3873e+11,69.2188
CVX,2010-07-01,1.55779e+11,77.7255
CVX,2010-08-01,1.51567e+11,75.557
CVX,2010-09-01,1.6425e+11,81.8795
CVX,2010-10-01,1.67376e+11,83.4377
CVX,2010-11-01,1.64144e+11,81.7946
CVX,2010-12-01,1.85002e+11,92.188
CVX,2011-01-01,1.92454e+11,95.9019
CVX,2011-02-01,2.10341e+11,104.804
CVX,2011-03-01,2.16449e+11,107.847
CVX,2011-04-01,2.20368e+11,109.8
CVX,2011-05-01,2.13056e+11,106.073
CVX,2011-06-01,2.07298e+11,103.206
CVX,2011-07-01,2.09678e+11,104.391
CVX,2011-08-01,2.00876e+11,99.9883
CVX,2011-09-01,1.86722e+11,92.9428
CVX,2011-10-01,2.11828e+11,105.44
CVX,2011-11-01,2.07907e+11,104.022
CVX,2011-12-01,2.15142e+11,107.642
CVX,2012-01-01,2.08517e+11,104.328
CVX,2012-02-01,2.22618e+11,111.253
CVX,2012-03-01,2.17103e+11,108.497
CVX,2012-04-01,2.15785e+11,107.839
CVX,2012-05-01,1.98646e+11,100.388
CVX,2012-06-01,2.1126e+11,106.763
CVX,2012-07-01,2.19445e+11,110.899
CVX,2012-08-01,2.25154e+11,114.408
CVX,2012-09-01,2.32152e+11,117.964
CVX,2012-10-01,2.19545e+11,111.558
CVX,2012-11-01,2.11457e+11,107.879
CVX,2012-12-01,2.16353e+11,110.376
CVX,2013-01-01,2.30383e+11,117.534
CVX,2013-02-01,2.36794e+11,120.506
CVX,2013-03-01,2.38385e+11,121.315
CVX,2013-04-01,2.44745e+11,124.552
CVX,2013-05-01,2.45615e+11,126.35
CVX,2013-06-01,2.34898e+11,120.837
CVX,2013-07-01,2.49844e+11,128.525
CVX,2013-08-01,2.40153e+11,123.996
CVX,2013-09-01,2.4031e+11,124.077
CVX,2013-10-01,2.37223e+11,122.483
CVX,2013-11-01,2.43316e+11,126.081
CVX,2013-12-01,2.48208e+11,128.617
CVX,2014-01-01,2.21842e+11,114.954
CVX,2014-02-01,2.31489e+11,119.818
CVX,2014-03-01,2.36713e+11,122.522
CVX,2014-04-01,2.49915e+11,129.356
CVX,2014-05-01,2.43598e+11,127.577
CVX,2014-06-01,2.56837e+11,134.51
CVX,2014-07-01,2.543e+11,133.181
CVX,2014-08-01,2.55882e+11,134.51
CVX,2014-09-01,2.33974e+11,122.994
CVX,2014-10-01,2.35216e+11,123.647
CVX,2014-11-01,2.14828e+11,113.277
CVX,2014-12-01,2.21382e+11,116.732
CVX,2015-01-01,2.02314e+11,106.678
CVX,2015-02-01,2.12761e+11,112.097
CVX,2015-03-01,2.07346e+11,109.244
CVX,2015-04-01,2.19368e+11,115.579
CVX,2015-05-01,2.03133e+11,108.251
CVX,2015-06-01,1.8838e+11,100.389
CVX,2015-07-01,1.72776e+11,92.0736
CVX,2015-08-01,1.60162e+11,85.342
CVX,2015-09-01,1.54032e+11,82.0756
CVX,2015-10-01,1.77459e+11,94.5587
CVX,2015-11-01,1.80087e+11,96.1785
CVX,2015-12-01,1.7741e+11,94.7492
CVX,2016-01-01,1.70525e+11,91.072
CVX,2016-02-01,1.66864e+11,88.9939
CVX,2016-03-01,1.88493e+11,100.53
CVX,2016-04-01,2.01888e+11,107.673
CVX,2016-05-01,2.01109e+11,107.558
CVX,2016-06-01,2.0667e+11,110.532
CVX,2016-07-01,2.02003e+11,108.036
CVX,2016-08-01,2.00591e+11,107.154
CVX,2016-09-01,2.03207e+11,108.551
CVX,2016-10-01,2.06854e+11,110.499
CVX,2016-11-01,2.23821e+11,118.842
CVX,2016-12-01,2.36123e+11,125.374
CVX,2017-01-01,2.23367e+11,118.601
CVX,2017-02-01,2.26598e+11,120.981
CVX,2017-03-01,2.14359e+11,114.447
CVX,2017-04-01,2.13028e+11,113.736
CVX,2017-05-01,2.11188e+11,111.422
CVX,2017-06-01,2.1084e+11,111.238
CVX,2017-07-01,2.20655e+11,116.416
CVX,2017-08-01,2.19456e+11,115.929
CVX,2017-09-01,2.37304e+11,125.358
CVX,2017-10-01,2.34088e+11,123.659
CVX,2017-11-01,2.43012e+11,128.179
CVX,2017-12-01,2.55644e+11,134.842
CVX,2018-01-01,2.55941e+11,134.999
CVX,2018-02-01,2.31047e+11,121.732
CVX,2018-03-01,2.33283e+11,122.91
CVX,2018-04-01,2.55938e+11,134.846
CVX,2018-05-01,2.58534e+11,135.13
CVX,2018-06-01,2.60821e+11,136.326
CVX,2018-07-01,2.6045e+11,136.132
CVX,2018-08-01,2.47443e+11,128.947
CVX,2018-09-01,2.53166e+11,131.929
CVX,2018-10-01,2.3116e+11,120.462
CVX,2018-11-01,2.48476e+11,129.585
CVX,2018-12-01,2.27247e+11,118.514
CVX,2019-01-01,2.39525e+11,124.917
CVX,2019-02-01,2.5188e+11,131.599
CVX,2019-03-01,2.57092e+11,134.322
CVX,2019-04-01,2.50594e+11,130.927
CVX,2019-05-01,2.38315e+11,125.379
CVX,2019-06-01,2.57975e+11,135.723
CVX,2019-07-01,2.55268e+11,134.299
CVX,2019-08-01,2.46857e+11,129.721
CVX,2019-09-01,2.46383e+11,129.473
CVX,2019-10-01,2.41338e+11,126.821
CVX,2019-11-01,2.44603e+11,129.151
CVX,2019-12-01,2.49346e+11,131.655
CVX,2020-01-01,2.21705e+11,117.061
CVX,2020-02-01,1.95502e+11,103.167
CVX,2020-03-01,1.4987e+11,79.087
CVX,2020-04-01,1.90285e+11,100.414
CVX,2020-05-01,1.89468e+11,101.556
CVX,2020-06-01,1.82022e+11,97.5647
CVX,2020-07-01,1.71229e+11,91.78
CVX,2020-08-01,1.72531e+11,93.0931
CVX,2020-09-01,1.45954e+11,78.7532
CVX,2020-10-01,1.40886e+11,76.0184
CVX,2020-11-01,1.79349e+11,96.7605
CVX,2020-12-01,1.71419e+11,92.4821
CVX,2021-01-01,1.72938e+11,93.3019
CVX,2021-02-01,2.0768e+11,111.059
CVX,2021-03-01,2.15078e+11,115.015
CVX,2021-04-01,2.1157e+11,113.139
CVX,2021-05-01,2.20952e+11,115.326
CVX,2021-06-01,2.2039e+11,115.033
CVX,2021-07-01,2.14221e+11,111.813
CVX,2021-08-01,2.07006e+11,107.706
CVX,2021-09-01,2.14317e+11,111.509
CVX,2021-10-01,2.41854e+11,125.837
CVX,2021-11-01,2.41097e+11,125.5
CVX,2021-12-01,2.47982e+11,129.084
CVX,2022-01-01,2.77536e+11,144.468
CVX,2022-02-01,3.07322e+11,160.063
CVX,2022-03-01,3.44423e+11,179.387
CVX,2022-04-01,3.31396e+11,172.602
CVX,2022-05-01,3.77247e+11,194.003
CVX,2022-06-01,3.10421e+11,159.637
CVX,2022-07-01,3.51158e+11,180.587
CVX,2022-08-01,3.44185e+11,175.864
CVX,2022-09-01,3.10323e+11,158.562
CVX,2022-10-01,3.90738e+11,199.651
CVX,2022-11-01,3.95519e+11,203.876
CVX,2022-12-01,3.8458e+11,198.237
CVX,2023-01-01,3.7286e+11,192.196
CVX,2023-02-01,3.4447e+11,177.562
CVX,2023-03-01,3.46617e+11,178.669
CVX,2023-04-01,3.58132e+11,184.604
CVX,2023-05-01,3.13509e+11,164.937
CVX,2023-06-01,3.24519e+11,170.729
CVX,2023-07-01,3.37533e+11,177.576
CVX,2023-08-01,3.27835e+11,174.798
CVX,2023-09-01,3.40174e+11,181.377
CVX,2023-10-01,2.93995e+11,156.755
CVX,2023-11-01,2.89945e+11,154.464
CVX,2023-12-01,2.98227e+11,158.876
CVX,2024-01-01,2.94768e+11,157.033
CVX,2024-02-01,3.04394e+11,161.912
CVX,2024-03-01,3.12688e+11,166.324
CVX,2024-04-01,3.19686e+11,170.046
CVX,2024-05-01,3.16442e+11,171.132
CVX,2024-06-01,3.02073e+11,163.361
CVX,2024-07-01,3.09894e+11,167.591
CVX,2024-08-01,2.83293e+11,154.515
CVX,2024-09-01,2.79016e+11,152.182
CVX,2024-10-01,2.81952e+11,153.784
CVX,2024-11-01,3.02373e+11,167.331
CVX,2024-12-01,2.67826e+11,148.213
CVX,2025-01-01,2.75869e+11,152.665
CVX,2025-02-01,2.94925e+11,162.314
CVX,2025-03-01,3.07768e+11,169.383
CVX,2025-04-01,2.50314e+11,137.762
CVX,2025-05-01,2.42417e+11,138.41
CVX,2025-06-01,2.50789e+11,143.19
CVX,2025-07-01,2.65589e+11,151.64
CVX,2025-08-01,2.76938e+11,160.6
CVX,2025-09-01,2.67023e+11,154.85
COP,2009-08-01,5.79541e+07,38.7472
COP,2009-09-01,5.74146e+07,38.3865
COP,2009-10-01,6.37958e+07,42.6528
COP,2009-11-01,6.59271e+10,44.0041
COP,2009-12-01,6.42936e+10,42.9138
COP,2010-01-01,6.04305e+10,40.3353
COP,2010-02-01,6.04065e+10,40.3353
COP,2010-03-01,6.36051e+10,42.4712
COP,2010-04-01,7.3568e+10,49.1237
COP,2010-05-01,6.47206e+10,43.0447
COP,2010-06-01,6.04813e+10,40.2252
COP,2010-07-01,6.80274e+10,45.244
COP,2010-08-01,6.44901e+10,42.9574
COP,2010-09-01,6.9736e+10,46.4518
COP,2010-10-01,7.21111e+10,48.0338
COP,2010-11-01,7.26627e+10,48.6663
COP,2010-12-01,8.132e+10,54.4646
COP,2011-01-01,8.53354e+10,57.1539
COP,2011-02-01,9.28511e+10,62.2716
COP,2011-03-01,9.42151e+10,63.1863
COP,2011-04-01,9.30719e+10,62.4197
COP,2011-05-01,8.45075e+10,58.4634
COP,2011-06-01,8.58001e+10,59.3576
COP,2011-07-01,8.28789e+10,57.3367
COP,2011-08-01,7.65664e+10,54.2198
COP,2011-09-01,7.03488e+10,49.8169
COP,2011-10-01,7.81402e+10,55.3343
COP,2011-11-01,7.76042e+10,56.6636
COP,2011-12-01,7.83712e+10,57.2236
COP,2012-01-01,7.33545e+10,53.5605
COP,2012-02-01,8.41383e+10,60.6577
COP,2012-03-01,8.26331e+10,59.5725
COP,2012-04-01,7.26026e+10,56.146
COP,2012-05-01,7.02193e+10,54.3029
COP,2012-06-01,7.43206e+10,57.4746
COP,2012-07-01,7.12855e+10,56.6573
COP,2012-08-01,7.43616e+10,59.1021
COP,2012-09-01,7.40359e+10,58.8432
COP,2012-10-01,7.40414e+07,60.2285
COP,2012-11-01,7.28749e+07,59.2795
COP,2012-12-01,7.3395e+07,59.7026
COP,2013-01-01,7.34036e+07,59.7096
COP,2013-02-01,7.56107e+07,60.3393
COP,2013-03-01,7.75571e+07,61.8925
COP,2013-04-01,7.69413e+07,62.255
COP,2013-05-01,7.88767e+07,63.8209
COP,2013-06-01,7.69957e+07,62.2989
COP,2013-07-01,8.34236e+07,67.4999
COP,2013-08-01,8.53602e+07,68.9971
COP,2013-09-01,8.85984e+07,71.6145
COP,2013-10-01,9.44032e+07,76.3065
COP,2013-11-01,9.39607e+07,75.7525
COP,2013-12-01,9.03544e+07,72.845
COP,2014-01-01,8.30627e+07,66.9664
COP,2014-02-01,8.59189e+07,69.3005
COP,2014-03-01,8.99875e+07,72.5821
COP,2014-04-01,9.50559e+07,76.6701
COP,2014-05-01,1.03398e+08,83.2069
COP,2014-06-01,1.0997e+08,88.4951
COP,2014-07-01,1.06725e+08,85.884
COP,2014-08-01,1.05279e+08,84.5513
COP,2014-09-01,9.83313e+07,78.9711
COP,2014-10-01,9.36346e+07,75.1992
COP,2014-11-01,8.5897e+07,68.8588
COP,2014-12-01,8.8833e+07,71.2124
COP,2015-01-01,8.10112e+07,64.9422
COP,2015-02-01,8.46778e+07,67.9672
COP,2015-03-01,7.99866e+07,64.2018
COP,2015-04-01,8.72625e+07,70.0418
COP,2015-05-01,8.2719e+07,66.4127
COP,2015-06-01,7.88908e+07,63.3391
COP,2015-07-01,6.55416e+07,52.6214
COP,2015-08-01,6.37573e+07,51.3747
COP,2015-09-01,6.13217e+07,49.4121
COP,2015-10-01,6.91353e+07,55.7082
COP,2015-11-01,7.01032e+07,56.4381
COP,2015-12-01,5.97611e+07,48.112
COP,2016-01-01,5.00235e+07,40.2725
COP,2016-02-01,4.36348e+07,35.135
COP,2016-03-01,5.15703e+07,41.5247
COP,2016-04-01,6.11982e+07,49.2771
COP,2016-05-01,5.65152e+07,45.4099
COP,2016-06-01,5.5961e+07,44.9646
COP,2016-07-01,5.27068e+07,42.3499
COP,2016-08-01,5.30204e+07,42.5903
COP,2016-09-01,5.58151e+07,44.8353
COP,2016-10-01,5.61098e+07,45.072
COP,2016-11-01,6.27135e+07,50.3334
COP,2016-12-01,6.44855e+07,51.7556
COP,2017-01-01,6.27106e+07,50.3311
COP,2017-02-01,6.14821e+07,49.3657
COP,2017-03-01,6.41017e+07,51.4692
COP,2017-04-01,6.15815e+07,49.4455
COP,2017-05-01,5.7915e+07,46.3794
COP,2017-06-01,5.6636e+07,45.3552
COP,2017-07-01,5.88191e+07,47.1035
COP,2017-08-01,5.60648e+10,45.3294
COP,2017-09-01,6.38887e+10,51.6552
COP,2017-10-01,6.45073e+10,53.0776
COP,2017-11-01,6.41636e+10,52.7947
COP,2017-12-01,6.88935e+10,56.6866
COP,2018-01-01,7.3815e+10,60.736
COP,2018-02-01,6.88502e+07,56.3866
COP,2018-03-01,7.47839e+07,61.2461
COP,2018-04-01,8.26137e+07,67.6586
COP,2018-05-01,8.29258e+07,69.8938
COP,2018-06-01,8.53139e+07,71.9066
COP,2018-07-01,8.87978e+07,74.843
COP,2018-08-01,8.99437e+07,76.1481
COP,2018-09-01,9.44437e+07,79.958
COP,2018-10-01,8.50345e+07,72.5121
COP,2018-11-01,8.05085e+07,68.6526
COP,2018-12-01,7.55198e+07,64.3986
COP,2019-01-01,8.1989e+07,69.9151
COP,2019-02-01,8.27503e+07,70.3936
COP,2019-03-01,8.10412e+07,68.9397
COP,2019-04-01,7.66421e+07,65.1975
COP,2019-05-01,7.01697e+07,61.2026
COP,2019-06-01,7.22285e+07,62.9983
COP,2019-07-01,7.03058e+07,61.3213
COP,2019-08-01,6.12657e+07,54.1579
COP,2019-09-01,6.6516e+07,58.7991
COP,2019-10-01,6.38939e+07,57.394
COP,2019-11-01,6.93807e+07,62.3227
COP,2019-12-01,7.4778e+07,67.1709
COP,2020-01-01,6.83376e+07,61.3857
COP,2020-02-01,5.65899e+07,50.3677
COP,2020-03-01,3.56969e+07,31.7719
COP,2020-04-01,4.87933e+07,43.4284
COP,2020-05-01,4.76616e+07,43.9456
COP,2020-06-01,4.7148e+07,43.472
COP,2020-07-01,4.23795e+07,39.0753
COP,2020-08-01,4.26718e+10,39.5987
COP,2020-09-01,3.65923e+10,33.9571
COP,2020-10-01,3.22813e+10,29.9565
COP,2020-11-01,4.46108e+10,41.4069
COP,2020-12-01,4.45091e+10,41.3125
COP,2021-01-01,4.4554e+10,41.3542
COP,2021-02-01,5.84522e+07,54.2213
COP,2021-03-01,5.9061e+07,54.786
COP,2021-04-01,5.70183e+07,52.8912
COP,2021-05-01,7.56856e+07,58.0994
COP,2021-06-01,8.20784e+07,63.0068
COP,2021-07-01,7.61327e+07,58.4426
COP,2021-08-01,7.83367e+10,57.8899
COP,2021-09-01,9.48456e+10,70.0898
COP,2021-10-01,1.04877e+11,77.5029
COP,2021-11-01,9.75107e+10,72.9664
COP,2021-12-01,1.00046e+11,74.8635
COP,2022-01-01,1.22833e+11,91.9147
COP,2022-02-01,1.30672e+08,98.3862
COP,2022-03-01,1.37518e+08,103.541
COP,2022-04-01,1.31358e+08,98.9027
COP,2022-05-01,1.52785e+11,116.861
COP,2022-06-01,1.22585e+11,93.7622
COP,2022-07-01,1.32986e+11,101.718
COP,2022-08-01,1.48737e+11,114.78
COP,2022-09-01,1.40426e+11,108.367
COP,2022-10-01,1.73016e+11,133.516
COP,2022-11-01,1.66641e+11,131.284
COP,2022-12-01,1.58588e+11,124.94
COP,2023-01-01,1.63789e+11,129.037
COP,2023-02-01,1.39867e+11,109.428
COP,2023-03-01,1.33638e+11,104.555
COP,2023-04-01,1.38595e+11,108.433
COP,2023-05-01,1.28024e+11,104.65
COP,2023-06-01,1.3293e+11,108.66
COP,2023-07-01,1.51032e+11,123.458
COP,2023-08-01,1.51089e+11,124.831
COP,2023-09-01,1.51445e+11,125.126
COP,2023-10-01,1.50181e+11,124.081
COP,2023-11-01,1.44818e+11,120.708
COP,2023-12-01,1.44746e+11,120.647
COP,2024-01-01,1.39508e+11,116.282
COP,2024-02-01,1.41038e+11,116.978
COP,2024-03-01,1.58719e+11,131.643
COP,2024-04-01,1.56649e+11,129.926
COP,2024-05-01,1.42197e+11,120.473
COP,2024-06-01,1.38961e+11,117.732
COP,2024-07-01,1.35098e+11,114.458
COP,2024-08-01,1.3707e+11,117.124
COP,2024-09-01,1.26191e+11,107.828
COP,2024-10-01,1.30504e+11,112.191
COP,2024-11-01,1.29074e+11,110.962
COP,2024-12-01,1.17319e+11,100.856
COP,2025-01-01,1.16917e+11,100.511
COP,2025-02-01,1.19074e+11,100.836
COP,2025-03-01,1.25148e+11,105.98
COP,2025-04-01,1.06201e+11,89.9345
COP,2025-05-01,1.09805e+11,86.13
COP,2025-06-01,1.14408e+11,89.74
COP,2025-07-01,1.21547e+11,95.34
COP,2025-08-01,1.24603e+11,98.97
COP,2025-09-01,1.15652e+11,91.86
VST,2018-05-01,1.05099e+10,24.53
VST,2018-06-01,1.01371e+10,23.66
VST,2018-07-01,9.68298e+09,22.6
VST,2018-08-01,1.25653e+10,23.54
VST,2018-09-01,1.32806e+10,24.88
VST,2018-10-01,1.20796e+10,22.63
VST,2018-11-01,1.2702e+10,23.48
VST,2018-12-01,1.23829e+10,22.89
VST,2019-01-01,1.35838e+10,25.11
VST,2019-02-01,1.11389e+10,26.04
VST,2019-03-01,1.11346e+10,26.03
VST,2019-04-01,1.16565e+10,27.25
VST,2019-05-01,1.19953e+10,23.56
VST,2019-06-01,1.15269e+10,22.64
VST,2019-07-01,1.09261e+10,21.46
VST,2019-08-01,1.26621e+10,24.95
VST,2019-09-01,1.35655e+10,26.73
VST,2019-10-01,1.37177e+10,27.03
VST,2019-11-01,1.30971e+10,26.53
VST,2019-12-01,1.13495e+10,22.99
VST,2020-01-01,1.11175e+10,22.52
VST,2020-02-01,9.61376e+09,19.23
VST,2020-03-01,7.97897e+09,15.96
VST,2020-04-01,9.76874e+09,19.54
VST,2020-05-01,1.00287e+10,20.44
VST,2020-06-01,9.13569e+09,18.62
VST,2020-07-01,9.15532e+09,18.66
VST,2020-08-01,9.43171e+09,19.23
VST,2020-09-01,9.25024e+09,18.86
VST,2020-10-01,8.51944e+09,17.37
VST,2020-11-01,9.17236e+09,18.68
VST,2020-12-01,9.65357e+09,19.66
VST,2021-01-01,9.80579e+09,19.97
VST,2021-02-01,8.47131e+09,17.25
VST,2021-03-01,8.68248e+09,17.68
VST,2021-04-01,8.2847e+09,16.87
VST,2021-05-01,7.83759e+09,16.17
VST,2021-06-01,8.99117e+09,18.55
VST,2021-07-01,9.28199e+09,19.15
VST,2021-08-01,9.30382e+09,19.09
VST,2021-09-01,8.33396e+09,17.1
VST,2021-10-01,9.5475e+09,19.59
VST,2021-11-01,9.63175e+09,19.88
VST,2021-12-01,1.10319e+10,22.77
VST,2022-01-01,1.05668e+10,21.81
VST,2022-02-01,1.10041e+10,22.82
VST,2022-03-01,1.12115e+10,23.25
VST,2022-04-01,1.2065e+10,25.02
VST,2022-05-01,1.19088e+10,26.37
VST,2022-06-01,1.03191e+10,22.85
VST,2022-07-01,1.16739e+10,25.85
VST,2022-08-01,1.06225e+10,24.75
VST,2022-09-01,9.01305e+09,21
VST,2022-10-01,9.85856e+09,22.97
VST,2022-11-01,1.01573e+10,24.33
VST,2022-12-01,9.68559e+09,23.2
VST,2023-01-01,9.62715e+09,23.06
VST,2023-02-01,9.18044e+09,21.99
VST,2023-03-01,1.01387e+10,24
VST,2023-04-01,1.00796e+10,23.86
VST,2023-05-01,9.28965e+09,23.97
VST,2023-06-01,1.01733e+10,26.25
VST,2023-07-01,1.08747e+10,28.06
VST,2023-08-01,1.18389e+10,31.42
VST,2023-09-01,1.2502e+10,33.18
VST,2023-10-01,1.23287e+10,32.72
VST,2023-11-01,1.31778e+10,35.41
VST,2023-12-01,1.43352e+10,38.52
VST,2024-01-01,1.52693e+10,41.03
VST,2024-02-01,2.0463e+10,54.54
VST,2024-03-01,2.61322e+10,69.65
VST,2024-04-01,2.84546e+10,75.84
VST,2024-05-01,3.45756e+10,99.08
VST,2024-06-01,3.00041e+10,85.98
VST,2024-07-01,2.76451e+10,79.22
VST,2024-08-01,3.02702e+10,85.43
VST,2024-09-01,4.2002e+10,118.54
VST,2024-10-01,4.42768e+10,124.96
VST,2024-11-01,5.59766e+10,159.84
VST,2024-12-01,4.82826e+10,137.87
VST,2025-01-01,5.88447e+10,168.03
VST,2025-02-01,4.71241e+10,133.66
VST,2025-03-01,4.14055e+10,117.44
VST,2025-04-01,4.57033e+10,129.63
VST,2025-05-01,5.45617e+10,160.57
VST,2025-06-01,6.58566e+10,193.81
VST,2025-07-01,7.08619e+10,208.54
VST,2025-08-01,6.53385e+10,189.11
VST,2025-09-01,6.76914e+10,195.92
VST,2025-10-01,6.50586e+10,188.3
VST,2025-11-01,6.17971e+10,178.86
VST,2025-12-01,5.57404e+10,161.33
VST,2026-01-01,5.47107e+10,158.35
VST,2026-02-01,6.00799e+10,173.89
VST,2026-03-01,5.19398e+10,150.33
VST,2026-04-01,5.45345e+10,157.84
VST,2026-05-01,5.53603e+10,160.23
VST,2026-06-01,5.48075e+10,158.63
VST,2026-07-01,5.12004e+10,148.19
VST,2026-08-01,4.7462e+10,137.37
VST,2026-09-01,4.76694e+10,137.97
CEG,2022-05-01,2.03622e+10,62.08
CEG,2022-06-01,1.87813e+10,57.26
CEG,2022-07-01,2.16808e+10,66.1
CEG,2022-08-01,2.67615e+10,81.59
CEG,2022-09-01,2.72863e+10,83.19
CEG,2022-10-01,3.10091e+10,94.54
CEG,2022-11-01,3.15274e+10,96.12
CEG,2022-12-01,2.82769e+10,86.21
CEG,2023-01-01,2.79981e+10,85.36
CEG,2023-02-01,2.46388e+10,74.89
CEG,2023-03-01,2.58265e+10,78.5
CEG,2023-04-01,2.54646e+10,77.4
CEG,2023-05-01,2.75586e+10,84.02
CEG,2023-06-01,3.00284e+10,91.55
CEG,2023-07-01,3.17012e+10,96.65
CEG,2023-08-01,3.3852e+10,104.16
CEG,2023-09-01,3.5451e+10,109.08
CEG,2023-10-01,3.6699e+10,112.92
CEG,2023-11-01,3.90959e+10,121.04
CEG,2023-12-01,3.77555e+10,116.89
CEG,2024-01-01,3.9406e+10,122
CEG,2024-02-01,5.45778e+10,168.45
CEG,2024-03-01,5.98914e+10,184.85
CEG,2024-04-01,6.02446e+10,185.94
CEG,2024-05-01,6.90855e+10,217.25
CEG,2024-06-01,6.36859e+10,200.27
CEG,2024-07-01,6.03564e+10,189.8
CEG,2024-08-01,6.21572e+10,196.7
CEG,2024-09-01,8.21663e+10,260.02
CEG,2024-10-01,8.30954e+10,262.96
CEG,2024-11-01,8.05598e+10,256.56
CEG,2024-12-01,7.02449e+10,223.71
CEG,2025-01-01,9.41937e+10,299.98
CEG,2025-02-01,7.89217e+10,250.545
CEG,2025-03-01,6.35134e+10,201.63
CEG,2025-04-01,7.03836e+10,223.44
CEG,2025-05-01,9.61311e+10,306.15
CEG,2025-06-01,1.01347e+11,322.76
CEG,2025-07-01,1.09222e+11,347.84
CEG,2025-08-01,9.67057e+10,307.98
CEG,2025-09-01,1.03328e+11,329.07
CEG,2025-10-01,1.18378e+11,377
CEG,2025-11-01,1.14409e+11,364.36
CEG,2025-12-01,1.10927e+11,353.27
CEG,2026-01-01,8.81335e+10,280.68
CEG,2026-02-01,1.03582e+11,329.88
CEG,2026-03-01,8.76845e+10,279.25
CEG,2026-04-01,9.8282e+10,313
CEG,2026-05-01,9.03535e+10,287.75
CEG,2026-06-01,7.79882e+10,248.37
CEG,2026-07-01,8.25035e+10,262.75
CEG,2026-08-01,8.62778e+10,274.77
CEG,2026-09-01,8.28583e+10,263.88
NRG,2009-08-01,7.70308e+09,28.0112
NRG,2009-09-01,8.08824e+09,29.4118
NRG,2009-10-01,6.59672e+09,23.9881
NRG,2009-11-01,6.79308e+09,24.9746
NRG,2009-12-01,6.70007e+09,24.6326
NRG,2010-01-01,6.84231e+09,25.1556
NRG,2010-02-01,6.19787e+09,22.7863
NRG,2010-03-01,5.92993e+09,21.8012
NRG,2010-04-01,6.85991e+09,25.2202
NRG,2010-05-01,6.26095e+09,24.3617
NRG,2010-06-01,5.68814e+09,22.1328
NRG,2010-07-01,6.08034e+09,23.6589
NRG,2010-08-01,5.42712e+09,21.1997
NRG,2010-09-01,5.56066e+09,21.7213
NRG,2010-10-01,5.31851e+09,20.7754
NRG,2010-11-01,5.11521e+09,20.2182
NRG,2010-12-01,5.15814e+09,20.3879
NRG,2011-01-01,5.47659e+09,21.6466
NRG,2011-02-01,5.1724e+09,20.8565
NRG,2011-03-01,5.57314e+09,22.4723
NRG,2011-04-01,6.26245e+09,25.2518
NRG,2011-05-01,6.38049e+09,25.832
NRG,2011-06-01,6.33511e+09,25.6482
NRG,2011-07-01,6.31885e+09,25.5824
NRG,2011-08-01,5.96742e+09,24.4566
NRG,2011-09-01,5.40041e+09,22.1328
NRG,2011-10-01,5.45326e+09,22.3494
NRG,2011-11-01,4.92804e+09,20.5335
NRG,2011-12-01,4.53689e+09,18.9037
NRG,2012-01-01,4.22688e+09,17.612
NRG,2012-02-01,4.08511e+09,17.8389
NRG,2012-03-01,3.74434e+09,16.3508
NRG,2012-04-01,4.06159e+09,17.7362
NRG,2012-05-01,3.64395e+09,15.9823
NRG,2012-06-01,4.1296e+09,18.1123
NRG,2012-07-01,4.73706e+09,20.7766
NRG,2012-08-01,5.12238e+09,22.3685
NRG,2012-09-01,5.11391e+09,22.3315
NRG,2012-10-01,5.17482e+09,22.5975
NRG,2012-11-01,5.0421e+09,22.1145
NRG,2012-12-01,5.47094e+09,23.9953
NRG,2013-01-01,5.73442e+09,25.151
NRG,2013-02-01,6.26259e+09,25.151
NRG,2013-03-01,6.88717e+09,27.6593
NRG,2013-04-01,7.2764e+09,29.2225
NRG,2013-05-01,8.64448e+09,26.7631
NRG,2013-06-01,9.00297e+09,27.873
NRG,2013-07-01,9.08343e+09,28.1221
NRG,2013-08-01,9.00035e+09,27.524
NRG,2013-09-01,9.33028e+09,28.533
NRG,2013-10-01,9.78015e+09,29.9087
NRG,2013-11-01,9.06986e+09,27.7366
NRG,2013-12-01,9.80165e+09,29.9745
NRG,2014-01-01,9.54716e+09,29.1962
NRG,2014-02-01,9.84456e+09,30.4785
NRG,2014-03-01,1.07254e+10,33.2055
NRG,2014-04-01,1.10842e+10,34.3164
NRG,2014-05-01,1.21099e+10,37.3762
NRG,2014-06-01,1.25919e+10,38.864
NRG,2014-07-01,1.05272e+10,32.4915
NRG,2014-08-01,1.08864e+10,32.3039
NRG,2014-09-01,1.07327e+10,31.8478
NRG,2014-10-01,1.06077e+10,31.4768
NRG,2014-11-01,1.12575e+10,32.8206
NRG,2014-12-01,9.66344e+09,28.1733
NRG,2015-01-01,8.89487e+09,25.9326
NRG,2015-02-01,8.62535e+09,25.2203
NRG,2015-03-01,9.00495e+09,26.3303
NRG,2015-04-01,9.07561e+09,26.5369
NRG,2015-05-01,8.90181e+09,26.4935
NRG,2015-06-01,8.04081e+09,23.931
NRG,2015-07-01,7.94067e+09,23.6329
NRG,2015-08-01,6.98346e+09,20.9713
NRG,2015-09-01,5.16887e+09,15.5221
NRG,2015-10-01,4.53718e+09,13.6252
NRG,2015-11-01,4.33783e+09,13.0657
NRG,2015-12-01,4.12944e+09,12.4381
NRG,2016-01-01,3.78923e+09,11.4134
NRG,2016-02-01,3.6418e+09,11.5613
NRG,2016-03-01,4.33852e+09,13.7731
NRG,2016-04-01,5.04616e+09,16.0195
NRG,2016-05-01,5.47306e+09,17.3748
NRG,2016-06-01,5.00083e+09,15.8757
NRG,2016-07-01,4.62611e+09,14.6861
NRG,2016-08-01,4.04818e+09,12.8514
NRG,2016-09-01,3.73844e+09,11.8681
NRG,2016-10-01,3.55485e+09,11.2852
NRG,2016-11-01,3.81643e+09,12.0392
NRG,2016-12-01,4.12633e+09,13.0168
NRG,2017-01-01,5.57674e+09,17.5922
NRG,2017-02-01,5.56619e+09,17.6145
NRG,2017-03-01,6.27469e+09,19.8566
NRG,2017-04-01,5.68177e+09,17.9803
NRG,2017-05-01,5.39876e+09,17.0847
NRG,2017-06-01,5.77702e+09,18.2817
NRG,2017-07-01,8.27133e+09,26.1751
NRG,2017-08-01,8.36882e+09,26.4836
NRG,2017-09-01,8.58802e+09,27.1773
NRG,2017-10-01,8.39991e+09,26.582
NRG,2017-11-01,9.46632e+09,29.3985
NRG,2017-12-01,9.74124e+09,30.2523
NRG,2018-01-01,8.90626e+09,27.6592
NRG,2018-02-01,8.85442e+09,27.4982
NRG,2018-03-01,1.02807e+10,32.4312
NRG,2018-04-01,1.04483e+10,32.96
NRG,2018-05-01,1.17191e+10,36.3948
NRG,2018-06-01,1.05017e+10,32.6139
NRG,2018-07-01,1.08446e+10,33.6789
NRG,2018-08-01,1.18169e+10,37.6334
NRG,2018-09-01,1.24789e+10,39.7418
NRG,2018-10-01,1.20842e+10,38.4848
NRG,2018-11-01,1.22201e+10,40.8699
NRG,2018-12-01,1.25825e+10,42.082
NRG,2019-01-01,1.30078e+10,43.5043
NRG,2019-02-01,1.28102e+10,44.3258
NRG,2019-03-01,1.30475e+10,45.1469
NRG,2019-04-01,1.26538e+10,43.7849
NRG,2019-05-01,1.01366e+10,36.2021
NRG,2019-06-01,1.04498e+10,37.3208
NRG,2019-07-01,1.01669e+10,36.3102
NRG,2019-08-01,1.03367e+10,38.7143
NRG,2019-09-01,1.12369e+10,42.0858
NRG,2019-10-01,1.1392e+10,42.6666
NRG,2019-11-01,1.0817e+10,42.2539
NRG,2019-12-01,1.08144e+10,42.2437
NRG,2020-01-01,1.01183e+10,39.5246
NRG,2020-02-01,9.00225e+09,35.582
NRG,2020-03-01,7.32698e+09,28.9604
NRG,2020-04-01,9.09114e+09,35.9333
NRG,2020-05-01,9.61991e+09,38.6342
NRG,2020-06-01,8.62079e+09,34.6216
NRG,2020-07-01,9.03206e+09,36.2733
NRG,2020-08-01,9.08194e+09,36.9185
NRG,2020-09-01,8.04749e+09,32.7134
NRG,2020-10-01,8.35734e+09,33.9729
NRG,2020-11-01,8.62056e+09,35.186
NRG,2020-12-01,9.79992e+09,39.9997
NRG,2021-01-01,1.08932e+10,44.4622
NRG,2021-02-01,9.60386e+09,39.1994
NRG,2021-03-01,9.88279e+09,40.1739
NRG,2021-04-01,9.4674e+09,38.4854
NRG,2021-05-01,8.46259e+09,34.5412
NRG,2021-06-01,1.05084e+10,42.8914
NRG,2021-07-01,1.08378e+10,44.2359
NRG,2021-08-01,1.20022e+10,48.9887
NRG,2021-09-01,1.0659e+10,43.506
NRG,2021-10-01,1.04968e+10,42.8442
NRG,2021-11-01,9.4787e+09,38.6886
NRG,2021-12-01,1.12339e+10,45.8528
NRG,2022-01-01,1.05046e+10,42.8761
NRG,2022-02-01,9.95466e+09,40.6312
NRG,2022-03-01,1.00047e+10,40.8356
NRG,2022-04-01,9.45208e+09,38.5799
NRG,2022-05-01,1.19734e+10,49.4769
NRG,2022-06-01,9.85646e+09,40.7292
NRG,2022-07-01,9.83983e+09,40.6605
NRG,2022-08-01,1.05377e+10,44.4627
NRG,2022-09-01,9.69237e+09,40.8961
NRG,2022-10-01,1.13337e+10,47.8214
NRG,2022-11-01,1.07445e+10,45.7212
NRG,2022-12-01,7.99227e+09,34.0097
NRG,2023-01-01,8.59509e+09,36.5748
NRG,2023-02-01,8.27096e+09,35.0464
NRG,2023-03-01,8.55615e+09,36.2549
NRG,2023-04-01,8.52621e+09,36.128
NRG,2023-05-01,8.21703e+09,35.7262
NRG,2023-06-01,8.9964e+09,39.1148
NRG,2023-07-01,9.14077e+09,39.7425
NRG,2023-08-01,9.11347e+09,39.2822
NRG,2023-09-01,9.25904e+09,39.9097
NRG,2023-10-01,1.01869e+10,43.9089
NRG,2023-11-01,1.14993e+10,49.5659
NRG,2023-12-01,1.23325e+10,53.1572
NRG,2024-01-01,1.26521e+10,54.535
NRG,2024-02-01,1.29685e+10,56.8792
NRG,2024-03-01,1.57546e+10,69.0993
NRG,2024-04-01,1.69137e+10,74.183
NRG,2024-05-01,1.76949e+10,82.6864
NRG,2024-06-01,1.69251e+10,79.0893
NRG,2024-07-01,1.63404e+10,76.3568
NRG,2024-08-01,1.84794e+10,86.3522
NRG,2024-09-01,1.97098e+10,92.1017
NRG,2024-10-01,1.95583e+10,91.394
NRG,2024-11-01,2.12645e+10,102.727
NRG,2024-12-01,1.8806e+10,90.8502
NRG,2025-01-01,2.13532e+10,103.156
NRG,2025-02-01,2.2567e+10,106.448
NRG,2025-03-01,2.02946e+10,95.7294
NRG,2025-04-01,2.32965e+10,109.889
NRG,2025-05-01,3.1737e+10,156.34
NRG,2025-06-01,3.25977e+10,160.58
NRG,2025-07-01,3.39416e+10,167.2
NRG,2025-08-01,2.85298e+10,145.56
NRG,2025-09-01,2.9843e+10,152.26
LMT,2009-07-01,3.36037e+10,85.9649
LMT,2009-08-01,3.37048e+10,86.2235
LMT,2009-09-01,3.4863e+10,89.1866
LMT,2009-10-01,3.02911e+10,78.576
LMT,2009-11-01,3.40068e+10,88.2147
LMT,2009-12-01,3.29431e+10,85.4554
LMT,2010-01-01,3.25793e+10,84.5119
LMT,2010-02-01,3.39972e+10,88.1899
LMT,2010-03-01,3.61227e+10,93.7034
LMT,2010-04-01,3.61044e+10,95.5901
LMT,2010-05-01,3.39899e+10,89.9919
LMT,2010-06-01,3.1463e+10,83.3015
LMT,2010-07-01,3.12334e+10,84.0285
LMT,2010-08-01,2.88945e+10,77.7361
LMT,2010-09-01,2.93831e+10,79.0506
LMT,2010-10-01,2.87712e+10,79.0635
LMT,2010-11-01,2.74601e+10,75.4605
LMT,2010-12-01,2.79315e+10,76.7561
LMT,2011-01-01,3.18045e+10,87.3991
LMT,2011-02-01,3.31019e+10,87.7472
LMT,2011-03-01,3.3333e+10,88.3599
LMT,2011-04-01,3.07057e+10,87.0836
LMT,2011-05-01,3.04782e+10,86.4385
LMT,2011-06-01,3.1405e+10,89.0668
LMT,2011-07-01,2.88722e+10,83.3013
LMT,2011-08-01,2.85772e+10,82.45
LMT,2011-09-01,2.77261e+10,79.9947
LMT,2011-10-01,2.78817e+10,83.5783
LMT,2011-11-01,2.90792e+10,87.168
LMT,2011-12-01,2.97576e+10,89.2014
LMT,2012-01-01,3.02813e+10,90.7713
LMT,2012-02-01,3.35095e+10,98.5865
LMT,2012-03-01,3.37143e+10,99.1888
LMT,2012-04-01,3.28403e+10,99.9402
LMT,2012-05-01,3.0395e+10,92.4985
LMT,2012-06-01,3.16221e+10,96.2329
LMT,2012-07-01,3.24354e+10,98.6478
LMT,2012-08-01,3.34806e+10,101.827
LMT,2012-09-01,3.35788e+10,102.125
LMT,2012-10-01,3.36328e+10,102.445
LMT,2012-11-01,3.39154e+10,103.306
LMT,2012-12-01,3.35484e+10,102.188
LMT,2013-01-01,3.1579e+10,96.1895
LMT,2013-02-01,3.24273e+10,98.7432
LMT,2013-03-01,3.51509e+10,107.037
LMT,2013-04-01,3.58558e+10,109.886
LMT,2013-05-01,3.87054e+10,118.619
LMT,2013-06-01,3.89012e+10,119.219
LMT,2013-07-01,4.30284e+10,132.029
LMT,2013-08-01,4.42804e+10,135.871
LMT,2013-09-01,4.5729e+10,140.316
LMT,2013-10-01,4.80412e+10,146.691
LMT,2013-11-01,5.15351e+10,157.359
LMT,2013-12-01,5.36121e+10,163.701
LMT,2014-01-01,5.44332e+10,166.208
LMT,2014-02-01,5.88525e+10,180.253
LMT,2014-03-01,5.87347e+10,179.892
LMT,2014-04-01,5.88194e+10,180.927
LMT,2014-05-01,5.91207e+10,181.854
LMT,2014-06-01,5.722e+10,176.007
LMT,2014-07-01,5.88976e+10,182.855
LMT,2014-08-01,6.18453e+10,192.006
LMT,2014-09-01,6.44562e+10,200.112
LMT,2014-10-01,6.71973e+10,208.622
LMT,2014-11-01,6.80812e+10,211.367
LMT,2014-12-01,6.7957e+10,210.981
LMT,2015-01-01,6.64747e+10,206.379
LMT,2015-02-01,7.11901e+10,220.813
LMT,2015-03-01,7.17283e+10,222.482
LMT,2015-04-01,6.54971e+10,204.551
LMT,2015-05-01,6.65889e+10,207.96
LMT,2015-06-01,6.48128e+10,202.413
LMT,2015-07-01,7.12882e+10,225.524
LMT,2015-08-01,6.97568e+10,220.679
LMT,2015-09-01,7.13439e+10,225.7
LMT,2015-10-01,7.48358e+10,239.321
LMT,2015-11-01,7.51619e+10,240.364
LMT,2015-12-01,7.39615e+10,236.525
LMT,2016-01-01,7.18692e+10,229.834
LMT,2016-02-01,7.45325e+10,236.837
LMT,2016-03-01,7.59753e+10,241.421
LMT,2016-04-01,7.7945e+10,253.233
LMT,2016-05-01,7.97926e+10,259.235
LMT,2016-06-01,8.27487e+10,268.839
LMT,2016-07-01,8.40806e+10,273.789
LMT,2016-08-01,8.13836e+10,265.007
LMT,2016-09-01,7.97336e+10,259.634
LMT,2016-10-01,8.06244e+10,266.88
LMT,2016-11-01,8.73973e+10,289.299
LMT,2016-12-01,8.18312e+10,270.875
LMT,2017-01-01,8.22885e+10,272.388
LMT,2017-02-01,8.81749e+10,290.91
LMT,2017-03-01,8.79554e+10,290.186
LMT,2017-04-01,8.55604e+10,292.214
LMT,2017-05-01,8.98421e+10,306.838
LMT,2017-06-01,8.76633e+10,299.396
LMT,2017-07-01,9.17502e+10,315.076
LMT,2017-08-01,9.64807e+10,331.321
LMT,2017-09-01,9.74963e+10,334.809
LMT,2017-10-01,9.64174e+10,332.474
LMT,2017-11-01,1.00471e+11,346.451
LMT,2017-12-01,1.00504e+11,346.566
LMT,2018-01-01,1.11083e+11,383.043
LMT,2018-02-01,1.11178e+11,382.581
LMT,2018-03-01,1.06038e+11,364.892
LMT,2018-04-01,9.97389e+10,346.436
LMT,2018-05-01,9.84016e+10,341.791
LMT,2018-06-01,9.18785e+10,319.133
LMT,2018-07-01,1.01134e+11,352.26
LMT,2018-08-01,9.99913e+10,348.281
LMT,2018-09-01,1.06664e+11,371.523
LMT,2018-10-01,9.04703e+10,315.557
LMT,2018-11-01,9.3178e+10,325.002
LMT,2018-12-01,8.06599e+10,281.339
LMT,2019-01-01,8.9239e+10,311.263
LMT,2019-02-01,9.60345e+10,334.848
LMT,2019-03-01,9.25496e+10,322.698
LMT,2019-04-01,1.01884e+11,358.367
LMT,2019-05-01,1.04143e+11,366.313
LMT,2019-06-01,1.10491e+11,388.641
LMT,2019-07-01,1.09918e+11,387.172
LMT,2019-08-01,1.17247e+11,412.985
LMT,2019-09-01,1.18373e+11,416.952
LMT,2019-10-01,1.1431e+11,402.641
LMT,2019-11-01,1.19399e+11,420.567
LMT,2019-12-01,1.18214e+11,416.394
LMT,2020-01-01,1.29976e+11,457.823
LMT,2020-02-01,1.12958e+11,398.019
LMT,2020-03-01,1.02892e+11,362.552
LMT,2020-04-01,1.17597e+11,416.124
LMT,2020-05-01,1.18121e+11,417.979
LMT,2020-06-01,1.09701e+11,388.185
LMT,2020-07-01,1.1319e+11,403.1
LMT,2020-08-01,1.18001e+11,420.231
LMT,2020-09-01,1.15168e+11,410.141
LMT,2020-10-01,1.05133e+11,374.671
LMT,2020-11-01,1.10368e+11,393.328
LMT,2020-12-01,1.06628e+11,380.001
LMT,2021-01-01,9.68734e+10,344.5
LMT,2021-02-01,1.00171e+11,356.226
LMT,2021-03-01,1.11259e+11,395.66
LMT,2021-04-01,1.14103e+11,407.51
LMT,2021-05-01,1.15371e+11,412.04
LMT,2021-06-01,1.12763e+11,402.727
LMT,2021-07-01,1.1014e+11,395.619
LMT,2021-08-01,1.07395e+11,385.758
LMT,2021-09-01,1.0226e+11,367.312
LMT,2021-10-01,9.80829e+10,353.707
LMT,2021-11-01,9.91918e+10,357.706
LMT,2021-12-01,1.04938e+11,378.427
LMT,2022-01-01,1.14935e+11,414.331
LMT,2022-02-01,1.29011e+11,465.074
LMT,2022-03-01,1.30482e+11,470.373
LMT,2022-04-01,1.23962e+11,460.484
LMT,2022-05-01,1.27044e+11,471.931
LMT,2022-06-01,1.23377e+11,458.311
LMT,2022-07-01,1.1764e+11,441.095
LMT,2022-08-01,1.20223e+11,450.781
LMT,2022-09-01,1.09858e+11,411.917
LMT,2022-10-01,1.37578e+11,518.967
LMT,2022-11-01,1.38012e+11,520.604
LMT,2022-12-01,1.37585e+11,518.991
LMT,2023-01-01,1.30768e+11,494.209
LMT,2023-02-01,1.33873e+11,505.944
LMT,2023-03-01,1.3265e+11,501.322
LMT,2023-04-01,1.25943e+11,492.541
LMT,2023-05-01,1.204e+11,470.865
LMT,2023-06-01,1.24044e+11,485.114
LMT,2023-07-01,1.19281e+11,470.351
LMT,2023-08-01,1.1981e+11,472.438
LMT,2023-09-01,1.0859e+11,428.195
LMT,2023-10-01,1.19101e+11,476.024
LMT,2023-11-01,1.17301e+11,468.831
LMT,2023-12-01,1.17937e+11,471.369
LMT,2024-01-01,1.12182e+11,446.586
LMT,2024-02-01,1.11877e+11,445.369
LMT,2024-03-01,1.17993e+11,469.719
LMT,2024-04-01,1.15994e+11,480.107
LMT,2024-05-01,1.17344e+11,485.694
LMT,2024-06-01,1.15779e+11,479.22
LMT,2024-07-01,1.33213e+11,555.981
LMT,2024-08-01,1.39649e+11,582.84
LMT,2024-09-01,1.42918e+11,596.486
LMT,2024-10-01,1.32946e+11,557.19
LMT,2024-11-01,1.28894e+11,540.211
LMT,2024-12-01,1.17588e+11,492.825
LMT,2025-01-01,1.12307e+11,469.509
LMT,2025-02-01,1.09255e+11,456.751
LMT,2025-03-01,1.07584e+11,449.766
LMT,2025-04-01,1.13184e+11,481.018
LMT,2025-05-01,1.14281e+11,485.68
LMT,2025-06-01,1.08977e+11,463.14
LMT,2025-07-01,9.86356e+10,420.98
LMT,2025-08-01,1.06754e+11,455.63
LMT,2025-09-01,1.07089e+11,457.06
NOC,2009-07-01,1.29671e+10,39.8007
NOC,2009-08-01,1.41986e+10,43.5808
NOC,2009-09-01,1.50534e+10,46.2044
NOC,2009-10-01,1.43496e+10,44.7586
NOC,2009-11-01,1.56862e+10,48.9277
NOC,2009-12-01,1.59887e+10,49.8711
NOC,2010-01-01,1.62001e+10,50.5304
NOC,2010-02-01,1.75363e+10,54.6982
NOC,2010-03-01,1.86218e+10,58.0841
NOC,2010-04-01,1.8392e+10,60.0849
NOC,2010-05-01,1.63999e+10,53.577
NOC,2010-06-01,1.46331e+10,47.8048
NOC,2010-07-01,1.56424e+10,51.4891
NOC,2010-08-01,1.44363e+10,47.5191
NOC,2010-09-01,1.61734e+10,53.2369
NOC,2010-10-01,1.652e+10,55.5106
NOC,2010-11-01,1.61165e+10,54.155
NOC,2010-12-01,1.69296e+10,56.887
NOC,2011-01-01,1.81086e+10,60.8487
NOC,2011-02-01,1.75055e+10,58.9609
NOC,2011-03-01,1.80046e+10,60.6419
NOC,2011-04-01,1.82638e+10,61.515
NOC,2011-05-01,1.88901e+10,63.6245
NOC,2011-06-01,1.99075e+10,67.0513
NOC,2011-07-01,1.68052e+10,58.5138
NOC,2011-08-01,1.53122e+10,53.3156
NOC,2011-09-01,1.44891e+10,50.4495
NOC,2011-10-01,1.55965e+10,55.8415
NOC,2011-11-01,1.55561e+10,55.6967
NOC,2011-12-01,1.57988e+10,56.5658
NOC,2012-01-01,1.56824e+10,56.149
NOC,2012-02-01,1.53237e+10,58.3317
NOC,2012-03-01,1.55135e+10,59.0541
NOC,2012-04-01,1.57882e+10,61.1945
NOC,2012-05-01,1.47952e+10,57.3456
NOC,2012-06-01,1.59086e+10,61.6613
NOC,2012-07-01,1.62984e+10,63.9906
NOC,2012-08-01,1.66008e+10,65.1779
NOC,2012-09-01,1.635e+10,64.1933
NOC,2012-10-01,1.67328e+10,66.3738
NOC,2012-11-01,1.63863e+10,64.9992
NOC,2012-12-01,1.64618e+10,65.2987
NOC,2013-01-01,1.58444e+10,62.8497
NOC,2013-02-01,1.59299e+10,64.001
NOC,2013-03-01,1.68676e+10,67.7686
NOC,2013-04-01,1.76334e+10,73.1675
NOC,2013-05-01,1.93279e+10,80.1989
NOC,2013-06-01,1.94241e+10,80.5978
NOC,2013-07-01,2.12817e+10,89.6071
NOC,2013-08-01,2.14723e+10,90.4096
NOC,2013-09-01,2.21666e+10,93.333
NOC,2013-10-01,2.45008e+10,105.335
NOC,2013-11-01,2.5821e+10,111.01
NOC,2013-12-01,2.62549e+10,112.876
NOC,2014-01-01,2.6479e+10,113.839
NOC,2014-02-01,2.69946e+10,119.869
NOC,2014-03-01,2.73803e+10,121.582
NOC,2014-04-01,2.63843e+10,119.711
NOC,2014-05-01,2.6546e+10,120.445
NOC,2014-06-01,2.61283e+10,118.549
NOC,2014-07-01,2.62859e+10,122.146
NOC,2014-08-01,2.72834e+10,126.781
NOC,2014-09-01,2.82566e+10,131.304
NOC,2014-10-01,2.87522e+10,137.439
NOC,2014-11-01,2.95261e+10,141.138
NOC,2014-12-01,3.08806e+10,147.613
NOC,2015-01-01,3.28857e+10,157.197
NOC,2015-02-01,3.40271e+10,166.636
NOC,2015-03-01,3.2919e+10,161.21
NOC,2015-04-01,3.09217e+10,154.223
NOC,2015-05-01,3.2122e+10,160.21
NOC,2015-06-01,3.20074e+10,159.638
NOC,2015-07-01,3.37277e+10,174.124
NOC,2015-08-01,3.207e+10,165.565
NOC,2015-09-01,3.25119e+10,167.846
NOC,2015-10-01,3.56783e+10,189.879
NOC,2015-11-01,3.55685e+10,189.295
NOC,2015-12-01,3.6037e+10,191.788
NOC,2016-01-01,3.53135e+10,187.938
NOC,2016-02-01,3.61134e+10,196.056
NOC,2016-03-01,3.70273e+10,201.017
NOC,2016-04-01,3.84253e+10,209.516
NOC,2016-05-01,3.9617e+10,216.014
NOC,2016-06-01,4.15819e+10,226.728
NOC,2016-07-01,4.01037e+10,220.957
NOC,2016-08-01,3.94339e+10,217.266
NOC,2016-09-01,3.97812e+10,219.18
NOC,2016-10-01,4.21285e+10,234.569
NOC,2016-11-01,4.59311e+10,255.741
NOC,2016-12-01,4.29442e+10,239.11
NOC,2017-01-01,4.18284e+10,235.52
NOC,2017-02-01,4.51155e+10,254.029
NOC,2017-03-01,4.34316e+10,244.548
NOC,2017-04-01,4.45389e+10,252.918
NOC,2017-05-01,4.69371e+10,266.537
NOC,2017-06-01,4.66622e+10,264.976
NOC,2017-07-01,4.76653e+10,271.597
NOC,2017-08-01,4.94901e+10,281.995
NOC,2017-09-01,5.23105e+10,298.065
NOC,2017-10-01,5.3675e+10,306.189
NOC,2017-11-01,5.58298e+10,318.481
NOC,2017-12-01,5.59257e+10,319.029
NOC,2018-01-01,6.21194e+10,353.957
NOC,2018-02-01,6.3854e+10,363.841
NOC,2018-03-01,6.37e+10,362.963
NOC,2018-04-01,5.87214e+10,334.786
NOC,2018-05-01,5.96764e+10,340.231
NOC,2018-06-01,5.61161e+10,319.932
NOC,2018-07-01,5.47992e+10,312.424
NOC,2018-08-01,5.46593e+10,311.626
NOC,2018-09-01,5.78904e+10,330.048
NOC,2018-10-01,4.76464e+10,272.421
NOC,2018-11-01,4.74901e+10,271.527
NOC,2018-12-01,4.45491e+10,254.712
NOC,2019-01-01,4.94692e+10,286.612
NOC,2019-02-01,5.22741e+10,302.863
NOC,2019-03-01,4.84124e+10,280.489
NOC,2019-04-01,5.14844e+10,301.607
NOC,2019-05-01,5.4085e+10,316.842
NOC,2019-06-01,5.73866e+10,336.184
NOC,2019-07-01,6.12305e+10,359.545
NOC,2019-08-01,6.51831e+10,382.754
NOC,2019-09-01,6.64203e+10,390.02
NOC,2019-10-01,6.23163e+10,366.782
NOC,2019-11-01,6.2427e+10,367.434
NOC,2019-12-01,6.08229e+10,357.992
NOC,2020-01-01,6.56495e+10,389.843
NOC,2020-02-01,5.78436e+10,343.489
NOC,2020-03-01,5.30167e+10,314.826
NOC,2020-04-01,5.79425e+10,344.077
NOC,2020-05-01,5.89857e+10,350.272
NOC,2020-06-01,5.38759e+10,319.928
NOC,2020-07-01,5.65824e+10,338.209
NOC,2020-08-01,5.9896e+10,358.016
NOC,2020-09-01,5.49342e+10,328.357
NOC,2020-10-01,5.04595e+10,301.611
NOC,2020-11-01,5.28745e+10,316.046
NOC,2020-12-01,5.30592e+10,317.15
NOC,2021-01-01,4.9934e+10,298.291
NOC,2021-02-01,5.10611e+10,305.024
NOC,2021-03-01,5.63915e+10,336.867
NOC,2021-04-01,6.03182e+10,368.919
NOC,2021-05-01,6.25285e+10,382.438
NOC,2021-06-01,6.18564e+10,378.327
NOC,2021-07-01,6.10315e+10,377.904
NOC,2021-08-01,6.20838e+10,384.42
NOC,2021-09-01,6.0562e+10,374.997
NOC,2021-10-01,5.96594e+10,371.941
NOC,2021-11-01,5.85075e+10,364.76
NOC,2021-12-01,6.46459e+10,403.029
NOC,2022-01-01,6.19713e+10,385.154
NOC,2022-02-01,7.43696e+10,462.21
NOC,2022-03-01,7.49684e+10,465.932
NOC,2022-04-01,7.1689e+10,457.784
NOC,2022-05-01,7.66339e+10,489.361
NOC,2022-06-01,7.80929e+10,498.678
NOC,2022-07-01,7.78472e+10,499.021
NOC,2022-08-01,7.79721e+10,499.821
NOC,2022-09-01,7.64553e+10,490.098
NOC,2022-10-01,8.88468e+10,572.098
NOC,2022-11-01,8.65896e+10,557.563
NOC,2022-12-01,8.83151e+10,568.674
NOC,2023-01-01,7.2662e+10,466.98
NOC,2023-02-01,7.52682e+10,483.729
NOC,2023-03-01,7.46128e+10,479.517
NOC,2023-04-01,7.33904e+10,479.049
NOC,2023-05-01,6.92886e+10,452.276
NOC,2023-06-01,7.22202e+10,471.411
NOC,2023-07-01,7.00487e+10,460.241
NOC,2023-08-01,6.8174e+10,447.923
NOC,2023-09-01,6.90023e+10,453.366
NOC,2023-10-01,7.36566e+10,485.541
NOC,2023-11-01,7.42394e+10,489.383
NOC,2023-12-01,7.28631e+10,480.31
NOC,2024-01-01,6.96729e+10,458.374
NOC,2024-02-01,7.18968e+10,473.005
NOC,2024-03-01,7.43527e+10,489.162
NOC,2024-04-01,7.40038e+10,495.672
NOC,2024-05-01,6.87766e+10,460.66
NOC,2024-06-01,6.6218e+10,443.523
NOC,2024-07-01,7.27767e+10,492.733
NOC,2024-08-01,7.86205e+10,532.299
NOC,2024-09-01,7.90437e+10,535.164
NOC,2024-10-01,7.55732e+10,515.858
NOC,2024-11-01,7.26974e+10,496.228
NOC,2024-12-01,6.93853e+10,473.62
NOC,2025-01-01,7.24371e+10,491.766
NOC,2025-02-01,6.86418e+10,466
NOC,2025-03-01,7.57785e+10,514.45
NOC,2025-04-01,7.08298e+10,488.818
NOC,2025-05-01,7.05779e+10,487.08
NOC,2025-06-01,7.24471e+10,499.98
NOC,2025-07-01,8.30318e+10,576.61
NOC,2025-08-01,8.49658e+10,590.04
NOC,2025-09-01,8.23147e+10,571.63
RTX,2020-10-01,8.75833e+10,57.8413
RTX,2020-11-01,1.16478e+11,76.924
RTX,2020-12-01,1.15422e+11,76.2263
RTX,2021-01-01,1.07708e+11,71.1318
RTX,2021-02-01,1.04836e+11,77.2099
RTX,2021-03-01,1.11834e+11,82.3644
RTX,2021-04-01,1.34341e+11,88.7264
RTX,2021-05-01,1.44032e+11,95.1273
RTX,2021-06-01,1.37025e+11,90.4995
RTX,2021-07-01,1.39605e+11,92.2395
RTX,2021-08-01,1.36906e+11,90.4565
RTX,2021-09-01,1.38844e+11,91.7372
RTX,2021-10-01,1.42807e+11,94.8318
RTX,2021-11-01,1.30809e+11,86.8646
RTX,2021-12-01,1.38302e+11,91.8399
RTX,2022-01-01,1.44939e+11,96.2473
RTX,2022-02-01,1.65327e+11,109.597
RTX,2022-03-01,1.58742e+11,105.232
RTX,2022-04-01,1.51008e+11,100.813
RTX,2022-05-01,1.52246e+11,101.64
RTX,2022-06-01,1.52166e+11,101.586
RTX,2022-07-01,1.46757e+11,98.5208
RTX,2022-08-01,1.42132e+11,95.4161
RTX,2022-09-01,1.29637e+11,87.028
RTX,2022-10-01,1.49123e+11,100.806
RTX,2022-11-01,1.56166e+11,105.568
RTX,2022-12-01,1.58815e+11,107.358
RTX,2023-01-01,1.57131e+11,106.22
RTX,2023-02-01,1.5505e+11,104.348
RTX,2023-03-01,1.53981e+11,103.628
RTX,2023-04-01,1.55842e+11,105.713
RTX,2023-05-01,1.43737e+11,97.5014
RTX,2023-06-01,1.50966e+11,102.406
RTX,2023-07-01,1.35003e+11,91.9204
RTX,2023-08-01,1.32102e+11,89.9446
RTX,2023-09-01,1.10499e+11,75.2361
RTX,2023-10-01,1.2321e+11,85.0836
RTX,2023-11-01,1.23346e+11,85.1777
RTX,2023-12-01,1.2649e+11,87.3491
RTX,2024-01-01,1.36983e+11,94.5953
RTX,2024-02-01,1.33621e+11,93.09
RTX,2024-03-01,1.44413e+11,100.608
RTX,2024-04-01,1.40047e+11,104.724
RTX,2024-05-01,1.48725e+11,111.213
RTX,2024-06-01,1.3692e+11,102.385
RTX,2024-07-01,1.60817e+11,119.825
RTX,2024-08-01,1.68824e+11,125.791
RTX,2024-09-01,1.6584e+11,123.568
RTX,2024-10-01,1.66114e+11,123.394
RTX,2024-11-01,1.67267e+11,124.251
RTX,2024-12-01,1.58073e+11,117.421
RTX,2025-01-01,1.76145e+11,130.846
RTX,2025-02-01,1.81312e+11,134.945
RTX,2025-03-01,1.79747e+11,133.78
RTX,2025-04-01,1.72202e+11,127.387
RTX,2025-05-01,1.86332e+11,137.84
RTX,2025-06-01,1.9739e+11,146.02
RTX,2025-07-01,2.1335e+11,157.57
RTX,2025-08-01,2.14744e+11,158.6
RTX,2025-09-01,2.0547e+11,151.75
GD,2009-08-01,2.31507e+10,59.819
GD,2009-09-01,2.52672e+10,65.2876
GD,2009-10-01,2.4381e+10,62.9978
GD,2009-11-01,2.56972e+10,66.2148
GD,2009-12-01,2.65814e+10,68.4932
GD,2010-01-01,2.6067e+10,67.1678
GD,2010-02-01,2.82782e+10,72.8963
GD,2010-03-01,3.00902e+10,77.5676
GD,2010-04-01,2.95998e+10,76.3032
GD,2010-05-01,2.63942e+10,67.8542
GD,2010-06-01,2.27631e+10,58.5194
GD,2010-07-01,2.36369e+10,60.7658
GD,2010-08-01,2.15375e+10,55.4331
GD,2010-09-01,2.42103e+10,62.3123
GD,2010-10-01,2.60842e+10,67.1353
GD,2010-11-01,2.49126e+10,65.1241
GD,2010-12-01,2.67522e+10,69.933
GD,2011-01-01,2.84223e+10,74.2989
GD,2011-02-01,2.88985e+10,75.0151
GD,2011-03-01,2.90634e+10,75.443
GD,2011-04-01,2.76494e+10,71.7726
GD,2011-05-01,2.75293e+10,73.1456
GD,2011-06-01,2.78173e+10,73.9108
GD,2011-07-01,2.52738e+10,67.1528
GD,2011-08-01,2.34548e+10,63.1494
GD,2011-09-01,2.08242e+10,56.067
GD,2011-10-01,2.34931e+10,63.2527
GD,2011-11-01,2.36214e+10,65.0933
GD,2011-12-01,2.37466e+10,65.4384
GD,2012-01-01,2.48931e+10,68.5978
GD,2012-02-01,2.66961e+10,72.6376
GD,2012-03-01,2.67512e+10,72.7877
GD,2012-04-01,2.46149e+10,66.975
GD,2012-05-01,2.28238e+10,63.5123
GD,2012-06-01,2.35203e+10,65.4504
GD,2012-07-01,2.26193e+10,62.9434
GD,2012-08-01,2.32277e+10,64.9957
GD,2012-09-01,2.32599e+10,65.0859
GD,2012-10-01,2.3826e+10,67.5291
GD,2012-11-01,2.32723e+10,65.9597
GD,2012-12-01,2.4243e+10,68.711
GD,2013-01-01,2.32029e+10,65.7629
GD,2013-02-01,2.38231e+10,67.4215
GD,2013-03-01,2.45079e+10,69.3596
GD,2013-04-01,2.59291e+10,73.3462
GD,2013-05-01,2.70295e+10,76.4587
GD,2013-06-01,2.72598e+10,77.1103
GD,2013-07-01,2.9862e+10,84.6111
GD,2013-08-01,2.91303e+10,82.5379
GD,2013-09-01,3.04164e+10,86.182
GD,2013-10-01,3.03064e+10,85.8738
GD,2013-11-01,3.20651e+10,90.857
GD,2013-12-01,3.34261e+10,94.7134
GD,2014-01-01,3.56495e+10,101.014
GD,2014-02-01,3.861e+10,109.222
GD,2014-03-01,3.81715e+10,107.982
GD,2014-04-01,3.79021e+10,109.15
GD,2014-05-01,4.09101e+10,117.812
GD,2014-06-01,4.0135e+10,115.58
GD,2014-07-01,3.99267e+10,116.477
GD,2014-08-01,4.21374e+10,122.927
GD,2014-09-01,4.32353e+10,126.13
GD,2014-10-01,4.71368e+10,139.383
GD,2014-11-01,4.90302e+10,144.982
GD,2014-12-01,4.64208e+10,137.266
GD,2015-01-01,4.51405e+10,133.48
GD,2015-02-01,4.74638e+10,139.055
GD,2015-03-01,4.64119e+10,135.973
GD,2015-04-01,4.6048e+10,137.587
GD,2015-05-01,4.69919e+10,140.407
GD,2015-06-01,4.77396e+10,142.642
GD,2015-07-01,4.95129e+10,149.394
GD,2015-08-01,4.71628e+10,142.303
GD,2015-09-01,4.58119e+10,138.227
GD,2015-10-01,4.79187e+10,148.845
GD,2015-11-01,4.72322e+10,146.712
GD,2015-12-01,4.43081e+10,137.629
GD,2016-01-01,4.33718e+10,134.721
GD,2016-02-01,4.48202e+10,137.211
GD,2016-03-01,4.32122e+10,132.288
GD,2016-04-01,4.42017e+10,141.515
GD,2016-05-01,4.46333e+10,142.897
GD,2016-06-01,4.40576e+10,141.054
GD,2016-07-01,4.59017e+10,147.971
GD,2016-08-01,4.7583e+10,153.391
GD,2016-09-01,4.84892e+10,156.312
GD,2016-10-01,4.70419e+10,151.881
GD,2016-11-01,5.47192e+10,176.668
GD,2016-12-01,5.38713e+10,173.931
GD,2017-01-01,5.67497e+10,183.224
GD,2017-02-01,5.96128e+10,192.06
GD,2017-03-01,5.88025e+10,189.449
GD,2017-04-01,6.0258e+10,196.1
GD,2017-05-01,6.32058e+10,205.693
GD,2017-06-01,6.1601e+10,200.471
GD,2017-07-01,6.06674e+10,198.682
GD,2017-08-01,6.22136e+10,203.745
GD,2017-09-01,6.35286e+10,208.052
GD,2017-10-01,6.2387e+10,205.389
GD,2017-11-01,6.36726e+10,209.621
GD,2017-12-01,6.25302e+10,205.86
GD,2018-01-01,6.86546e+10,226.023
GD,2018-02-01,6.88514e+10,226.011
GD,2018-03-01,6.83714e+10,224.436
GD,2018-04-01,6.15939e+10,204.56
GD,2018-05-01,6.17121e+10,204.953
GD,2018-06-01,5.70363e+10,189.424
GD,2018-07-01,6.09271e+10,202.996
GD,2018-08-01,5.89819e+10,196.515
GD,2018-09-01,6.2139e+10,207.034
GD,2018-10-01,5.24398e+10,175.333
GD,2018-11-01,5.61791e+10,187.835
GD,2018-12-01,4.77705e+10,159.721
GD,2019-01-01,5.23102e+10,174.9
GD,2019-02-01,5.2034e+10,173.934
GD,2019-03-01,5.1445e+10,171.965
GD,2019-04-01,5.31313e+10,182.65
GD,2019-05-01,4.78137e+10,164.37
GD,2019-06-01,5.3711e+10,184.643
GD,2019-07-01,5.5228e+10,189.908
GD,2019-08-01,5.68074e+10,195.339
GD,2019-09-01,5.39876e+10,185.642
GD,2019-10-01,5.25514e+10,180.656
GD,2019-11-01,5.4018e+10,185.698
GD,2019-12-01,5.24146e+10,180.186
GD,2020-01-01,5.24371e+10,180.263
GD,2020-02-01,4.77267e+10,164.102
GD,2020-03-01,3.92703e+10,135.026
GD,2020-04-01,3.898e+10,134.44
GD,2020-05-01,4.38137e+10,151.111
GD,2020-06-01,4.42685e+10,152.68
GD,2020-07-01,4.33333e+10,151.022
GD,2020-08-01,4.41053e+10,153.713
GD,2020-09-01,4.0586e+10,141.448
GD,2020-10-01,3.88359e+10,135.21
GD,2020-11-01,4.41691e+10,153.778
GD,2020-12-01,4.40154e+10,153.243
GD,2021-01-01,4.36964e+10,152.132
GD,2021-02-01,4.88144e+10,169.546
GD,2021-03-01,5.42125e+10,188.295
GD,2021-04-01,5.62716e+10,197.307
GD,2021-05-01,5.61779e+10,196.978
GD,2021-06-01,5.56901e+10,195.268
GD,2021-07-01,5.73978e+10,203.385
GD,2021-08-01,5.86455e+10,207.806
GD,2021-09-01,5.73978e+10,203.385
GD,2021-10-01,5.89879e+10,210.367
GD,2021-11-01,5.49817e+10,196.08
GD,2021-12-01,6.06553e+10,216.313
GD,2022-01-01,6.20585e+10,221.317
GD,2022-02-01,6.89913e+10,244.635
GD,2022-03-01,7.09731e+10,251.663
GD,2022-04-01,6.91067e+10,246.865
GD,2022-05-01,6.57117e+10,234.738
GD,2022-06-01,6.50158e+10,232.252
GD,2022-07-01,6.6012e+10,236.65
GD,2022-08-01,6.667e+10,239.009
GD,2022-09-01,6.17893e+10,221.512
GD,2022-10-01,7.20707e+10,260.765
GD,2022-11-01,7.2818e+10,263.469
GD,2022-12-01,7.15831e+10,259.001
GD,2023-01-01,6.7241e+10,243.29
GD,2023-02-01,6.61803e+10,237.914
GD,2023-03-01,6.62674e+10,238.227
GD,2023-04-01,6.27049e+10,226.661
GD,2023-05-01,5.86383e+10,211.961
GD,2023-06-01,6.17887e+10,223.349
GD,2023-07-01,6.34706e+10,230.729
GD,2023-08-01,6.43392e+10,233.887
GD,2023-09-01,6.27296e+10,228.036
GD,2023-10-01,6.80226e+10,247.584
GD,2023-11-01,6.96181e+10,253.392
GD,2023-12-01,7.31981e+10,266.422
GD,2024-01-01,7.46977e+10,271.88
GD,2024-02-01,7.73009e+10,280.355
GD,2024-03-01,7.951e+10,288.367
GD,2024-04-01,8.11796e+10,293.063
GD,2024-05-01,8.47651e+10,306.007
GD,2024-06-01,8.16613e+10,294.802
GD,2024-07-01,8.42913e+10,303.51
GD,2024-08-01,8.44747e+10,304.17
GD,2024-09-01,8.4878e+10,305.622
GD,2024-10-01,8.19526e+10,294.912
GD,2024-11-01,7.98167e+10,287.226
GD,2024-12-01,7.40499e+10,266.474
GD,2025-01-01,7.22204e+10,259.89
GD,2025-02-01,7.08865e+10,255.461
GD,2025-03-01,7.60443e+10,274.048
GD,2025-04-01,7.43466e+10,273.586
GD,2025-05-01,7.6087e+10,279.99
GD,2025-06-01,7.92583e+10,291.66
GD,2025-07-01,8.44292e+10,311.61
GD,2025-08-01,8.79406e+10,324.57
GD,2025-09-01,8.70628e+10,321.33
LHX,2009-10-01,5.42045e+09,41.0951
LHX,2009-11-01,5.70432e+09,43.2473
LHX,2009-12-01,6.17798e+09,46.8384
LHX,2010-01-01,5.52512e+09,42.0801
LHX,2010-02-01,5.82124e+09,44.3354
LHX,2010-03-01,6.11323e+09,46.5592
LHX,2010-04-01,6.56552e+09,50.2335
LHX,2010-05-01,5.98288e+09,45.7756
LHX,2010-06-01,5.31214e+09,40.6438
LHX,2010-07-01,5.64861e+09,43.2181
LHX,2010-08-01,5.30773e+09,40.8287
LHX,2010-09-01,5.5879e+09,42.9838
LHX,2010-10-01,5.56879e+09,43.6083
LHX,2010-11-01,5.45063e+09,42.6831
LHX,2010-12-01,5.54952e+09,43.4575
LHX,2011-01-01,5.66092e+09,44.6445
LHX,2011-02-01,5.67607e+09,44.7639
LHX,2011-03-01,6.06608e+09,47.8397
LHX,2011-04-01,6.46415e+09,50.9791
LHX,2011-05-01,6.00804e+09,47.6828
LHX,2011-06-01,5.47635e+09,43.4631
LHX,2011-07-01,4.81727e+09,38.2323
LHX,2011-08-01,4.88642e+09,38.689
LHX,2011-09-01,4.13688e+09,32.7544
LHX,2011-10-01,4.32071e+09,36.1869
LHX,2011-11-01,4.10489e+09,34.3794
LHX,2011-12-01,4.12214e+09,34.5238
LHX,2012-01-01,4.68943e+09,39.275
LHX,2012-02-01,4.71507e+09,41.8003
LHX,2012-03-01,4.86935e+09,43.168
LHX,2012-04-01,4.91914e+09,43.6094
LHX,2012-05-01,4.3131e+09,38.4069
LHX,2012-06-01,4.53728e+09,40.4032
LHX,2012-07-01,4.51603e+09,40.214
LHX,2012-08-01,5.21259e+09,45.4059
LHX,2012-09-01,5.67621e+09,49.4443
LHX,2012-10-01,4.97576e+09,44.1897
LHX,2012-11-01,5.16338e+09,45.856
LHX,2012-12-01,5.3206e+09,47.2522
LHX,2013-01-01,5.03427e+09,44.5905
LHX,2013-02-01,5.23806e+09,46.3955
LHX,2013-03-01,5.04866e+09,44.718
LHX,2013-04-01,5.03305e+09,44.5797
LHX,2013-05-01,5.41823e+09,48.7251
LHX,2013-06-01,5.32333e+09,47.8716
LHX,2013-07-01,6.16853e+09,55.4724
LHX,2013-08-01,6.12051e+09,55.0406
LHX,2013-09-01,6.40695e+09,57.6165
LHX,2013-10-01,6.45933e+09,60.1988
LHX,2013-11-01,6.76929e+09,63.0875
LHX,2013-12-01,7.27654e+09,67.8149
LHX,2014-01-01,7.22778e+09,67.3605
LHX,2014-02-01,7.69421e+09,71.7075
LHX,2014-03-01,7.62389e+09,71.0521
LHX,2014-04-01,7.669e+09,71.406
LHX,2014-05-01,8.10175e+09,75.4353
LHX,2014-06-01,7.94458e+09,73.9719
LHX,2014-07-01,7.16037e+09,66.6701
LHX,2014-08-01,7.48019e+09,69.7129
LHX,2014-09-01,6.95689e+09,64.8359
LHX,2014-10-01,7.19051e+09,67.9633
LHX,2014-11-01,7.4542e+09,70.4556
LHX,2014-12-01,7.46938e+09,70.5991
LHX,2015-01-01,6.93549e+09,65.5529
LHX,2015-02-01,7.95694e+09,75.8526
LHX,2015-03-01,8.1177e+09,77.3852
LHX,2015-04-01,8.21998e+09,78.3602
LHX,2015-05-01,8.15601e+09,77.8246
LHX,2015-06-01,7.91827e+09,75.556
LHX,2015-07-01,8.53914e+09,81.4803
LHX,2015-08-01,8.05984e+09,75.4667
LHX,2015-09-01,7.72472e+09,72.3288
LHX,2015-10-01,8.29847e+09,77.7011
LHX,2015-11-01,1.02426e+10,82.1382
LHX,2015-12-01,1.07072e+10,85.8638
LHX,2016-01-01,1.06537e+10,85.4345
LHX,2016-02-01,9.48836e+09,76.6427
LHX,2016-03-01,9.52873e+09,76.9688
LHX,2016-04-01,9.72823e+09,78.5802
LHX,2016-05-01,9.73946e+09,77.8534
LHX,2016-06-01,1.03168e+10,82.4682
LHX,2016-07-01,1.07098e+10,85.6096
LHX,2016-08-01,1.14868e+10,91.8944
LHX,2016-09-01,1.13161e+10,90.5288
LHX,2016-10-01,1.10198e+10,88.1585
LHX,2016-11-01,1.29092e+10,102.862
LHX,2016-12-01,1.2709e+10,101.267
LHX,2017-01-01,1.27387e+10,101.504
LHX,2017-02-01,1.36185e+10,108.6
LHX,2017-03-01,1.37912e+10,109.978
LHX,2017-04-01,1.38628e+10,110.549
LHX,2017-05-01,1.38625e+10,111.345
LHX,2017-06-01,1.34816e+10,108.286
LHX,2017-07-01,1.41483e+10,113.641
LHX,2017-08-01,1.51689e+10,122.034
LHX,2017-09-01,1.62508e+10,130.738
LHX,2017-10-01,1.67645e+10,138.321
LHX,2017-11-01,1.74598e+10,144.057
LHX,2017-12-01,1.70476e+10,140.656
LHX,2018-01-01,1.91322e+10,158.248
LHX,2018-02-01,1.87449e+10,155.044
LHX,2018-03-01,1.93616e+10,160.146
LHX,2018-04-01,1.87775e+10,155.314
LHX,2018-05-01,1.81454e+10,149.962
LHX,2018-06-01,1.74308e+10,144.056
LHX,2018-07-01,1.98926e+10,164.401
LHX,2018-08-01,1.9614e+10,161.965
LHX,2018-09-01,2.04229e+10,168.645
LHX,2018-10-01,1.78747e+10,148.214
LHX,2018-11-01,1.72637e+10,143.149
LHX,2018-12-01,1.61842e+10,134.197
LHX,2019-01-01,1.83209e+10,152.674
LHX,2019-02-01,1.97242e+10,164.369
LHX,2019-03-01,1.91039e+10,159.199
LHX,2019-04-01,2.01562e+10,167.969
LHX,2019-05-01,2.253e+10,187.282
LHX,2019-06-01,2.27637e+10,189.225
LHX,2019-07-01,2.49861e+10,207.698
LHX,2019-08-01,2.54446e+10,211.509
LHX,2019-09-01,2.52009e+10,209.483
LHX,2019-10-01,4.66869e+10,207.129
LHX,2019-11-01,4.56764e+10,202.646
LHX,2019-12-01,4.49447e+10,199.4
LHX,2020-01-01,5.02732e+10,223.04
LHX,2020-02-01,4.49142e+10,199.265
LHX,2020-03-01,4.11007e+10,182.346
LHX,2020-04-01,4.4197e+10,196.082
LHX,2020-05-01,4.4279e+10,201.911
LHX,2020-06-01,3.78304e+10,172.505
LHX,2020-07-01,3.75287e+10,171.129
LHX,2020-08-01,4.00192e+10,183.743
LHX,2020-09-01,3.77845e+10,173.483
LHX,2020-10-01,3.58401e+10,164.555
LHX,2020-11-01,4.23648e+10,196.954
LHX,2020-12-01,4.17097e+10,193.908
LHX,2021-01-01,3.78468e+10,175.95
LHX,2021-02-01,4.0142e+10,186.62
LHX,2021-03-01,4.51322e+10,209.042
LHX,2021-04-01,4.65923e+10,215.805
LHX,2021-05-01,4.71104e+10,225.949
LHX,2021-06-01,4.66989e+10,223.976
LHX,2021-07-01,4.89891e+10,234.96
LHX,2021-08-01,4.96425e+10,241.452
LHX,2021-09-01,4.71269e+10,229.217
LHX,2021-10-01,4.83716e+10,239.938
LHX,2021-11-01,4.40715e+10,218.609
LHX,2021-12-01,4.49502e+10,222.967
LHX,2022-01-01,4.4116e+10,218.829
LHX,2022-02-01,5.36062e+10,263.81
LHX,2022-03-01,5.30236e+10,260.943
LHX,2022-04-01,4.75886e+10,243.919
LHX,2022-05-01,4.9359e+10,252.993
LHX,2022-06-01,4.97536e+10,255.016
LHX,2022-07-01,4.89032e+10,252.078
LHX,2022-08-01,4.65025e+10,239.704
LHX,2022-09-01,4.23634e+10,218.368
LHX,2022-10-01,4.95405e+10,258.968
LHX,2022-11-01,4.5875e+10,239.807
LHX,2022-12-01,4.20629e+10,219.879
LHX,2023-01-01,4.33982e+10,226.86
LHX,2023-02-01,4.31556e+10,223.026
LHX,2023-03-01,3.98956e+10,206.179
LHX,2023-04-01,3.92025e+10,205.034
LHX,2023-05-01,3.53395e+10,184.83
LHX,2023-06-01,3.90844e+10,204.417
LHX,2023-07-01,3.7613e+10,197.859
LHX,2023-08-01,3.53502e+10,185.956
LHX,2023-09-01,3.43503e+10,180.696
LHX,2023-10-01,3.53939e+10,186.186
LHX,2023-11-01,3.76429e+10,198.016
LHX,2023-12-01,4.13117e+10,217.316
LHX,2024-01-01,4.08802e+10,215.046
LHX,2024-02-01,4.16249e+10,218.389
LHX,2024-03-01,4.16855e+10,218.707
LHX,2024-04-01,4.19153e+10,219.682
LHX,2024-05-01,4.40262e+10,230.745
LHX,2024-06-01,4.37562e+10,229.33
LHX,2024-07-01,4.41599e+10,231.689
LHX,2024-08-01,4.60634e+10,241.676
LHX,2024-09-01,4.60748e+10,241.735
LHX,2024-10-01,4.79091e+10,251.491
LHX,2024-11-01,4.76729e+10,250.252
LHX,2024-12-01,4.07093e+10,213.697
LHX,2025-01-01,4.08214e+10,214.286
LHX,2025-02-01,3.97271e+10,208.322
LHX,2025-03-01,4.01114e+10,210.338
LHX,2025-04-01,4.18101e+10,221.101
LHX,2025-05-01,4.64316e+10,245.54
LHX,2025-06-01,4.74338e+10,250.84
LHX,2025-07-01,5.16112e+10,274.82
LHX,2025-08-01,5.2137e+10,277.62
LHX,2025-09-01,5.08393e+10,270.71
TSLA,2012-05-01,3.09114e+09,1.96667
TSLA,2012-06-01,3.2787e+09,2.086
TSLA,2012-07-01,2.87319e+09,1.828
TSLA,2012-08-01,2.98844e+09,1.90133
TSLA,2012-09-01,3.06809e+09,1.952
TSLA,2012-10-01,2.94769e+09,1.8754
TSLA,2012-11-01,3.54381e+09,2.25467
TSLA,2012-12-01,3.54905e+09,2.258
TSLA,2013-01-01,3.93047e+09,2.50067
TSLA,2013-02-01,3.64964e+09,2.322
TSLA,2013-03-01,4.06746e+09,2.526
TSLA,2013-04-01,5.79578e+09,3.59933
TSLA,2013-05-01,1.21482e+10,6.51733
TSLA,2013-06-01,1.33411e+10,7.15733
TSLA,2013-07-01,1.66863e+10,8.952
TSLA,2013-08-01,1.98264e+10,11.2667
TSLA,2013-09-01,2.26852e+10,12.8913
TSLA,2013-10-01,1.87635e+10,10.6627
TSLA,2013-11-01,1.55107e+10,8.48533
TSLA,2013-12-01,1.83318e+10,10.0287
TSLA,2014-01-01,2.21071e+10,12.094
TSLA,2014-02-01,2.92356e+10,16.3207
TSLA,2014-03-01,2.48935e+10,13.8967
TSLA,2014-04-01,2.48265e+10,13.8593
TSLA,2014-05-01,2.56539e+10,13.8513
TSLA,2014-06-01,2.96409e+10,16.004
TSLA,2014-07-01,2.75715e+10,14.8867
TSLA,2014-08-01,3.35103e+10,17.98
TSLA,2014-09-01,3.01532e+10,16.1787
TSLA,2014-10-01,3.00313e+10,16.1133
TSLA,2014-11-01,3.05431e+10,16.3013
TSLA,2014-12-01,2.77813e+10,14.8273
TSLA,2015-01-01,2.54317e+10,13.5733
TSLA,2015-02-01,2.53238e+10,13.556
TSLA,2015-03-01,2.35094e+10,12.5847
TSLA,2015-04-01,2.81521e+10,15.07
TSLA,2015-05-01,3.15874e+10,16.72
TSLA,2015-06-01,3.37865e+10,17.884
TSLA,2015-07-01,3.35206e+10,17.7433
TSLA,2015-08-01,3.15531e+10,16.604
TSLA,2015-09-01,3.14695e+10,16.56
TSLA,2015-10-01,2.62156e+10,13.7953
TSLA,2015-11-01,2.9705e+10,15.3507
TSLA,2015-12-01,3.09628e+10,16.0007
TSLA,2016-01-01,2.46544e+10,12.7407
TSLA,2016-02-01,2.46057e+10,12.7953
TSLA,2016-03-01,2.9457e+10,15.318
TSLA,2016-04-01,3.0866e+10,16.0507
TSLA,2016-05-01,2.96173e+10,14.882
TSLA,2016-06-01,2.81645e+10,14.152
TSLA,2016-07-01,3.11511e+10,15.6527
TSLA,2016-08-01,2.96778e+10,14.134
TSLA,2016-09-01,2.85607e+10,13.602
TSLA,2016-10-01,2.76788e+10,13.182
TSLA,2016-11-01,2.97236e+10,12.6267
TSLA,2016-12-01,3.35354e+10,14.246
TSLA,2017-01-01,3.95366e+10,16.7953
TSLA,2017-02-01,3.92322e+10,16.666
TSLA,2017-03-01,4.01341e+10,18.5533
TSLA,2017-04-01,4.52927e+10,20.938
TSLA,2017-05-01,5.52876e+10,22.734
TSLA,2017-06-01,5.86274e+10,24.1073
TSLA,2017-07-01,5.24439e+10,21.5647
TSLA,2017-08-01,5.8799e+10,23.7267
TSLA,2017-09-01,5.63407e+10,22.7347
TSLA,2017-10-01,5.47727e+10,22.102
TSLA,2017-11-01,5.16856e+10,20.5967
TSLA,2017-12-01,5.20871e+10,20.7567
TSLA,2018-01-01,5.9274e+10,23.6207
TSLA,2018-02-01,5.6865e+10,22.8707
TSLA,2018-03-01,4.41132e+10,17.742
TSLA,2018-04-01,4.87162e+10,19.5933
TSLA,2018-05-01,4.81609e+10,18.982
TSLA,2018-06-01,5.80085e+10,22.8633
TSLA,2018-07-01,5.04292e+10,19.876
TSLA,2018-08-01,5.12814e+10,20.1107
TSLA,2018-09-01,4.501e+10,17.6513
TSLA,2018-10-01,5.73434e+10,22.488
TSLA,2018-11-01,6.2454e+10,23.3653
TSLA,2018-12-01,5.93037e+10,22.1867
TSLA,2019-01-01,5.47097e+10,20.468
TSLA,2019-02-01,5.45475e+10,21.3253
TSLA,2019-03-01,4.7723e+10,18.6573
TSLA,2019-04-01,4.12908e+10,15.9127
TSLA,2019-05-01,3.20306e+10,12.344
TSLA,2019-06-01,3.8656e+10,14.8973
TSLA,2019-07-01,4.26813e+10,16.1073
TSLA,2019-08-01,3.9855e+10,15.0407
TSLA,2019-09-01,4.25506e+10,16.058
TSLA,2019-10-01,5.79454e+10,20.9947
TSLA,2019-11-01,6.0709e+10,21.996
TSLA,2019-12-01,7.69728e+10,27.8887
TSLA,2020-01-01,1.19701e+11,43.37
TSLA,2020-02-01,1.18236e+11,44.5333
TSLA,2020-03-01,9.27479e+10,34.9333
TSLA,2020-04-01,1.55598e+11,52.1267
TSLA,2020-05-01,1.66165e+11,55.6667
TSLA,2020-06-01,2.1488e+11,71.9867
TSLA,2020-07-01,2.96165e+11,95.3833
TSLA,2020-08-01,5.15762e+11,166.107
TSLA,2020-09-01,4.44024e+11,143.003
TSLA,2020-10-01,4.28785e+11,129.347
TSLA,2020-11-01,6.27198e+11,189.2
TSLA,2020-12-01,7.79764e+11,235.223
TSLA,2021-01-01,8.76851e+11,264.51
TSLA,2021-02-01,7.31568e+11,225.167
TSLA,2021-03-01,7.23367e+11,222.643
TSLA,2021-04-01,8.03796e+11,236.48
TSLA,2021-05-01,7.08375e+11,208.407
TSLA,2021-06-01,7.70101e+11,226.567
TSLA,2021-07-01,7.68978e+11,229.067
TSLA,2021-08-01,8.23271e+11,245.24
TSLA,2021-09-01,8.67761e+11,258.493
TSLA,2021-10-01,1.25102e+12,371.333
TSLA,2021-11-01,1.28557e+12,381.587
TSLA,2021-12-01,1.18676e+12,352.26
TSLA,2022-01-01,1.05194e+12,312.24
TSLA,2022-02-01,9.82714e+11,290.143
TSLA,2022-03-01,1.21661e+12,359.2
TSLA,2022-04-01,1.00747e+12,290.253
TSLA,2022-05-01,8.77306e+11,252.753
TSLA,2022-06-01,7.79146e+11,224.473
TSLA,2022-07-01,1.02962e+12,297.15
TSLA,2022-08-01,9.54989e+11,275.61
TSLA,2022-09-01,9.19091e+11,265.25
TSLA,2022-10-01,7.89109e+11,227.54
TSLA,2022-11-01,6.7522e+11,194.7
TSLA,2022-12-01,4.27188e+11,123.18
TSLA,2023-01-01,6.0194e+11,173.22
TSLA,2023-02-01,7.14842e+11,205.71
TSLA,2023-03-01,7.20924e+11,207.46
TSLA,2023-04-01,5.69827e+11,164.31
TSLA,2023-05-01,7.07229e+11,203.93
TSLA,2023-06-01,9.07818e+11,261.77
TSLA,2023-07-01,9.30122e+11,267.43
TSLA,2023-08-01,8.97602e+11,258.08
TSLA,2023-09-01,8.70265e+11,250.22
TSLA,2023-10-01,7.01534e+11,200.84
TSLA,2023-11-01,8.38599e+11,240.08
TSLA,2023-12-01,8.67941e+11,248.48
TSLA,2024-01-01,6.52706e+11,187.29
TSLA,2024-02-01,7.03552e+11,201.88
TSLA,2024-03-01,6.12628e+11,175.79
TSLA,2024-04-01,6.38548e+11,183.28
TSLA,2024-05-01,6.20431e+11,178.08
TSLA,2024-06-01,6.89414e+11,197.88
TSLA,2024-07-01,8.07836e+11,232.07
TSLA,2024-08-01,7.45317e+11,214.11
TSLA,2024-09-01,9.10734e+11,261.63
TSLA,2024-10-01,8.73725e+11,249.85
TSLA,2024-11-01,1.20702e+12,345.16
TSLA,2024-12-01,1.41223e+12,403.84
TSLA,2025-01-01,1.41529e+12,404.6
TSLA,2025-02-01,1.02484e+12,292.98
TSLA,2025-03-01,9.06542e+11,259.16
TSLA,2025-04-01,9.93485e+11,282.16
TSLA,2025-05-01,1.21989e+12,346.46
TSLA,2025-06-01,1.11848e+12,317.66
TSLA,2025-07-01,1.0848e+12,308.27
TSLA,2025-08-01,1.17489e+12,333.87
TSLA,2025-09-01,1.22105e+12,346.988
