ticker,period_end,filed,avail,rev,gp,oi,ni,sh,split_fac,sh_now,dps,dps_now,inv,equity,cash,debt
XOM,2017-03-31,2018-05-03,2018-05-03,56474000000,,,4010000000,4.223e+09,1,4.223e+09,0.75,0.75,,1.77151e+11,4.897e+09,4.239e+10
XOM,2017-06-30,2018-08-02,2018-08-02,56026000000,,,3350000000,4.271e+09,1,4.271e+09,0.77,0.77,,1.79178e+11,4.042e+09,4.0716e+10
XOM,2017-09-30,2018-11-07,2018-11-07,59350000000,,,3970000000,4.271e+09,1,4.271e+09,0.77,0.77,,1.82276e+11,4.266e+09,3.9264e+10
XOM,2017-12-31,2018-02-28,2018-02-28,65312000000,,,8380000000,4.256e+09,1,4.256e+09,0.77,0.77,,1.87688e+11,3.177e+09,2.7866e+10
XOM,2018-03-31,2018-05-03,2018-05-03,65436000000,,,4650000000,4.27e+09,1,4.27e+09,0.77,0.77,,1.88195e+11,4.125e+09,1.9836e+10
XOM,2018-06-30,2018-08-02,2018-08-02,71456000000,,,3950000000,4.271e+09,1,4.271e+09,0.82,0.82,,1.87222e+11,3.43e+09,2.05e+10
XOM,2018-09-30,2018-11-07,2018-11-07,74187000000,,,6240000000,4.271e+09,1,4.271e+09,0.82,0.82,,1.90365e+11,5.669e+09,1.9413e+10
XOM,2018-12-31,2019-02-27,2019-02-27,68253000000,,,6000000000,4.27e+09,1,4.27e+09,0.8200000000000003,0.8200000000000003,,1.91794e+11,3.042e+09,4.07e+09
XOM,2019-03-31,2019-05-02,2019-05-02,61646000000,,,2350000000,4.27e+09,1,4.27e+09,0.82,0.82,,1.91222e+11,4.586e+09,2.1794e+10
XOM,2019-06-30,2019-08-07,2019-08-07,67491000000,,,3130000000,4.271e+09,1,4.271e+09,0.87,0.87,,1.91377e+11,4.213e+09,2.6195e+10
XOM,2019-09-30,2019-11-06,2019-11-06,65049000000,,,3170000000,4.271e+09,1,4.271e+09,0.87,0.87,,1.89915e+11,5.351e+09,2.1196e+10
XOM,2019-12-31,2020-02-26,2020-02-26,70752000000,,,5690000000,4.27e+09,1,4.27e+09,0.8700000000000001,0.8700000000000001,,1.9165e+11,3.089e+09,1.617e+09
XOM,2020-03-31,2020-05-06,2020-05-06,56158000000,,,-610000000,4.27e+09,1,4.27e+09,0.87,0.87,,1.82079e+11,1.1412e+10,2.7755e+10
XOM,2020-06-30,2020-08-05,2020-08-05,32605000000,,,-1080000000,4.271e+09,1,4.271e+09,0.87,0.87,,1.80183e+11,1.2576e+10,2.2952e+10
XOM,2020-09-30,2020-11-04,2020-11-04,46199000000,,,-680000000,4.271e+09,1,4.271e+09,0.87,0.87,,1.774e+11,8.832e+09,2.1911e+10
XOM,2020-12-31,2021-02-24,2021-02-24,46540000000,,,-20070000000,4.271e+09,1,4.271e+09,0.8700000000000001,0.8700000000000001,,1.5715e+11,4.364e+09,2.93e+09
XOM,2021-03-31,2021-05-05,2021-05-05,59147000000,,,2730000000,4.272e+09,1,4.272e+09,0.87,0.87,,1.56974e+11,3.515e+09,1.8185e+10
XOM,2021-06-30,2021-08-04,2021-08-04,67742000000,,,4690000000,4.276e+09,1,4.276e+09,0.87,0.87,,1.58571e+11,3.465e+09,1.5293e+10
XOM,2021-09-30,2021-11-03,2021-11-03,73786000000,,,6750000000,4.276e+09,1,4.276e+09,0.87,0.87,,1.60589e+11,4.768e+09,1.2966e+10
XOM,2021-12-31,2022-02-23,2022-02-23,84965000000,,,8870000000,4.275e+09,1,4.275e+09,0.8800000000000003,0.8800000000000003,,1.68577e+11,6.802e+09,2.392e+09
XOM,2022-03-31,2022-05-04,2022-05-04,90500000000,,,5480000000,4.266e+09,1,4.266e+09,0.88,0.88,,1.69215e+11,1.1074e+10,4.886e+09
XOM,2022-06-30,2022-08-03,2022-08-03,115681000000,,,17850000000,4.233e+09,1,4.233e+09,0.88,0.88,,1.77316e+11,1.8861e+10,7.367e+09
XOM,2022-09-30,2022-11-02,2022-11-02,112070000000,,,19660000000,4.185e+09,1,4.185e+09,0.88,0.88,,1.861e+11,3.0407e+10,6.182e+09
XOM,2022-12-31,2023-02-22,2023-02-22,95429000000,,,12750000000,4.205e+09,1,4.205e+09,0.9099999999999997,0.9099999999999997,,1.95049e+11,2.964e+10,1.81e+08
XOM,2023-03-31,2023-05-02,2023-05-02,86564000000,,,11430000000,4.102e+09,1,4.102e+09,0.91,0.91,,1.98685e+11,3.2651e+10,2.296e+09
XOM,2023-06-30,2023-08-01,2023-08-01,82914000000,,,7880000000,4.066e+09,1,4.066e+09,0.91,0.91,,1.99046e+11,2.9528e+10,3.929e+09
XOM,2023-09-30,2023-10-31,2023-10-31,90760000000,,,9070000000,4.025e+09,1,4.025e+09,0.91,0.91,,1.99703e+11,3.2944e+10,4.743e+09
XOM,2023-12-31,2024-02-28,2024-02-28,84344000000,,,7630000000,4.052e+09,1,4.052e+09,0.9500000000000002,0.9500000000000002,,2.04802e+11,3.1539e+10,4.009e+09
XOM,2024-03-31,2024-04-29,2024-04-29,83083000000,,,8220000000,3.998e+09,1,3.998e+09,0.95,0.95,,2.0525e+11,3.332e+10,8.227e+09
XOM,2024-06-30,2024-08-05,2024-08-05,93060000000,,,9240000000,4.317e+09,1,4.317e+09,0.95,0.95,,2.68405e+11,2.646e+10,6.621e+09
XOM,2024-09-30,2024-11-04,2024-11-04,90016000000,,,8610000000,4.462e+09,1,4.462e+09,0.95,0.95,,2.68592e+11,2.6926e+10,5.632e+09
XOM,2024-12-31,2025-02-19,2025-02-19,83426000000,,,7610000000,4.298e+09,1,4.298e+09,0.9900000000000002,0.9900000000000002,,2.63705e+11,2.3029e+10,4.892e+09
XOM,2025-03-31,2025-05-05,2025-05-05,83130000000,,,7713000000,4.372e+09,1,4.372e+09,0.99,0.99,,2.6272e+11,1.7036e+10,4.728e+09
XOM,2025-06-30,2025-08-04,2025-08-04,81506000000,,,7082000000,4.331e+09,1,4.331e+09,0.99,0.99,,2.62593e+11,1.4352e+10,5.419e+09
CVX,2008-03-31,2009-05-07,2009-05-07,65946000000,,,5168000000,2.08021e+09,1,2.08021e+09,0.58,0.58,,,8.208e+09,0
CVX,2008-06-30,2009-08-06,2009-08-06,82989000000,,,5975000000,2.06489e+09,1,2.06489e+09,0.65,0.65,,,8.18e+09,0
CVX,2008-09-30,2009-11-05,2009-11-05,78867000000,,,7893000000,2.04462e+09,1,2.04462e+09,0.65,0.65,,,1.0636e+10,0
CVX,2008-12-31,2010-02-25,2010-02-25,45203000000,,,4895000000,2.05e+09,1,2.05e+09,,,6.854e+09,8.7117e+10,9.56e+09,8.56e+09
CVX,2009-03-31,2009-05-07,2009-05-07,36130000000,,,1837000000,1.99951e+09,1,1.99951e+09,0.65,0.65,6.428e+09,8.7816e+10,9.304e+09,1.1866e+10
CVX,2009-06-30,2009-08-06,2009-08-06,40205000000,,,1745000000,1.99967e+09,1,1.99967e+09,0.65,0.65,6.484e+09,8.7958e+10,7.344e+09,1.1718e+10
CVX,2009-09-30,2009-11-05,2009-11-05,46625000000,,,3831000000,2.00059e+09,1,2.00059e+09,0.68,0.68,6.323e+09,9.0646e+10,7.689e+09,1.0213e+10
CVX,2009-12-31,2010-02-25,2010-02-25,48676000000,,,3070000000,2.001e+09,1,2.001e+09,,,5.529e+09,9.1914e+10,8.822e+09,1.0213e+10
CVX,2010-03-31,2010-05-05,2010-05-05,48179000000,,,4552000000,2.00422e+09,1,2.00422e+09,0.68,0.68,6.078e+09,9.5349e+10,7.46e+09,1.0095e+10
CVX,2010-06-30,2010-08-05,2010-08-05,53004000000,,,5409000000,2.006e+09,1,2.006e+09,0.72,0.72,5.911e+09,9.9569e+10,9.462e+09,1.0168e+10
CVX,2010-09-30,2010-11-05,2010-11-05,49718000000,,,3768000000,2.00678e+09,1,2.00678e+09,0.72,0.72,6.137e+09,1.02243e+11,1.1061e+10,1.0313e+10
CVX,2010-12-31,2011-02-24,2011-02-24,54027000000,,,5295000000,2.007e+09,1,2.007e+09,,,5.493e+09,1.05081e+11,1.4215e+10,5.669e+09
CVX,2011-03-31,2011-05-05,2011-05-05,60341000000,,,6211000000,2.00858e+09,1,2.00858e+09,0.72,0.72,6.232e+09,1.101e+11,1.3294e+10,1.1301e+10
CVX,2011-06-30,2011-08-04,2011-08-04,68948000000,,,7732000000,2.009e+09,1,2.009e+09,0.78,0.78,7.286e+09,1.15653e+11,1.3556e+10,1.1386e+10
CVX,2011-09-30,2011-11-03,2011-11-03,64432000000,,,7829000000,1.99867e+09,1,1.99867e+09,0.78,0.78,6.072e+09,1.20891e+11,1.4477e+10,9.629e+09
CVX,2011-12-31,2012-02-23,2012-02-23,59985000000,,,5123000000,2.001e+09,1,2.001e+09,,,5.543e+09,1.21382e+11,1.6113e+10,4.118e+09
CVX,2012-03-31,2012-05-03,2012-05-03,60705000000,,,6471000000,1.97878e+09,1,1.97878e+09,0.81,0.81,7.347e+09,1.25507e+11,1.911e+10,9.161e+09
CVX,2012-06-30,2012-08-02,2012-08-02,62608000000,,,7210000000,1.96799e+09,1,1.96799e+09,0.9,0.9,7.186e+09,1.29997e+11,2.1455e+10,1.0124e+10
CVX,2012-09-30,2012-11-06,2012-11-06,58044000000,,,5253000000,1.96014e+09,1,1.96014e+09,0.9,0.9,7.995e+09,1.32941e+11,2.1574e+10,1.2237e+10
CVX,2012-12-31,2013-02-22,2013-02-22,60552000000,,,7245000000,1.965e+09,1,1.965e+09,,,6.144e+09,1.36524e+11,2.1205e+10,6.106e+09
CVX,2013-03-31,2013-05-02,2013-05-02,56818000000,,,6178000000,1.94393e+09,1,1.94393e+09,0.9,0.9,6.664e+09,1.40134e+11,1.764e+10,1.405e+10
CVX,2013-06-30,2013-08-07,2013-08-07,57369000000,,,5365000000,1.93678e+09,1,1.93678e+09,1.0,1.0,7.423e+09,1.42841e+11,2.0888e+10,1.9873e+10
CVX,2013-09-30,2013-11-08,2013-11-08,58503000000,,,4950000000,1.92983e+09,1,1.92983e+09,1.0,1.0,6.893e+09,1.44779e+11,1.7272e+10,1.8487e+10
CVX,2013-12-31,2014-02-21,2014-02-21,56158000000,,,4930000000,1.932e+09,1,1.932e+09,,,6.38e+09,1.49113e+11,1.6508e+10,1.196e+10
CVX,2014-03-31,2014-05-02,2014-05-02,53265000000,,,4512000000,1.90942e+09,1,1.90942e+09,1.0,1.0,7.472e+09,1.50661e+11,1.5875e+10,2.2968e+10
CVX,2014-06-30,2014-08-06,2014-08-06,57938000000,,,5665000000,1.90232e+09,1,1.90232e+09,1.07,1.07,7.215e+09,1.53581e+11,1.4227e+10,1.5898e+10
CVX,2014-09-30,2014-11-07,2014-11-07,54679000000,,,5593000000,1.89649e+09,1,1.89649e+09,1.07,1.07,7.304e+09,1.5614e+11,1.4482e+10,1.8065e+10
CVX,2014-12-31,2015-02-20,2015-02-20,46088000000,,,3471000000,1.898e+09,1,1.898e+09,,,6.505e+09,1.55028e+11,1.3207e+10,1.596e+10
CVX,2015-03-31,2015-05-07,2015-05-07,34558000000,,,2567000000,1.8765e+09,1,1.8765e+09,1.07,1.07,6.837e+09,1.55803e+11,1.3107e+10,2.6608e+10
CVX,2015-06-30,2015-08-05,2015-08-05,40357000000,,,571000000,1.8767e+09,1,1.8767e+09,1.07,1.07,7.116e+09,1.54669e+11,1.2521e+10,2.4221e+10
CVX,2015-09-30,2015-11-06,2015-11-06,34315000000,,,2037000000,1.87242e+09,1,1.87242e+09,1.07,1.07,6.864e+09,1.54912e+11,1.3239e+10,2.828e+10
CVX,2015-12-31,2016-02-25,2016-02-25,29247000000,,,-588000000,1.875e+09,1,1.875e+09,,,6.334e+09,1.52716e+11,1.1332e+10,2.8558e+10
CVX,2016-03-31,2016-05-05,2016-05-05,23553000000,,,-725000000,1.86978e+09,1,1.86978e+09,1.07,1.07,6.508e+09,1.50307e+11,8.879e+09,4.2265e+10
CVX,2016-06-30,2016-08-04,2016-08-04,29282000000,,,-1470000000,1.872e+09,1,1.872e+09,1.07,1.07,6.427e+09,1.47163e+11,9.084e+09,4.5017e+10
CVX,2016-09-30,2016-11-03,2016-11-03,30140000000,,,1283000000,1.88334e+09,1,1.88334e+09,1.07,1.07,5.976e+09,1.468e+11,7.672e+09,4.5519e+10
CVX,2016-12-31,2017-02-23,2017-02-23,31497000000,,,415000000,1.873e+09,1,1.873e+09,,,5.419e+09,1.45556e+11,7.001e+09,3.8743e+10
CVX,2017-03-31,2017-05-04,2017-05-04,33421000000,,,2682000000,1.89539e+09,1,1.89539e+09,1.08,1.08,5.921e+09,1.46592e+11,6.994e+09,4.5161e+10
CVX,2017-06-30,2017-08-03,2017-08-03,34480000000,16155000000.0,,1450000000,1.89301e+09,1,1.89301e+09,1.08,1.08,6.075e+09,1.46203e+11,4.775e+09,4.2771e+10
CVX,2017-09-30,2017-11-02,2017-11-02,36205000000,17429000000.0,,1952000000,1.89588e+09,1,1.89588e+09,1.08,1.08,5.761e+09,1.46713e+11,6.654e+09,4.188e+10
CVX,2017-12-31,2018-02-22,2018-02-22,37616000000,,,3111000000,1.898e+09,1,1.898e+09,,,5.585e+09,1.48124e+11,4.822e+09,3.6954e+10
CVX,2018-03-31,2018-05-03,2018-05-03,37764000000,16531000000.0,,3638000000,1.91322e+09,1,1.91322e+09,1.12,1.12,6.128e+09,1.50356e+11,6.504e+09,3.9655e+10
CVX,2018-06-30,2018-08-02,2018-08-02,42236000000,17492000000.0,,3409000000,1.91895e+09,1,1.91895e+09,1.12,1.12,6.644e+09,1.52198e+11,7.686e+09,3.8377e+10
CVX,2018-09-30,2018-11-08,2018-11-08,43987000000,19306000000.0,,4047000000,1.91747e+09,1,1.91747e+09,1.12,1.12,6.029e+09,1.53575e+11,9.746e+09,3.5975e+10
CVX,2018-12-31,2019-02-22,2019-02-22,42352000000,18432000000.0,,3730000000,1.914e+09,1,1.914e+09,,,5.704e+09,1.54554e+11,9.395e+09,2.8729e+10
CVX,2019-03-31,2019-05-02,2019-05-02,35200000000,15497000000.0,,2649000000,1.90075e+09,1,1.90075e+09,1.19,1.19,6.723e+09,1.55045e+11,8.755e+09,7.023e+09
CVX,2019-06-30,2019-08-07,2019-08-07,38850000000,18015000000.0,,4305000000,1.90298e+09,1,1.90298e+09,1.19,1.19,6.809e+09,1.56395e+11,8.571e+09,5.588e+09
CVX,2019-09-30,2019-11-07,2019-11-07,36116000000,16234000000.0,,2580000000,1.89393e+09,1,1.89393e+09,1.19,1.19,5.951e+09,1.55841e+11,1.1755e+10,7.795e+09
CVX,2019-12-31,2020-02-21,2020-02-21,36350000000,16657000000.0,,-6610000000,1.895e+09,1,1.895e+09,1.19,1.19,5.848e+09,1.44213e+11,6.974e+09,2.3784e+10
CVX,2020-03-31,2020-05-06,2020-05-06,31501000000,15992000000.0,,3599000000,1.86565e+09,1,1.86565e+09,1.29,1.29,6.574e+09,1.4393e+11,9.74e+09,8.688e+09
CVX,2020-06-30,2020-08-05,2020-08-05,13494000000,5350000000.0,,-8270000000,1.85331e+09,1,1.85331e+09,1.29,1.29,5.511e+09,1.34118e+11,7.838e+09,3.751e+09
CVX,2020-09-30,2020-11-05,2020-11-05,24451000000,11003000000.0,,-207000000,1.85353e+09,1,1.85353e+09,1.29,1.29,5.681e+09,1.31774e+11,7.819e+09,5.3e+08
CVX,2020-12-31,2021-02-25,2021-02-25,25246000000,11859000000.0,,-665000000,1.87e+09,1,1.87e+09,1.29,1.29,5.676e+09,1.31688e+11,6.768e+09,2.8276e+10
CVX,2021-03-31,2021-05-06,2021-05-06,32029000000,14461000000.0,,1377000000,1.91589e+09,1,1.91589e+09,1.29,1.29,5.62e+09,1.31888e+11,8.296e+09,4.841e+09
CVX,2021-06-30,2021-08-05,2021-08-05,37597000000,16968000000.0,,3082000000,1.92196e+09,1,1.92196e+09,1.34,1.34,6.239e+09,1.33182e+11,8.722e+09,3.497e+09
CVX,2021-09-30,2021-11-04,2021-11-04,44710000000,20876000000.0,,6111000000,1.9211e+09,1,1.9211e+09,1.34,1.34,6.129e+09,1.35862e+11,7.059e+09,2.91e+08
CVX,2021-12-31,2022-02-24,2022-02-24,48129000000,20788000000.0,,5055000000,1.92e+09,1,1.92e+09,1.3399999999999999,1.3399999999999999,6.305e+09,1.39067e+11,6.83e+09,3.0622e+10
CVX,2022-03-31,2022-05-04,2022-05-04,54373000000,21724000000.0,,6259000000,1.94454e+09,1,1.94454e+09,1.42,1.42,6.525e+09,1.46219e+11,1.2839e+10,3.14e+08
CVX,2022-06-30,2022-08-04,2022-08-04,68762000000,28759000000.0,,11622000000,1.95711e+09,1,1.95711e+09,1.42,1.42,7.715e+09,1.53554e+11,1.237e+10,3.23e+09
CVX,2022-09-30,2022-11-03,2022-11-03,66644000000,28554000000.0,,11231000000,1.94e+09,1,1.94e+09,1.42,1.42,9.002e+09,1.5868e+11,1.5431e+10,2.221e+09
CVX,2022-12-31,2023-02-23,2023-02-23,56473000000,21799000000.0,,6353000000,1.94e+09,1,1.94e+09,1.42,1.42,8.247e+09,1.59282e+11,1.7901e+10,2.1669e+10
CVX,2023-03-31,2023-05-04,2023-05-04,50793000000,21386000000.0,,6574000000,1.90078e+09,1,1.90078e+09,1.51,1.51,9.232e+09,1.59449e+11,1.5798e+10,2.931e+09
CVX,2023-06-30,2023-08-03,2023-08-03,48896000000,19912000000.0,,6010000000,1.87551e+09,1,1.87551e+09,1.51,1.51,9.198e+09,1.58325e+11,9.61e+09,1.269e+09
CVX,2023-09-30,2023-11-02,2023-11-02,54080000000,21752000000.0,,6526000000,1.8771e+09,1,1.8771e+09,1.51,1.51,9.428e+09,1.65265e+11,5.938e+09,4.4e+08
CVX,2023-12-31,2024-02-26,2024-02-26,47180000000,18703000000.0,,2259000000,1.88e+09,1,1.88e+09,1.5099999999999998,1.5099999999999998,8.612e+09,1.60957e+11,8.223e+09,1.7931e+10
CVX,2024-03-31,2024-05-02,2024-05-02,48716000000,20975000000.0,,5501000000,1.84912e+09,1,1.84912e+09,1.63,1.63,9.942e+09,1.60625e+11,6.278e+09,2.82e+08
CVX,2024-06-30,2024-08-07,2024-08-07,51181000000,20314000000.0,,4434000000,1.83343e+09,1,1.83343e+09,1.63,1.63,1.0477e+10,1.59233e+11,4.008e+09,1.735e+09
CVX,2024-09-30,2024-11-07,2024-11-07,50669000000,20219000000.0,,4487000000,1.80703e+09,1,1.80703e+09,1.63,1.63,9.725e+09,1.56202e+11,5.764e+09,5.144e+09
CVX,2024-12-31,2025-02-21,2025-02-21,52226000000,22078000000.0,,3239000000,1.817e+09,1,1.817e+09,1.63,1.63,9.074e+09,1.52318e+11,8.262e+09,1.8848e+10
CVX,2025-03-31,2025-05-08,2025-05-08,47610000000,19000000000.0,,3500000000,1.75144e+09,1,1.75144e+09,1.71,1.71,9.167e+09,1.49244e+11,6.166e+09,4.076e+09
CVX,2025-06-30,2025-08-07,2025-08-07,44822000000,17964000000.0,,2490000000,1.7244e+09,1,1.7244e+09,1.71,1.71,8.813e+09,1.46417e+11,5.375e+09,6.191e+09
COP,2008-06-30,2009-08-04,2009-08-04,73353000000,22139000000.0,,5439000000,1.55545e+06,1,1.55545e+06,0.47,0.47,,,7.87e+08,0
COP,2008-09-30,2009-11-03,2009-11-03,70044000000,,,5188000000,1.52819e+09,1,1.52819e+09,0.47,0.47,,,1.116e+09,0
COP,2009-03-31,2010-05-04,2010-05-04,30741000000,,,800000000,1.49525e+09,1,1.49525e+09,0.47,0.47,,,8.02e+08,0
COP,2009-06-30,2009-08-04,2009-08-04,36630000000,12021000000.0,,1298000000,1.4957e+06,1,1.4957e+06,0.47,0.47,6.181e+09,5.8929e+10,8.88e+08,1.438e+09
COP,2009-09-30,2009-11-03,2009-11-03,40173000000,,,1503000000,1.4982e+09,1,1.4982e+09,0.47,0.47,6.268e+09,6.151e+10,6.41e+08,2.796e+09
COP,2009-12-31,2010-02-25,2010-02-25,41797000000,,,1257000000,1.49761e+09,1,1.49761e+09,0.5,0.5,4.94e+09,6.2467e+10,5.42e+08,1.728e+09
COP,2010-03-31,2010-05-04,2010-05-04,44821000000,,,2098000000,1.50356e+09,1,1.50356e+09,0.5,0.5,7.3e+09,6.2837e+10,8.55e+08,2.763e+09
COP,2010-06-30,2010-08-05,2010-08-05,45686000000,,,4164000000,1.50126e+09,1,1.50126e+09,0.55,0.55,7.119e+09,6.5371e+10,4.12e+09,1.126e+09
COP,2010-09-30,2010-11-02,2010-11-02,47208000000,,,3055000000,1.49308e+09,1,1.49308e+09,0.55,0.55,7.741e+09,6.9361e+10,7.996e+09,1.159e+09
COP,2010-12-31,2011-02-23,2011-02-23,51726000000,,,2041000000,1.49107e+09,1,1.49107e+09,0.5499999999999998,0.5499999999999998,5.197e+09,6.8562e+10,1.0427e+10,1.182e+09
COP,2011-03-31,2011-05-03,2011-05-03,56530000000,,,3028000000,1.44548e+09,1,1.44548e+09,0.66,0.66,7.944e+09,6.9972e+10,8.403e+09,1.155e+09
COP,2011-06-30,2011-08-02,2011-08-02,65627000000,,,3402000000,1.41215e+09,1,1.41215e+09,0.66,0.66,6.986e+09,7.0059e+10,8.14e+09,1.157e+09
COP,2011-09-30,2011-11-01,2011-11-01,62784000000,,,2616000000,1.36956e+09,1,1.36956e+09,0.66,0.66,7.164e+09,6.5806e+10,6.026e+09,1.127e+09
COP,2011-12-31,2012-02-21,2012-02-21,59872000000,,,3390000000,1.3871e+09,1,1.3871e+09,0.6600000000000001,0.6600000000000001,4.631e+09,6.5224e+10,6.361e+09,1.128e+09
COP,2012-03-31,2012-04-30,2012-04-30,56132000000,,,2937000000,1.2931e+09,1,1.2931e+09,0.66,0.66,6.072e+09,6.6534e+10,4.215e+09,1.097e+09
COP,2012-06-30,2012-07-31,2012-07-31,15166000000,,,2267000000,1.25819e+09,1,1.25819e+09,0.66,0.66,1.178e+09,4.5971e+10,1.044e+09,1.929e+09
COP,2012-09-30,2012-10-30,2012-10-30,15089000000,,,1798000000,1.22934e+06,1,1.22934e+06,0.66,0.66,1.176e+09,4.7406e+10,1.268e+09,1.54e+09
COP,2012-12-31,2013-02-19,2013-02-19,-24383000000,,,1426000000,1.25309e+06,1,1.25309e+06,0.6600000000000001,0.6600000000000001,9.65e+08,4.7987e+10,3.618e+09,1.055e+09
COP,2013-03-31,2013-04-30,2013-04-30,14651000000,,,2139000000,1.23591e+06,1,1.23591e+06,0.66,0.66,1.133e+09,4.8803e+10,5.445e+09,1.008e+09
COP,2013-06-30,2013-08-02,2013-08-02,14142000000,,,2050000000,1.23716e+06,1,1.23716e+06,0.66,0.66,1.134e+09,4.8508e+10,3.984e+09,1.009e+09
COP,2013-09-30,2013-11-05,2013-11-05,15470000000,,,2480000000,1.24036e+06,1,1.24036e+06,0.69,0.69,1.268e+09,5.1113e+10,3.883e+09,5.72e+08
COP,2013-12-31,2014-02-25,2014-02-25,13985000000,,,2487000000,1.2398e+06,1,1.2398e+06,0.6900000000000004,0.6900000000000004,1.194e+09,5.209e+10,6.518e+09,9.61e+08
COP,2014-03-31,2014-05-06,2014-05-06,16048000000,,,2123000000,1.24267e+06,1,1.24267e+06,0.69,0.69,1.221e+09,5.3222e+10,7.73e+09,1.712e+09
COP,2014-06-30,2014-08-05,2014-08-05,14701000000,,,2081000000,1.24516e+06,1,1.24516e+06,0.69,0.69,1.291e+09,5.5315e+10,6.43e+09,1.664e+09
COP,2014-09-30,2014-11-04,2014-11-04,12917000000,,,2704000000,1.24744e+06,1,1.24744e+06,0.73,0.73,1.33e+09,5.5274e+10,5.782e+09,1.688e+09
COP,2014-12-31,2015-02-24,2015-02-24,11851000000,,,-39000000,1.24586e+06,1,1.24586e+06,0.73,0.73,1.331e+09,5.1911e+10,5.062e+09,1.82e+08
COP,2015-03-31,2015-05-05,2015-05-05,8002000000,,,272000000,1.24553e+06,1,1.24553e+06,0.73,0.73,1.233e+09,4.8652e+10,2.664e+09,1.93e+08
COP,2015-06-30,2015-08-04,2015-08-04,8660000000,,,-179000000,1.24103e+06,1,1.24103e+06,0.73,0.73,1.277e+09,4.862e+10,3.813e+09,1.38e+08
COP,2015-09-30,2015-11-03,2015-11-03,7507000000,,,-1071000000,1.24212e+06,1,1.24212e+06,0.74,0.74,1.143e+09,4.421e+10,2.413e+09,1.75e+08
COP,2015-12-31,2016-02-23,2016-02-23,6766000000,,,-3450000000,1.24192e+06,1,1.24192e+06,0.7399999999999998,0.7399999999999998,1.124e+09,3.9762e+10,2.368e+09,1.427e+09
COP,2016-03-31,2016-05-03,2016-05-03,5015000000,,,-1469000000,1.24456e+06,1,1.24456e+06,0.25,0.25,1.072e+09,3.9089e+10,5.173e+09,2.079e+09
COP,2016-06-30,2016-08-02,2016-08-02,5575000000,,,-1071000000,1.24489e+06,1,1.24489e+06,0.25,0.25,1.15e+09,3.7544e+10,4.152e+09,1.331e+09
COP,2016-09-30,2016-11-01,2016-11-01,6516000000,,,-1040000000,1.24596e+06,1,1.24596e+06,0.25,0.25,1.108e+09,3.617e+10,4.324e+09,1.336e+09
COP,2016-12-31,2017-02-21,2017-02-21,7254000000,,,-35000000,1.24544e+06,1,1.24544e+06,0.25,0.25,1.018e+09,3.4974e+10,3.66e+09,1.089e+09
COP,2017-03-31,2017-05-04,2017-05-04,7771000000,,,586000000,1.24872e+06,1,1.24872e+06,0.27,0.27,1.097e+09,3.5353e+10,3.361e+09,1.095e+09
COP,2017-06-30,2017-08-01,2017-08-01,8882000000,,,-3440000000,1.23683e+09,1,1.23683e+09,0.27,0.27,1.019e+09,3.0286e+10,1.0267e+10,3.798e+09
COP,2017-09-30,2017-10-31,2017-10-31,7195000000,4269000000.0,,420000000,1.21534e+09,1,1.21534e+09,0.27,0.27,1.023e+09,3.05e+10,9.607e+09,1.331e+09
COP,2017-12-31,2018-02-20,2018-02-20,8736000000,,,1579000000,1.22104e+06,1,1.22104e+06,0.25,0.25,1.06e+09,3.0607e+10,8.198e+09,2.501e+10
COP,2018-03-31,2018-05-01,2018-05-01,8961000000,5247000000.0,,888000000,1.18645e+06,1,1.18645e+06,0.285,0.285,1.053e+09,3.0546e+10,5.272e+09,1.9245e+10
COP,2018-06-30,2018-08-01,2018-08-01,9240000000,6176000000.0,,1640000000,1.18117e+06,1,1.18117e+06,0.29,0.29,1.093e+09,3.1042e+10,3.846e+09,1.667e+10
COP,2018-09-30,2018-10-30,2018-10-30,10165000000,6635000000.0,,1861000000,1.17269e+06,1,1.17269e+06,0.29,0.29,1.239e+09,3.195e+10,4.591e+09,1.6649e+10
COP,2018-12-31,2019-02-19,2019-02-19,10361000000,6375000000.0,,1868000000,1.17554e+06,1,1.17554e+06,0.29499999999999993,0.29499999999999993,1.007e+09,3.1939e+10,6.163e+09,1.6259e+10
COP,2019-03-31,2019-05-02,2019-05-02,10057000000,6382000000.0,,1833000000,1.14652e+06,1,1.14652e+06,0.31,0.31,1.014e+09,3.2859e+10,6.467e+09,1.728e+10
COP,2019-06-30,2019-08-01,2019-08-01,8380000000,5706000000.0,,1580000000,1.13124e+06,1,1.13124e+06,0.31,0.31,1.089e+09,3.2976e+10,6.673e+09,1.7884e+10
COP,2019-09-30,2019-10-31,2019-10-31,10093000000,7383000000.0,,3056000000,1.11325e+06,1,1.11325e+06,0.31,0.31,9.55e+08,3.5146e+10,7.193e+09,1.8252e+10
COP,2019-12-31,2020-02-18,2020-02-18,8140000000,5357000000.0,,720000000,1.12354e+06,1,1.12354e+06,0.41000000000000014,0.41000000000000014,1.026e+09,3.4981e+10,8.116e+09,1.8213e+10
COP,2020-03-31,2020-05-05,2020-05-05,4811000000,2150000000.0,,-1739000000,1.08456e+06,1,1.08456e+06,0.42,0.42,7.26e+08,3.1315e+10,3.908e+09,1.5967e+10
COP,2020-06-30,2020-08-04,2020-08-04,4016000000,2886000000.0,,260000000,1.07761e+09,1,1.07761e+09,0.31,0.31,9.82e+08,3.1493e+10,2.907e+09,1.8453e+10
COP,2020-09-30,2020-11-03,2020-11-03,4380000000,2541000000.0,,-450000000,1.07738e+09,1,1.07738e+09,0.42,0.42,1.034e+09,3.0783e+10,2.49e+09,1.9309e+10
COP,2020-12-31,2021-02-16,2021-02-16,6049000000,3601000000.0,,-772000000,1.07803e+06,1,1.07803e+06,0.54,0.54,1.002e+09,2.9849e+10,6.6e+09,1.9725e+10
COP,2021-03-31,2021-05-06,2021-05-06,10559000000,6076000000.0,,982000000,1.30269e+06,1,1.30269e+06,0.43,0.43,1.098e+09,4.3155e+10,2.831e+09,2.3267e+10
COP,2021-06-30,2021-08-05,2021-08-05,10211000000,7213000000.0,,2091000000,1.3532e+09,1,1.3532e+09,0.43,0.43,1.138e+09,4.4276e+10,6.608e+09,2.4581e+10
COP,2021-09-30,2021-11-04,2021-11-04,11616000000,7437000000.0,,2379000000,1.33638e+09,1,1.33638e+09,0.46,0.46,1.043e+09,4.4115e+10,9.833e+09,2.3717e+10
COP,2021-12-31,2022-02-17,2022-02-17,15963000000,9465000000.0,,2627000000,1.32815e+06,1,1.32815e+06,0.42999999999999994,0.42999999999999994,1.208e+09,4.5406e+10,5.028e+09,1.2e+09
COP,2022-03-31,2022-05-05,2022-05-05,17762000000,11011000000.0,,5759000000,1.3074e+09,1,1.3074e+09,0.46,0.46,1.174e+09,4.9218e+10,6.414e+09,1.16e+09
COP,2022-06-30,2022-08-04,2022-08-04,21161000000,11927000000.0,,5145000000,1.29584e+09,1,1.29584e+09,0.46,0.46,1.234e+09,5.0202e+10,6.909e+09,6.76e+08
COP,2022-09-30,2022-11-03,2022-11-03,21013000000,11762000000.0,,4527000000,1.26932e+09,1,1.26932e+09,0.46,0.46,1.226e+09,4.9079e+10,8.01e+09,6.64e+08
COP,2022-12-31,2023-02-16,2023-02-16,18558000000,9823000000.0,,3249000000,1.27816e+09,1,1.27816e+09,0.5099999999999998,0.5099999999999998,1.219e+09,4.8003e+10,9.243e+09,4.17e+08
COP,2023-03-31,2023-05-04,2023-05-04,14811000000,8673000000.0,,2920000000,1.22336e+09,1,1.22336e+09,0.51,0.51,1.258e+09,4.7783e+10,6.974e+09,1.317e+09
COP,2023-06-30,2023-08-03,2023-08-03,12351000000,7735000000.0,,2232000000,1.21034e+09,1,1.21034e+09,0.51,0.51,1.236e+09,4.7531e+10,5.735e+09,8.79e+08
COP,2023-09-30,2023-11-02,2023-11-02,14250000000,8707000000.0,,2798000000,1.19975e+09,1,1.19975e+09,0.51,0.51,1.326e+09,4.7745e+10,9.446e+09,8.81e+08
COP,2023-12-31,2024-02-15,2024-02-15,14729000000,9051000000.0,,3007000000,1.20568e+09,1,1.20568e+09,0.5799999999999998,0.5799999999999998,1.398e+09,4.9279e+10,6.606e+09,1.074e+09
COP,2024-03-31,2024-05-02,2024-05-02,13848000000,8514000000.0,,2551000000,1.18032e+09,1,1.18032e+09,0.58,0.58,1.443e+09,4.9325e+10,6.061e+09,1.113e+09
COP,2024-06-30,2024-08-01,2024-08-01,13620000000,8762000000.0,,2329000000,1.1703e+09,1,1.1703e+09,0.58,0.58,1.447e+09,4.9745e+10,6.017e+09,1.312e+09
COP,2024-09-30,2024-10-31,2024-10-31,13041000000,8294000000.0,,2059000000,1.16323e+09,1,1.16323e+09,0.58,0.58,1.496e+09,4.9881e+10,6.792e+09,1.314e+09
COP,2024-12-31,2025-02-18,2025-02-18,14236000000,9163000000.0,,2306000000,1.18087e+09,1,1.18087e+09,0.7800000000000002,0.7800000000000002,1.809e+09,6.4796e+10,6.114e+09,1.035e+09
COP,2025-03-31,2025-05-08,2025-05-08,16517000000,10329000000.0,,2849000000,1.27488e+09,1,1.27488e+09,0.78,0.78,1.844e+09,6.5238e+10,7.235e+09,6.08e+08
COP,2025-06-30,2025-08-07,2025-08-07,14004000000,8919000000.0,,1971000000,1.259e+09,1,1.259e+09,0.78,0.78,1.897e+09,6.5572e+10,5.34e+09,4.14e+08
VST,2016-12-31,2019-02-28,2019-02-28,1191000000,,-161000000,-163000000,,1,,2.32,2.32,2.85e+08,6.597e+09,8.43e+08,0
VST,2017-03-31,2018-05-04,2018-05-04,1357000000,,155000000,78000000,4.278e+08,1,4.278e+08,,,3.15e+08,6.68e+09,9.16e+08,0
VST,2017-06-30,2018-08-06,2018-08-06,1296000000,,53000000,-26000000,4.27587e+08,1,4.27587e+08,,,3.1e+08,6.658e+09,9.86e+08,0
VST,2017-09-30,2018-11-02,2018-11-02,1833000000,,452000000,273000000,4.28312e+08,1,4.28312e+08,,,2.95e+08,6.935e+09,1.054e+09,0
VST,2017-12-31,2019-02-28,2019-02-28,944000000,,-462000000,-579000000,4.27761e+08,1,4.27761e+08,,,2.53e+08,6.342e+09,1.487e+09,0
VST,2018-03-31,2018-05-04,2018-05-04,765000000,,-394000000,-306000000,4.2845e+08,1,4.2845e+08,,,2.26e+08,6.06e+09,1.379e+09,0
VST,2018-06-30,2018-08-06,2018-08-06,2574000000,,231000000,108000000,5.33787e+08,1,5.33787e+08,,,4.65e+08,8.413e+09,7.57e+08,0
VST,2018-09-30,2018-11-02,2018-11-02,3243000000,,650000000,330000000,5.40973e+08,1,5.40973e+08,,,3.93e+08,8.399e+09,8.11e+08,3.5e+08
VST,2018-12-31,2020-02-28,2020-02-28,2562000000,,4000000,-186000000,5.04954e+08,1,5.04954e+08,,,4.12e+08,7.863e+09,6.36e+08,3.39e+08
VST,2019-03-31,2019-05-03,2019-05-03,2923000000,,490000000,225000000,5.0914e+08,1,5.0914e+08,0.125,0.125,4.33e+08,7.804e+09,5.46e+08,3.5e+08
VST,2019-06-30,2019-08-02,2019-08-02,2832000000,,729000000,356000000,5.075e+08,1,5.075e+08,0.125,0.125,4.76e+08,7.904e+09,9.64e+08,4.3e+08
VST,2019-09-30,2019-11-05,2019-11-05,3194000000,,440000000,113000000,4.9367e+08,1,4.9367e+08,0.125,0.125,4.3e+08,7.792e+09,7.07e+08,6e+08
VST,2019-12-31,2020-02-28,2020-02-28,2860000000,,334000000,234000000,4.99935e+08,1,4.99935e+08,-0.25,-0.25,4.69e+08,7.959e+09,3e+08,3.5e+08
VST,2020-03-31,2020-05-05,2020-05-05,2858000000,,391000000,56000000,4.90639e+08,1,4.90639e+08,,,5.14e+08,7.936e+09,7.17e+08,7e+08
VST,2020-06-30,2020-08-05,2020-08-05,2509000000,,377000000,166000000,4.90469e+08,1,4.90469e+08,,,5.41e+08,8.056e+09,3.82e+08,5.5e+08
VST,2020-09-30,2020-11-04,2020-11-04,3552000000,,676000000,443000000,4.91026e+08,1,4.91026e+08,,,5.08e+08,8.444e+09,5e+08,0
VST,2020-12-31,2021-02-26,2021-02-26,2524000000,,75000000,-29000000,4.9109e+08,1,4.9109e+08,,,5.15e+08,8.371e+09,4.06e+08,0
VST,2021-03-31,2021-05-04,2021-05-04,3207000000,,-2583000000,-2043000000,4.84699e+08,1,4.84699e+08,,,4.67e+08,6.1e+09,5.61e+08,1.3e+09
VST,2021-06-30,2021-08-05,2021-08-05,2565000000,,62000000,36000000,4.87366e+08,1,4.87366e+08,0.15,0.15,4.86e+08,6.076e+09,4.44e+08,0
VST,2021-09-30,2021-11-05,2021-11-05,2991000000,,119000000,7000000,4.84495e+08,1,4.84495e+08,,,4.71e+08,6.036e+09,3.51e+08,0
VST,2021-12-31,2022-02-25,2022-02-25,3314000000,,887000000,726000000,4.82215e+08,1,4.82215e+08,,,6.1e+08,8.291e+09,1.325e+09,0
VST,2022-03-31,2022-05-06,2022-05-06,3125000000,,-288000000,-285000000,4.51603e+08,1,4.51603e+08,,,5.46e+08,7.3e+09,1.022e+09,0
VST,2022-06-30,2022-08-05,2022-08-05,1588000000,,-1683000000,-1365000000,4.29193e+08,1,4.29193e+08,,,6.01e+08,5.392e+09,1.871e+09,1.3e+09
VST,2022-09-30,2022-11-04,2022-11-04,5146000000,,894000000,668000000,4.17483e+08,1,4.17483e+08,,,5.9e+08,5.582e+09,5.35e+08,0
VST,2022-12-31,2023-03-01,2023-03-01,3869000000,,-100000000,-245000000,4.22447e+08,1,4.22447e+08,,,5.7e+08,4.902e+09,4.55e+08,6.5e+08
VST,2023-03-31,2023-05-09,2023-05-09,4425000000,,1131000000,699000000,3.87553e+08,1,3.87553e+08,,,6.29e+08,5.201e+09,5.18e+08,0
VST,2023-06-30,2023-08-09,2023-08-09,3189000000,,591000000,476000000,3.76794e+08,1,3.76794e+08,,,6.76e+08,5.359e+09,6.43e+08,0
VST,2023-09-30,2023-11-07,2023-11-07,4086000000,,834000000,502000000,3.72149e+08,1,3.72149e+08,,,6.85e+08,5.506e+09,3.17e+09,0
VST,2023-12-31,2024-02-29,2024-02-29,3079000000,,105000000,-184000000,3.75193e+08,1,3.75193e+08,,,7.4e+08,5.307e+09,3.485e+09,1.4402e+10
VST,2024-03-31,2024-05-10,2024-05-10,3054000000,,86000000,-35000000,3.48966e+08,1,3.48966e+08,0.215,0.215,9.76e+08,5.656e+09,1.07e+09,5e+08
VST,2024-06-30,2024-08-09,2024-08-09,3845000000,,808000000,365000000,3.54327e+08,1,3.54327e+08,0.2175,0.2175,9.64e+08,5.593e+09,1.624e+09,1.5886e+10
VST,2024-09-30,2024-11-08,2024-11-08,6288000000,,2588000000,1888000000,3.50204e+08,1,3.50204e+08,,,9.49e+08,5.441e+09,9.05e+08,1.473e+10
VST,2024-12-31,2025-02-28,2025-02-28,4037000000,,599000000,441000000,3.52567e+08,1,3.52567e+08,,,9.7e+08,5.57e+09,1.188e+09,1.7633e+10
VST,2025-03-31,2025-05-08,2025-05-08,3933000000,,-120000000,-268000000,3.398e+08,1,3.398e+08,0.2235,0.2235,9.6e+08,4.825e+09,5.61e+08,1.766e+10
VST,2025-06-30,2025-08-08,2025-08-08,4250000000,,515000000,327000000,3.45505e+08,1,3.45505e+08,0.225,0.225,9.65e+08,4.823e+09,4.58e+08,1.6631e+10
CEG,2021-03-31,2022-05-12,2022-05-12,5559000000,,-1042000000,-793000000,0,1,0,,,,,7.21e+08,0
CEG,2021-06-30,2022-08-04,2022-08-04,4153000000,,-308000000,-61000000,0,1,0,,,,,5.42e+08,0
CEG,2021-09-30,2022-11-08,2022-11-08,4406000000,,1006000000,607000000,0,1,0,,,,,1.957e+09,0
CEG,2021-12-31,2023-02-16,2023-02-16,5531000000,,-2000000,42000000,0,1,0,,,,1.1219e+10,5.04e+08,6.657e+09
CEG,2022-03-31,2022-05-12,2022-05-12,5591000000,,435000000,106000000,3.28e+08,1,3.28e+08,0.14,0.14,,1.1105e+10,1.605e+09,5.628e+09
CEG,2022-06-30,2022-08-04,2022-08-04,5465000000,,272000000,-111000000,3.28e+08,1,3.28e+08,0.14,0.14,,1.1e+10,8.06e+08,4.707e+09
CEG,2022-09-30,2022-11-08,2022-11-08,6051000000,,-41000000,-188000000,3.28e+08,1,3.28e+08,0.14,0.14,,1.0803e+10,1.192e+09,5.173e+09
CEG,2022-12-31,2023-02-16,2023-02-16,7333000000,,-171000000,33000000,3.29e+08,1,3.29e+08,-0.28,-0.28,,1.1018e+10,4.22e+08,4.793e+09
CEG,2023-03-31,2023-05-04,2023-05-04,7565000000,,31000000,96000000,3.28e+08,1,3.28e+08,0.28,0.28,,1.0728e+10,2.37e+08,6.468e+09
CEG,2023-06-30,2023-08-03,2023-08-03,5446000000,,669000000,833000000,3.25e+08,1,3.25e+08,0.28,0.28,,1.1256e+10,2.69e+08,7.091e+09
CEG,2023-09-30,2023-11-06,2023-11-06,6111000000,,977000000,731000000,3.23e+08,1,3.23e+08,0.28,0.28,,1.1666e+10,1.889e+09,8.039e+09
CEG,2023-12-31,2024-02-27,2024-02-27,5796000000,,-67000000,-37000000,3.24e+08,1,3.24e+08,-0.558,-0.558,,1.0925e+10,3.68e+08,7.798e+09
CEG,2024-03-31,2024-05-09,2024-05-09,6161000000,,813000000,883000000,3.18e+08,1,3.18e+08,0.3525,0.3525,,1.1199e+10,5.62e+08,9.861e+09
CEG,2024-06-30,2024-08-06,2024-08-06,5475000000,,1100000000,814000000,3.16e+08,1,3.16e+08,0.3525,0.3525,,1.1425e+10,3.11e+08,8.089e+09
CEG,2024-09-30,2024-11-04,2024-11-04,6550000000,,1467000000,1200000000,3.14e+08,1,3.14e+08,0.3525,0.3525,,1.257e+10,1.793e+09,7.378e+09
CEG,2024-12-31,2025-02-18,2025-02-18,5382000000,,972000000,852000000,3.15e+08,1,3.15e+08,-0.7049999999999998,-0.7049999999999998,,1.3166e+10,3.022e+09,9.502e+09
CEG,2025-03-31,2025-05-06,2025-05-06,6788000000,,451000000,118000000,3.14e+08,1,3.14e+08,0.3878,0.3878,,1.2956e+10,1.846e+09,7.321e+09
CEG,2025-06-30,2025-08-07,2025-08-07,6101000000,,951000000,839000000,3.14e+08,1,3.14e+08,0.3878,0.3878,,1.3446e+10,1.974e+09,8.186e+09
NRG,2008-06-30,2009-08-25,2009-08-25,1316000000,305000000,57000000,127000000,2.36e+08,1,2.36e+08,,,,,1.263e+09,0
NRG,2008-09-30,2009-11-02,2009-11-02,2612000000,1615000000,1371000000,778000000,2.77e+08,1,2.77e+08,,,,,1.483e+09,0
NRG,2009-03-31,2010-05-10,2010-05-10,1658000000,892000000,615000000,198000000,2.75e+08,1,2.75e+08,,,,,1.188e+09,0
NRG,2009-06-30,2009-08-25,2009-08-25,2237000000,995000000,619000000,433000000,2.75e+08,1,2.75e+08,,,5.3e+08,7.855e+09,2.282e+09,0
NRG,2009-09-30,2009-11-02,2009-11-02,2916000000,1023000000,611000000,278000000,2.72e+08,1,2.72e+08,,,5.33e+08,7.832e+09,2.25e+09,0
NRG,2009-12-31,2011-02-22,2011-02-22,2141000000,719000000,314000000,33000000,2.44e+08,1,2.44e+08,,,5.41e+08,7.697e+09,2.304e+09,8.295e+09
NRG,2010-03-31,2010-05-10,2010-05-10,2215000000,576000000,258000000,58000000,2.57e+08,1,2.57e+08,,,5.49e+08,8.021e+09,1.813e+09,0
NRG,2010-06-30,2010-08-13,2010-08-13,2133000000,804000000,444000000,211000000,2.56e+08,1,2.56e+08,,,5.35e+08,8.03e+09,2.168e+09,0
NRG,2010-09-30,2010-11-04,2010-11-04,2685000000,850000000,454000000,223000000,2.53e+08,1,2.53e+08,,,4.63e+08,8.221e+09,3.447e+09,0
NRG,2010-12-31,2011-02-22,2011-02-22,1816000000,546000000,152000000,-15000000,2.48e+08,1,2.48e+08,,,4.53e+08,8.072e+09,2.951e+09,9.104e+09
NRG,2011-03-31,2011-05-05,2011-05-05,1995000000,671000000,314000000,-260000000,2.47e+08,1,2.47e+08,,,4.18e+08,7.601e+09,2.711e+09,0
NRG,2011-06-30,2011-08-04,2011-08-04,2278000000,670000000,269000000,621000000,2.44e+08,1,2.44e+08,,,3.86e+08,8.328e+09,1.939e+09,8.886e+09
NRG,2011-09-30,2011-11-03,2011-11-03,2674000000,621000000,43000000,-55000000,2.4e+08,1,2.4e+08,0.0,0.0,3.2e+08,7.932e+09,1.127e+09,9.185e+09
NRG,2011-12-31,2012-02-28,2012-02-28,2132000000,442000000,9000000,-109000000,2.29e+08,1,2.29e+08,,,3.08e+08,7.669e+09,1.105e+09,9.729e+09
NRG,2012-03-31,2012-05-03,2012-05-03,1862000000,289000000,-170000000,-207000000,2.28e+08,1,2.28e+08,0.0,0.0,3.92e+08,7.633e+09,1.014e+09,1.0118e+10
NRG,2012-06-30,2012-08-08,2012-08-08,2166000000,847000000,397000000,251000000,2.29e+08,1,2.29e+08,0.0,0.0,4.16e+08,7.903e+09,1.149e+09,1.0556e+10
NRG,2012-09-30,2012-11-02,2012-11-02,2331000000,605000000,86000000,-1000000,2.28e+08,1,2.28e+08,0.09,0.09,3.93e+08,7.89e+09,1.61e+09,1.1342e+10
NRG,2012-12-31,2013-02-27,2013-02-27,2063000000,594000000,37000000,516000000,2.49e+08,1,2.49e+08,0.09,0.09,9.31e+08,1.0533e+10,2.087e+09,1.5866e+10
NRG,2013-03-31,2013-05-07,2013-05-07,2081000000,316000000,-259000000,-328000000,3.23e+08,1,3.23e+08,0.09,0.09,9.04e+08,1.0196e+10,1.707e+09,1.6457e+10
NRG,2013-06-30,2013-08-09,2013-08-09,2929000000,870000000,295000000,130000000,3.27e+08,1,3.27e+08,0.12,0.12,8.74e+08,1.0303e+10,1.368e+09,1.661e+10
NRG,2013-09-30,2013-11-12,2013-11-12,3490000000,1135000000,535000000,124000000,3.27e+08,1,3.27e+08,0.12,0.12,8.61e+08,1.0881e+10,2.129e+09,1.6699e+10
NRG,2013-12-31,2014-02-28,2014-02-28,2795000000,853000000,-205000000,-290000000,3.23e+08,1,3.23e+08,0.12,0.12,8.98e+08,1.0469e+10,2.254e+09,1.6804e+10
NRG,2014-03-31,2014-05-06,2014-05-06,3486000000,753000000,180000000,-56000000,3.24e+08,1,3.24e+08,0.12,0.12,7.81e+08,1.0394e+10,3.187e+09,1.7477e+10
NRG,2014-06-30,2014-08-07,2014-08-07,3621000000,804000000,89000000,-97000000,3.37e+08,1,3.37e+08,0.14,0.14,9.96e+08,1.0977e+10,1.481e+09,1.8988e+10
NRG,2014-09-30,2014-11-05,2014-11-05,4569000000,1291000000,549000000,168000000,3.43e+08,1,3.43e+08,0.14,0.14,1.051e+09,1.169e+10,1.953e+09,2.0764e+10
NRG,2014-12-31,2015-02-27,2015-02-27,4192000000,1241000000,453000000,119000000,3.42e+08,1,3.42e+08,0.14,0.14,1.247e+09,1.1676e+10,2.116e+09,2.0366e+10
NRG,2015-03-31,2015-05-08,2015-05-08,3826000000,764000000,76000000,-120000000,3.36e+08,1,3.36e+08,0.15,0.15,1.109e+09,1.1377e+10,2.164e+09,2.0509e+10
NRG,2015-06-30,2015-08-04,2015-08-04,3397000000,963000000,232000000,-14000000,3.33e+08,1,3.33e+08,0.14,0.14,1.153e+09,1.2017e+10,2.146e+09,2.0292e+10
NRG,2015-09-30,2015-11-04,2015-11-04,4431000000,1397000000,379000000,66000000,3.32e+08,1,3.32e+08,0.15,0.15,1.149e+09,1.1839e+10,2.265e+09,2.0041e+10
NRG,2015-12-31,2016-02-29,2016-02-29,3011000000,786000000,-4727000000,-6314000000,3.15e+08,1,3.15e+08,0.00145,0.00145,1.252e+09,5.434e+09,1.518e+09,1.962e+10
NRG,2016-03-31,2016-05-05,2016-05-05,3229000000,1040000000,476000000,82000000,3.15e+08,1,3.15e+08,0.15,0.15,1.161e+09,5.381e+09,1.659e+09,1.9288e+10
NRG,2016-06-30,2016-08-09,2016-08-09,2638000000,882000000,87000000,-271000000,3.15e+08,1,3.15e+08,0.03,0.03,1.124e+09,5.121e+09,1.389e+09,1.9253e+10
NRG,2016-09-30,2016-11-04,2016-11-04,3952000000,1159000000,755000000,402000000,3.17e+08,1,3.17e+08,0.03,0.03,1.017e+09,5.493e+09,2.435e+09,1.9411e+10
NRG,2016-12-31,2017-02-28,2017-02-28,2532000000,715000000,-791000000,-987000000,3.16e+08,1,3.16e+08,0.0003,0.0003,1.111e+09,4.446e+09,1.973e+09,1.9406e+10
NRG,2017-03-31,2017-05-02,2017-05-02,2759000000,634000000,47000000,-163000000,3.16e+08,1,3.16e+08,0.03,0.03,1.14e+09,4.013e+09,1.513e+09,1.9465e+10
NRG,2017-06-30,2017-08-03,2017-08-03,2701000000,864000000,343000000,-626000000,3.16e+08,1,3.16e+08,0.03,0.03,7.13e+08,3.483e+09,7.52e+08,1.7125e+10
NRG,2017-09-30,2017-11-02,2017-11-02,3049000000,893000000,376000000,171000000,3.22e+08,1,3.22e+08,0.03,0.03,6.3e+08,3.69e+09,1.223e+09,1.7132e+10
NRG,2017-12-31,2018-03-01,2018-03-01,2497000000,1079000000,-1345000000,-1535000000,3.17e+08,1,3.17e+08,0.03,0.03,5.32e+08,1.968e+09,9.91e+08,1.6633e+10
NRG,2018-03-31,2018-05-03,2018-05-03,2421000000,863000000,406000000,279000000,3.22e+08,1,3.22e+08,0.03,0.03,5.28e+08,2.258e+09,7.64e+08,1.6584e+10
NRG,2018-06-30,2018-08-02,2018-08-02,2922000000,871000000,334000000,72000000,3.14e+08,1,3.14e+08,0.03,0.03,4.85e+08,2.071e+09,9.8e+08,1.6092e+10
NRG,2018-09-30,2018-11-08,2018-11-08,3061000000,754000000,416000000,-72000000,2.99e+08,1,2.99e+08,0.03,0.03,4.08e+08,-9.36e+08,1.359e+09,7.436e+09
NRG,2018-12-31,2019-02-28,2019-02-28,1992000000,800000000,49000000,-11000000,2.89e+08,1,2.89e+08,0.03,0.03,4.12e+08,-1.234e+09,5.63e+08,6.691e+09
NRG,2019-03-31,2019-05-02,2019-05-02,2165000000,514000000,221000000,482000000,2.8e+08,1,2.8e+08,0.03,0.03,3.91e+08,-1.538e+09,8.59e+08,6.656e+09
NRG,2019-06-30,2019-08-07,2019-08-07,2465000000,620000000,320000000,201000000,2.67e+08,1,2.67e+08,0.03,0.03,3.7e+08,-1.648e+09,2.94e+08,6.042e+09
NRG,2019-09-30,2019-11-07,2019-11-07,2996000000,843000000,540000000,372000000,2.56e+08,1,2.56e+08,0.03,0.03,3.64e+08,-1.571e+09,2.43e+08,6.257e+09
NRG,2019-12-31,2020-02-27,2020-02-27,2195000000,541000000,209000000,3383000000,2.53e+08,1,2.53e+08,0.03,0.03,3.83e+08,1.658e+09,3.45e+08,6.13e+09
NRG,2020-03-31,2020-05-07,2020-05-07,2019000000,562000000,244000000,121000000,2.49e+08,1,2.49e+08,0.3,0.3,3.72e+08,1.536e+09,7.59e+08,7.232e+09
NRG,2020-06-30,2020-08-06,2020-08-06,2238000000,804000000,484000000,313000000,2.46e+08,1,2.46e+08,0.3,0.3,3.88e+08,1.75e+09,4.18e+08,5.964e+09
NRG,2020-09-30,2020-11-05,2020-11-05,2809000000,775000000,393000000,249000000,2.45e+08,1,2.45e+08,0.3,0.3,3.3e+08,1.934e+09,6.97e+08,5.932e+09
NRG,2020-12-31,2021-03-01,2021-03-01,2027000000,412000000,-16000000,-173000000,2.46e+08,1,2.46e+08,0.30000000000000004,0.30000000000000004,3.27e+08,1.68e+09,3.905e+09,8.856e+09
NRG,2021-03-31,2021-05-06,2021-05-06,8091000000,1227000000,-56000000,-82000000,2.45e+08,1,2.45e+08,0.325,0.325,3.16e+08,1.517e+09,5.01e+08,9.536e+09
NRG,2021-06-30,2021-08-05,2021-08-05,5243000000,2286000000,1557000000,1078000000,2.45e+08,1,2.45e+08,0.325,0.325,3.65e+08,2.544e+09,3.61e+08,8.791e+09
NRG,2021-09-30,2021-11-04,2021-11-04,6609000000,2917000000,2319000000,1618000000,2.45e+08,1,2.45e+08,0.325,0.325,4.45e+08,4.078e+09,2.59e+08,8.461e+09
NRG,2021-12-31,2022-02-24,2022-02-24,7046000000,77000000,-479000000,-427000000,2.45e+08,1,2.45e+08,0.35,0.35,4.98e+08,3.6e+09,2.5e+08,8.104e+09
NRG,2022-03-31,2022-05-06,2022-05-06,7896000000,2966000000,2425000000,1736000000,2.42e+08,1,2.42e+08,0.35,0.35,3.54e+08,5.03e+09,3.87e+08,8.03e+09
NRG,2022-06-30,2022-08-04,2022-08-04,7282000000,1395000000,754000000,513000000,2.37e+08,1,2.37e+08,0.35,0.35,6.04e+08,5.3e+09,5.8e+08,8.032e+09
NRG,2022-09-30,2022-11-07,2022-11-07,8510000000,708000000,156000000,67000000,2.35e+08,1,2.35e+08,0.35,0.35,7.72e+08,5.13e+09,3.33e+08,8.036e+09
NRG,2022-12-31,2023-02-23,2023-02-23,7855000000,-972000000,-1317000000,-1095000000,2.36e+08,1,2.36e+08,0.3500000000000001,0.3500000000000001,7.51e+08,3.828e+09,4.3e+08,8.163e+09
NRG,2023-03-31,2023-05-04,2023-05-04,7722000000,-1056000000,-1544000000,-1335000000,2.3e+08,1,2.3e+08,0.3775,0.3775,7.22e+08,3.08e+09,4.07e+08,1.3491e+10
NRG,2023-06-30,2023-08-08,2023-08-08,6348000000,1386000000,530000000,308000000,2.32e+08,1,2.32e+08,0.3775,0.3775,6.86e+08,3.332e+09,4.22e+08,1.3585e+10
NRG,2023-09-30,2023-11-02,2023-11-02,7946000000,1525000000,561000000,343000000,2.32e+08,1,2.32e+08,0.3775,0.3775,6.3e+08,3.518e+09,4.01e+08,1.2783e+10
NRG,2023-12-31,2024-02-28,2024-02-28,6807000000,442000000,837000000,482000000,2.28e+08,1,2.28e+08,0.37749999999999995,0.37749999999999995,6.07e+08,2.906e+09,5.41e+08,1.156e+10
NRG,2024-03-31,2024-05-07,2024-05-07,7429000000,1744000000,872000000,511000000,2.14e+08,1,2.14e+08,0.4075,0.4075,5.81e+08,3.297e+09,2.78e+08,1.1945e+10
NRG,2024-06-30,2024-08-08,2024-08-08,6659000000,2303000000,1410000000,738000000,2.14e+08,1,2.14e+08,0.4075,0.4075,6.23e+08,3.623e+09,3.76e+08,1.1125e+10
NRG,2024-09-30,2024-11-08,2024-11-08,7223000000,-16000000,-812000000,-767000000,2.07e+08,1,2.07e+08,0.4075,0.4075,5.4e+08,2.52e+09,1.104e+09,1.1116e+10
NRG,2024-12-31,2025-02-26,2025-02-26,6819000000,1999000000,954000000,643000000,2.12e+08,1,2.12e+08,0.4075,0.4075,4.78e+08,2.478e+09,9.66e+08,1.1888e+10
NRG,2025-03-31,2025-05-12,2025-05-12,8585000000,2024000000,1134000000,750000000,2.03e+08,1,2.03e+08,0.44,0.44,3.73e+08,2.777e+09,6.93e+08,1.0809e+10
NRG,2025-06-30,2025-08-06,2025-08-06,6740000000,1111000000,0,-104000000,1.96e+08,1,1.96e+08,0.44,0.44,4.51e+08,2.288e+09,1.8e+08,1.0944e+10
LMT,2008-06-29,2009-07-22,2009-07-22,11039000000,1191000000.0,1363000000,882000000,4.10233e+08,1,4.10233e+08,0.42,0.42,,,3.214e+09,0
LMT,2008-09-28,2009-10-23,2009-10-23,10577000000,1122000000.0,1242000000,782000000,4.07292e+08,1,4.07292e+08,0.42,0.42,,,2.463e+09,0
LMT,2009-03-29,2010-04-21,2010-04-21,10373000000,1005000000.0,1057000000,666000000,3.96429e+08,1,3.96429e+08,0.57,0.57,,,2.384e+09,0
LMT,2009-03-31,2011-02-25,2011-02-25,10085000000,,1040000000,666000000,3.96429e+08,1,3.96429e+08,,,,,,0
LMT,2009-06-28,2009-07-22,2009-07-22,11236000000,1012000000.0,1083000000,734000000,3.909e+08,1,3.909e+08,0.57,0.57,1.852e+09,2.82e+09,2.672e+09,3.805e+09
LMT,2009-06-30,2011-02-25,2011-02-25,10940000000,,1063000000,734000000,3.90426e+08,1,3.90426e+08,,,,,,0
LMT,2009-09-27,2009-10-23,2009-10-23,11056000000,996000000.0,1085000000,797000000,3.855e+08,1,3.855e+08,0.57,0.57,2.079e+09,3.14e+09,2.709e+09,3.805e+09
LMT,2009-09-30,2011-02-25,2011-02-25,10767000000,,1068000000,797000000,3.85024e+08,1,3.85024e+08,,,,,,0
LMT,2009-12-31,2011-02-25,2011-02-25,12203000000,1211000000.0,1244000000,827000000,3.889e+08,1,3.889e+08,0.6299999999999999,0.6299999999999999,2.183e+09,4.129e+09,2.737e+09,5.052e+09
LMT,2010-03-28,2010-04-21,2010-04-21,10637000000,936000000.0,982000000,547000000,3.777e+08,1,3.777e+08,0.63,0.63,2.476e+09,4.028e+09,3.288e+09,5.053e+09
LMT,2010-03-31,2011-02-25,2011-02-25,10339000000,,959000000,547000000,3.77241e+08,1,3.77241e+08,,,,,,0
LMT,2010-06-27,2010-07-29,2010-07-29,11442000000,1060000000.0,1135000000,825000000,3.717e+08,1,3.717e+08,0.63,0.63,2.36e+09,3.734e+09,3.599e+09,5.019e+09
LMT,2010-06-30,2011-02-25,2011-02-25,11295000000,,1121000000,825000000,3.71622e+08,1,3.71622e+08,,,,,,0
LMT,2010-09-26,2010-10-21,2010-10-21,11375000000,798000000.0,889000000,571000000,3.639e+08,1,3.639e+08,0.63,0.63,2.093e+09,3.918e+09,3.423e+09,5.019e+09
LMT,2010-09-30,2011-02-25,2011-02-25,11375000000,,889000000,571000000,3.63694e+08,1,3.63694e+08,,,,,,0
LMT,2010-12-31,2011-02-25,2011-02-25,12794000000,1042000000.0,1128000000,983000000,3.683e+08,1,3.683e+08,0.75,0.75,2.378e+09,3.708e+09,2.777e+09,5.019e+09
LMT,2011-03-27,2011-04-27,2011-04-27,10633000000,802000000.0,852000000,530000000,3.526e+08,1,3.526e+08,0.75,0.75,2.277e+09,3.791e+09,3.861e+09,5.023e+09
LMT,2011-06-26,2011-07-27,2011-07-27,11551000000,897000000.0,984000000,742000000,3.466e+08,1,3.466e+08,0.75,0.75,2.226e+09,3.288e+09,3.522e+09,5.031e+09
LMT,2011-09-25,2011-10-27,2011-10-27,12119000000,996000000.0,1041000000,700000000,3.336e+08,1,3.336e+08,0.75,0.75,1.789e+09,2.943e+09,4.567e+09,7.038e+09
LMT,2011-12-31,2012-02-23,2012-02-23,12211000000,1009000000.0,1082000000,683000000,3.399e+08,1,3.399e+08,1.0,1.0,2.481e+09,1.001e+09,3.585e+09,6.46e+09
LMT,2012-03-25,2012-04-26,2012-04-26,11293000000,974000000.0,1009000000,668000000,3.286e+08,1,3.286e+08,1.0,1.0,2.38e+09,1.573e+09,3.518e+09,6.472e+09
LMT,2012-06-24,2012-07-25,2012-07-25,11921000000,1180000000.0,1200000000,781000000,3.288e+08,1,3.288e+08,1.0,1.0,,2.204e+09,3.802e+09,6.493e+09
LMT,2012-09-30,2012-10-25,2012-10-25,11869000000,981000000.0,1098000000,727000000,3.283e+08,1,3.283e+08,2.15,2.15,,2.442e+09,4.652e+09,6.524e+09
LMT,2012-12-31,2013-02-28,2013-02-28,12099000000,1061000000.0,1061000000,569000000,3.284e+08,1,3.284e+08,0.0,0.0,,3.9e+07,1.898e+09,6.458e+09
LMT,2013-03-31,2013-04-25,2013-04-25,11070000000,1041000000.0,1119000000,761000000,3.263e+08,1,3.263e+08,1.15,1.15,,3.04e+08,3.065e+09,6.304e+09
LMT,2013-06-30,2013-07-24,2013-07-24,11408000000,1224000000.0,1298000000,859000000,3.259e+08,1,3.259e+08,2.3,2.3,,6.94e+08,2.845e+09,6.14e+09
LMT,2013-09-29,2013-10-25,2013-10-25,11347000000,1184000000.0,1254000000,873000000,3.275e+08,1,3.275e+08,1.15,1.15,,1.277e+09,2.661e+09,6.156e+09
LMT,2013-12-31,2014-02-14,2014-02-14,11533000000,738000000.0,834000000,488000000,3.265e+08,1,3.265e+08,1.33,1.33,,4.918e+09,2.617e+09,6.152e+09
LMT,2014-03-30,2014-04-24,2014-04-24,10650000000,1371000000.0,1432000000,933000000,3.251e+08,1,3.251e+08,1.33,1.33,,4.8e+09,3.264e+09,6.152e+09
LMT,2014-06-29,2014-07-23,2014-07-23,11306000000,1341000000.0,1426000000,889000000,3.221e+08,1,3.221e+08,2.66,2.66,,4.319e+09,3.436e+09,6.169e+09
LMT,2014-09-28,2015-10-22,2015-10-22,11114000000,1275000000.0,1392000000,888000000,3.218e+08,1,3.218e+08,1.5,1.5,,4.574e+09,2.963e+09,6.165e+09
LMT,2014-12-31,2015-02-09,2015-02-09,12530000000,1268000000.0,1342000000,904000000,3.224e+08,1,3.224e+08,1.5,1.5,,3.4e+09,1.446e+09,6.169e+09
LMT,2015-03-29,2015-04-22,2015-04-22,10111000000,1263000000.0,1356000000,878000000,3.202e+08,1,3.202e+08,1.5,1.5,,3.52e+09,3.486e+09,8.404e+09
LMT,2015-06-28,2015-07-22,2015-07-22,11643000000,1371000000.0,1445000000,929000000,3.161e+08,1,3.161e+08,3.0,3.0,,2.982e+09,3.202e+09,8.402e+09
LMT,2015-09-27,2015-10-22,2015-10-22,11461000000,1256000000.0,1354000000,865000000,3.127e+08,1,3.127e+08,1.65,1.65,,2.813e+09,3.3e+09,8.412e+09
LMT,2015-12-31,2016-02-24,2016-02-24,12917000000,1310000000.0,1281000000,933000000,3.147e+08,1,3.147e+08,1.65,1.65,,3.097e+09,1.09e+09,1.6217e+10
LMT,2016-03-27,2016-04-27,2016-04-27,11702000000,1235000000.0,1297000000,794000000,3.078e+08,1,3.078e+08,1.65,1.65,,3.177e+09,1.452e+09,1.5276e+10
LMT,2016-06-26,2016-07-20,2016-07-20,12914000000,1424000000.0,1566000000,1021000000,3.071e+08,1,3.071e+08,3.3,3.3,,2.997e+09,1.269e+09,1.4809e+10
LMT,2016-09-25,2016-10-27,2016-10-27,11551000000,1384000000.0,1588000000,2395000000,3.021e+08,1,3.021e+08,1.82,1.82,,2.323e+09,2.895e+09,1.4304e+10
LMT,2016-12-31,2017-02-09,2017-02-09,13752000000,1019000000.0,1428000000,988000000,3.031e+08,1,3.031e+08,1.82,1.82,,1.511e+09,1.837e+09,1.4282e+10
LMT,2017-03-26,2017-04-26,2017-04-26,11057000000,1153000000.0,1149000000,763000000,2.928e+08,1,2.928e+08,1.82,1.82,,1.483e+09,2.216e+09,1.4276e+10
LMT,2017-06-25,2017-07-20,2017-07-20,12685000000,1425000000.0,1485000000,942000000,2.912e+08,1,2.912e+08,3.64,3.64,,1.265e+09,2.452e+09,1.4283e+10
LMT,2017-09-24,2017-10-26,2017-10-26,12169000000,1351000000.0,1428000000,939000000,2.9e+08,1,2.9e+08,1.82,1.82,,2.098e+09,2.941e+09,1.4268e+10
LMT,2017-12-31,2018-02-06,2018-02-06,15137000000,1619000000.0,1859000000,-642000000,2.906e+08,1,2.906e+08,2.0,2.0,2.878e+09,-6.83e+08,2.861e+09,1.5013e+10
LMT,2018-03-25,2018-04-25,2018-04-25,11635000000,1658000000.0,1725000000,1157000000,2.879e+08,1,2.879e+08,2.0,2.0,,-1.82e+08,2.393e+09,1.4223e+10
LMT,2018-06-24,2018-07-24,2018-07-24,13398000000,1753000000.0,1795000000,1163000000,2.871e+08,1,2.871e+08,2.0,2.0,,4.16e+08,1.181e+09,1.4229e+10
LMT,2018-09-30,2018-10-25,2018-10-25,14318000000,1921000000.0,1963000000,1473000000,2.867e+08,1,2.867e+08,4.2,4.2,,9.43e+08,8.97e+08,1.4236e+10
LMT,2018-12-31,2019-02-08,2019-02-08,14411000000,1942000000.0,1851000000,1253000000,2.868e+08,1,2.868e+08,2.2,2.2,2.997e+09,1.394e+09,7.72e+08,1.5604e+10
LMT,2019-03-31,2019-04-24,2019-04-24,14336000000,2188000000.0,2283000000,1704000000,2.843e+08,1,2.843e+08,2.2,2.2,,2.465e+09,9.91e+08,1.3021e+10
LMT,2019-06-30,2019-07-23,2019-07-23,14427000000,1993000000.0,2008000000,1420000000,2.839e+08,1,2.839e+08,4.4,4.4,,2.85e+09,1.167e+09,1.3537e+10
LMT,2019-09-29,2019-10-24,2019-10-24,15171000000,2063000000.0,2105000000,1608000000,2.839e+08,1,2.839e+08,2.4,2.4,,3.893e+09,2.539e+09,1.3552e+10
LMT,2019-12-31,2020-02-07,2020-02-07,15878000000,2123000000.0,2149000000,1498000000,2.838e+08,1,2.838e+08,2.4,2.4,3.619e+09,3.127e+09,1.514e+09,1.3904e+10
LMT,2020-03-29,2020-04-22,2020-04-22,15651000000,2091000000.0,2122000000,1717000000,2.826e+08,1,2.826e+08,2.4,2.4,,3.446e+09,1.988e+09,1.2689e+10
LMT,2020-06-28,2020-07-21,2020-07-21,16220000000,2213000000.0,2086000000,1626000000,2.808e+08,1,2.808e+08,4.8,4.8,,3.751e+09,2.855e+09,1.2674e+10
LMT,2020-09-27,2020-10-22,2020-10-22,16495000000,2136000000.0,2147000000,1698000000,2.806e+08,1,2.806e+08,2.6,2.6,,4.953e+09,3.585e+09,1.2675e+10
LMT,2020-12-31,2021-01-28,2021-01-28,17032000000,2214000000.0,2289000000,1792000000,2.812e+08,1,2.812e+08,2.6,2.6,3.545e+09,6.015e+09,3.16e+09,1.2669e+10
LMT,2021-03-28,2021-04-21,2021-04-21,16258000000,2186000000.0,2182000000,1837000000,2.8e+08,1,2.8e+08,2.6,2.6,,6.312e+09,2.933e+09,1.2163e+10
LMT,2021-06-27,2021-07-26,2021-07-26,17029000000,2151000000.0,2192000000,1815000000,2.784e+08,1,2.784e+08,5.2,5.2,,6.522e+09,2.745e+09,1.2171e+10
LMT,2021-09-26,2021-10-26,2021-10-26,16028000000,2302000000.0,2294000000,614000000,2.773e+08,1,2.773e+08,2.8,2.8,,9.631e+09,2.727e+09,1.1674e+10
LMT,2021-12-31,2022-01-25,2022-01-25,17729000000,2422000000.0,2455000000,2049000000,2.774e+08,1,2.774e+08,2.8,2.8,2.981e+09,1.0959e+10,3.604e+09,1.1682e+10
LMT,2022-03-27,2022-04-20,2022-04-20,14964000000,1909000000.0,1933000000,1733000000,2.692e+08,1,2.692e+08,2.8,2.8,,1.0002e+10,1.883e+09,1.1645e+10
LMT,2022-06-26,2022-07-19,2022-07-19,15446000000,1956000000.0,1963000000,309000000,2.667e+08,1,2.667e+08,2.8,2.8,,1.1432e+10,1.775e+09,1.1644e+10
LMT,2022-09-25,2022-10-18,2022-10-18,16583000000,2120000000.0,2159000000,1778000000,2.651e+08,1,2.651e+08,2.8,2.8,,1.1966e+10,2.43e+09,1.148e+10
LMT,2022-12-31,2023-01-26,2023-01-26,18991000000,2302000000.0,2293000000,1912000000,2.646e+08,1,2.646e+08,3.0,3.0,3.088e+09,9.266e+09,2.547e+09,1.5665e+10
LMT,2023-03-26,2023-04-18,2023-04-18,15126000000,2046000000.0,2037000000,1689000000,2.557e+08,1,2.557e+08,3.0,3.0,,9.646e+09,2.44e+09,1.56e+10
LMT,2023-06-25,2023-07-19,2023-07-19,16693000000,2090000000.0,2135000000,1681000000,2.536e+08,1,2.536e+08,3.0,3.0,,9.24e+09,3.673e+09,1.7545e+10
LMT,2023-09-24,2023-10-17,2023-10-17,16878000000,2048000000.0,2042000000,1684000000,2.502e+08,1,2.502e+08,3.0,3.0,,9.274e+09,3.551e+09,1.7389e+10
LMT,2023-12-31,2024-01-23,2024-01-23,18874000000,2295000000.0,2293000000,1866000000,2.512e+08,1,2.512e+08,3.15,3.15,3.132e+09,6.835e+09,1.442e+09,1.7627e+10
LMT,2024-03-31,2024-04-23,2024-04-23,17195000000,1993000000.0,2029000000,1545000000,2.416e+08,1,2.416e+08,3.15,3.15,3.278e+09,6.65e+09,2.79e+09,1.9418e+10
LMT,2024-06-30,2024-07-23,2024-07-23,18122000000,2130000000.0,2148000000,1641000000,2.396e+08,1,2.396e+08,3.15,3.15,3.097e+09,6.175e+09,2.523e+09,1.9257e+10
LMT,2024-09-29,2024-10-22,2024-10-22,17104000000,2117000000.0,2140000000,1623000000,2.386e+08,1,2.386e+08,3.15,3.15,3.234e+09,7.2e+09,3.151e+09,1.9321e+10
LMT,2024-12-31,2025-01-28,2025-01-28,18622000000,690000000.0,696000000,527000000,2.392e+08,1,2.392e+08,3.3,3.3,3.474e+09,6.333e+09,2.483e+09,2.0913e+10
LMT,2025-03-30,2025-04-22,2025-04-22,17963000000,2323000000.0,2372000000,1712000000,2.353e+08,1,2.353e+08,3.3,3.3,3.599e+09,6.683e+09,1.803e+09,2.0304e+10
LMT,2025-06-29,2025-07-22,2025-07-22,18155000000,734000000.0,748000000,342000000,2.343e+08,1,2.343e+08,3.3,3.3,3.699e+09,5.334e+09,1.293e+09,2.1638e+10
NOC,2008-06-30,2009-07-23,2009-07-23,8628000000,4835000000.0,806000000,495000000,3.441e+08,1,3.441e+08,0.4,0.4,,1.7863e+10,5.81e+08,0
NOC,2008-09-30,2009-10-21,2009-10-21,8381000000,4699000000.0,771000000,512000000,3.401e+08,1,3.401e+08,,,,1.7563e+10,1.016e+09,0
NOC,2009-03-31,2010-04-28,2010-04-28,7935000000,4300000000.0,619000000,389000000,3.321e+08,1,3.321e+08,0.4,0.4,,1.2057e+10,8.82e+08,0
NOC,2009-06-30,2009-07-23,2009-07-23,8957000000,4612000000.0,653000000,394000000,3.258e+08,1,3.258e+08,0.43,0.43,,1.2189e+10,1.056e+09,0
NOC,2009-09-30,2009-10-21,2009-10-21,8726000000,4699000000.0,655000000,490000000,3.206e+08,1,3.206e+08,,,,1.2429e+10,1.924e+09,0
NOC,2009-12-31,2011-02-09,2011-02-09,8925000000,4341000000.0,631000000,413000000,3.233e+08,1,3.233e+08,,,,1.2687e+10,3.333e+09,4.3e+09
NOC,2010-03-31,2010-04-28,2010-04-28,8610000000,4314000000.0,765000000,469000000,3.061e+08,1,3.061e+08,0.43,0.43,,1.264e+10,1.961e+09,0
NOC,2010-06-30,2010-07-29,2010-07-29,8826000000,4459000000.0,716000000,711000000,3.038e+08,1,3.038e+08,0.47,0.47,,1.2903e+10,2.098e+09,4.2e+09
NOC,2010-09-30,2010-10-27,2010-10-27,8714000000,4618000000.0,801000000,497000000,2.976e+08,1,2.976e+08,,,,1.3194e+10,2.589e+09,4.2e+09
NOC,2010-12-31,2011-02-09,2011-02-09,8607000000,4546000000.0,788000000,376000000,2.969e+08,1,2.969e+08,,,,1.3557e+10,3.769e+09,4.808e+09
NOC,2011-03-31,2011-04-27,2011-04-27,6734000000,3892000000.0,811000000,530000000,2.969e+08,1,2.969e+08,0.47,0.47,,1.2677e+10,4.091e+09,4e+09
NOC,2011-06-30,2011-07-27,2011-07-27,6560000000,3898000000.0,841000000,520000000,2.872e+08,1,2.872e+08,0.5,0.5,,1.2149e+10,2.812e+09,4e+09
NOC,2011-09-30,2011-10-26,2011-10-26,6612000000,3912000000.0,825000000,520000000,2.793e+08,1,2.793e+08,0.5,0.5,,1.1951e+10,2.947e+09,0
NOC,2011-12-31,2012-02-08,2012-02-08,6506000000,3219000000.0,799000000,548000000,2.627e+08,1,2.627e+08,0.5,0.5,,1.0336e+10,3.252e+09,3.934e+09
NOC,2012-03-31,2012-04-25,2012-04-25,3341000000,814000000.0,796000000,506000000,2.58e+08,1,2.58e+08,0.5,0.5,,1.0541e+10,2.682e+09,0
NOC,2012-06-30,2012-07-25,2012-07-25,6274000000,3670000000.0,774000000,480000000,2.547e+08,1,2.547e+08,0.55,0.55,,1.0715e+10,3.148e+09,0
NOC,2012-09-30,2012-10-24,2012-10-24,6270000000,3641000000.0,736000000,459000000,2.521e+08,1,2.521e+08,0.55,0.55,,1.0947e+10,3.525e+09,3.936e+09
NOC,2012-12-31,2013-02-05,2013-02-05,6476000000,3821000000.0,824000000,533000000,2.489e+08,1,2.489e+08,0.5499999999999998,0.5499999999999998,,9.514e+09,3.862e+09,3.929e+09
NOC,2013-03-31,2013-04-24,2013-04-24,6104000000,3473000000.0,759000000,489000000,2.41e+08,1,2.41e+08,0.55,0.55,,9.469e+09,3.183e+09,3.942e+09
NOC,2013-06-30,2013-07-24,2013-07-24,6294000000,3591000000.0,806000000,488000000,2.375e+08,1,2.375e+08,,,,9.558e+09,4.904e+09,0
NOC,2013-09-30,2013-10-23,2013-10-23,6106000000,3607000000.0,790000000,497000000,2.326e+08,1,2.326e+08,,,,9.356e+09,4.944e+09,0
NOC,2013-12-31,2014-02-03,2014-02-03,6157000000,3367000000.0,768000000,478000000,2.252e+08,1,2.252e+08,,,,1.062e+10,5.15e+09,5.932e+09
NOC,2014-03-31,2014-04-23,2014-04-23,5848000000,3315000000.0,845000000,579000000,2.204e+08,1,2.204e+08,0.61,0.61,,1.0569e+10,3.885e+09,0
NOC,2014-06-30,2014-07-23,2014-07-23,6039000000,3371000000.0,820000000,511000000,2.152e+08,1,2.152e+08,,,,1.0268e+10,3.476e+09,0
NOC,2014-09-30,2014-10-22,2014-10-22,5984000000,3370000000.0,769000000,473000000,2.092e+08,1,2.092e+08,,,,9.893e+09,3.402e+09,0
NOC,2014-12-31,2015-02-02,2015-02-02,6108000000,3492000000.0,762000000,506000000,2.042e+08,1,2.042e+08,,,7.42e+08,7.235e+09,3.863e+09,5.931e+09
NOC,2015-03-31,2015-04-29,2015-04-29,5957000000,3415000000.0,780000000,484000000,2.005e+08,1,2.005e+08,0.7,0.7,,6.748e+09,2.646e+09,0
NOC,2015-06-30,2015-07-29,2015-07-29,5896000000,3328000000.0,813000000,531000000,1.937e+08,1,1.937e+08,,,,6.171e+09,1.907e+09,0
NOC,2015-09-30,2015-10-28,2015-10-28,5979000000,3346000000.0,794000000,516000000,1.879e+08,1,1.879e+08,,,8.56e+08,5.697e+09,1.292e+09,0
NOC,2015-12-31,2016-02-01,2016-02-01,5694000000,3104000000.0,689000000,459000000,1.842e+08,1,1.842e+08,,,8.07e+08,5.522e+09,2.319e+09,6.636e+09
NOC,2016-03-31,2016-04-27,2016-04-27,5956000000,3345000000.0,739000000,556000000,1.834e+08,1,1.834e+08,0.8,0.8,8.98e+08,5.621e+09,1.277e+09,0
NOC,2016-06-30,2016-07-27,2016-07-27,6000000000,3379000000.0,797000000,517000000,1.815e+08,1,1.815e+08,,,9.73e+08,5.681e+09,1.139e+09,0
NOC,2016-09-30,2016-10-26,2016-10-26,6155000000,3395000000.0,826000000,602000000,1.796e+08,1,1.796e+08,,,7.97e+08,5.767e+09,1.103e+09,0
NOC,2016-12-31,2017-01-30,2017-01-30,6397000000,3387000000.0,831000000,525000000,1.776e+08,1,1.776e+08,,,8.16e+08,5.259e+09,2.541e+09,7.082e+09
NOC,2017-03-31,2017-04-26,2017-04-26,6267000000,3396000000.0,832000000,640000000,1.761e+08,1,1.761e+08,0.9,0.9,9.33e+08,5.558e+09,1.403e+09,0
NOC,2017-06-30,2017-07-26,2017-07-26,6375000000,3417000000.0,855000000,552000000,1.755e+08,1,1.755e+08,,,1.039e+09,5.919e+09,1.383e+09,0
NOC,2017-09-30,2017-10-25,2017-10-25,6527000000,3374000000.0,845000000,645000000,1.753e+08,1,1.753e+08,,,1.007e+09,6.493e+09,1.878e+09,0
NOC,2017-12-31,2018-01-29,2018-01-29,6634000000,3345000000.0,767000000,178000000,1.755e+08,1,1.755e+08,,,7.8e+08,7.048e+09,1.1225e+10,1.6133e+10
NOC,2018-03-31,2018-04-25,2018-04-25,6735000000,3470000000.0,854000000,739000000,1.754e+08,1,1.754e+08,1.1,1.1,4.35e+08,7.68e+09,1.0369e+10,8.68e+08
NOC,2018-06-30,2018-07-25,2018-07-25,7119000000,3425000000.0,823000000,689000000,1.754e+08,1,1.754e+08,1.2,1.2,6.9e+08,8.227e+09,1.539e+09,7.44e+08
NOC,2018-09-30,2018-10-24,2018-10-24,8085000000,,1178000000,1144000000,1.749e+08,1,1.749e+08,1.2,1.2,7.19e+08,9.103e+09,1.228e+09,5.17e+08
NOC,2018-12-31,2019-01-31,2019-01-31,8156000000,,943000000,356000000,1.726e+08,1,1.726e+08,1.2000000000000002,1.2000000000000002,6.54e+08,8.187e+09,1.579e+09,1.4917e+10
NOC,2019-03-31,2019-04-24,2019-04-24,8189000000,,936000000,863000000,1.707e+08,1,1.707e+08,1.2,1.2,7.78e+08,8.739e+09,7.55e+08,5.23e+08
NOC,2019-06-30,2019-07-24,2019-07-24,8456000000,,946000000,861000000,1.703e+08,1,1.703e+08,1.32,1.32,8.1e+08,9.214e+09,1.088e+09,5.45e+08
NOC,2019-09-30,2019-10-24,2019-10-24,8475000000,,951000000,933000000,1.699e+08,1,1.699e+08,1.32,1.32,8.1e+08,9.731e+09,1.127e+09,4.5e+07
NOC,2019-12-31,2020-01-30,2020-01-30,8721000000,,1136000000,-409000000,1.684e+08,1,1.684e+08,1.3200000000000003,1.3200000000000003,7.83e+08,8.819e+09,2.245e+09,1.4988e+10
NOC,2020-03-31,2020-04-29,2020-04-29,8620000000,,934000000,868000000,1.684e+08,1,1.684e+08,1.32,1.32,7.85e+08,9.062e+09,3.278e+09,1.6089e+10
NOC,2020-06-30,2020-07-30,2020-07-30,8884000000,,994000000,1005000000,1.673e+08,1,1.673e+08,1.45,1.45,,9.712e+09,4.178e+09,1.6062e+10
NOC,2020-09-30,2020-10-22,2020-10-22,9083000000,,985000000,986000000,1.673e+08,1,1.673e+08,1.45,1.45,,1.0467e+10,4.995e+09,1.6066e+10
NOC,2020-12-31,2021-01-28,2021-01-28,10212000000,,1152000000,330000000,1.674e+08,1,1.674e+08,1.4500000000000002,1.4500000000000002,7.59e+08,1.0579e+10,4.907e+09,1.5745e+10
NOC,2021-03-31,2021-04-29,2021-04-29,9157000000,,2822000000,2195000000,1.635e+08,1,1.635e+08,1.45,1.45,,1.0525e+10,3.517e+09,1.2806e+10
NOC,2021-06-30,2021-07-29,2021-07-29,9151000000,,1044000000,1037000000,1.615e+08,1,1.615e+08,1.57,1.57,,1.1172e+10,3.941e+09,1.277e+10
NOC,2021-09-30,2021-10-28,2021-10-28,8720000000,,1043000000,1063000000,1.604e+08,1,1.604e+08,1.57,1.57,,1.1417e+10,4.055e+09,1.278e+10
NOC,2021-12-31,2022-01-27,2022-01-27,8639000000,,742000000,2710000000,1.609e+08,1,1.609e+08,1.5700000000000003,1.5700000000000003,8.11e+08,1.2926e+10,3.53e+09,1.2789e+10
NOC,2022-03-31,2022-04-28,2022-04-28,8797000000,,897000000,955000000,1.566e+08,1,1.566e+08,1.57,1.57,,1.3287e+10,2.174e+09,1.2832e+10
NOC,2022-06-30,2022-07-28,2022-07-28,8801000000,,954000000,946000000,1.56e+08,1,1.56e+08,1.73,1.73,,1.3651e+10,1.169e+09,1.2848e+10
NOC,2022-09-30,2022-10-27,2022-10-27,8971000000,,844000000,915000000,1.553e+08,1,1.553e+08,1.73,1.73,,1.3943e+10,1.666e+09,1.2872e+10
NOC,2022-12-31,2023-01-26,2023-01-26,10033000000,,906000000,2080000000,1.556e+08,1,1.556e+08,1.7300000000000004,1.7300000000000004,9.78e+08,1.5312e+10,2.577e+09,1.3949e+10
NOC,2023-03-31,2023-04-27,2023-04-27,9301000000,,947000000,842000000,1.532e+08,1,1.532e+08,1.73,1.73,,1.5136e+10,2.495e+09,1.4852e+10
NOC,2023-06-30,2023-07-27,2023-07-27,9576000000,,967000000,812000000,1.522e+08,1,1.522e+08,1.87,1.87,,1.5486e+10,3.384e+09,1.4893e+10
NOC,2023-09-30,2023-10-26,2023-10-26,9775000000,,1016000000,937000000,1.517e+08,1,1.517e+08,1.87,1.87,,1.5928e+10,2.082e+09,1.3857e+10
NOC,2023-12-31,2024-01-25,2024-01-25,10638000000,,-393000000,-535000000,1.52e+08,1,1.52e+08,1.8699999999999992,1.8699999999999992,1.109e+09,1.4795e+10,3.109e+09,1.3926e+10
NOC,2024-03-31,2024-04-25,2024-04-25,10133000000,,1071000000,944000000,1.493e+08,1,1.493e+08,1.87,1.87,1.37e+09,1.4223e+10,3.061e+09,1.6324e+10
NOC,2024-06-30,2024-07-25,2024-07-25,10218000000,,1090000000,940000000,1.477e+08,1,1.477e+08,2.06,2.06,1.504e+09,1.4301e+10,3.272e+09,1.6296e+10
NOC,2024-09-30,2024-10-24,2024-10-24,9996000000,,1120000000,1026000000,1.465e+08,1,1.465e+08,2.06,2.06,1.646e+09,1.4748e+10,3.326e+09,1.6278e+10
NOC,2024-12-31,2025-01-30,2025-01-30,10686000000,,1089000000,1264000000,1.473e+08,1,1.473e+08,2.0600000000000005,2.0600000000000005,1.455e+09,1.529e+10,4.353e+09,1.7856e+10
NOC,2025-03-31,2025-04-22,2025-04-22,9468000000,,573000000,481000000,1.449e+08,1,1.449e+08,2.06,2.06,1.578e+09,1.4984e+10,1.685e+09,1.4772e+10
NOC,2025-06-30,2025-07-22,2025-07-22,10351000000,,1425000000,1174000000,1.44e+08,1,1.44e+08,2.31,2.31,1.553e+09,1.5471e+10,1.899e+09,1.5711e+10
RTX,2020-09-30,2020-10-27,2020-10-27,14747000000,1743000000.0,434000000,264000000,1.5142e+09,1,1.5142e+09,0.475,0.475,9.843e+09,6.8379e+10,1.0001e+10,2.28e+08
RTX,2020-12-31,2021-02-08,2021-02-08,16419000000,2153000000.0,142000000,135000000,1.3578e+09,1,1.3578e+09,0.4750000000000001,0.4750000000000001,9.411e+09,7.2163e+10,9.683e+09,3.1823e+10
RTX,2021-03-31,2021-04-27,2021-04-27,15251000000,,1013000000,753000000,1.5141e+09,1,1.5141e+09,0.475,0.475,9.498e+09,7.171e+10,9.458e+09,2.34e+08
RTX,2021-06-30,2021-07-27,2021-07-27,15880000000,,1282000000,1032000000,1.5135e+09,1,1.5135e+09,1.02,1.02,9.548e+09,7.1115e+10,8.051e+09,1.96e+08
RTX,2021-09-30,2021-10-26,2021-10-26,16213000000,,1343000000,1393000000,1.5059e+09,1,1.5059e+09,0.0,0.0,9.426e+09,7.1308e+10,8.441e+09,3.1179e+10
RTX,2021-12-31,2022-02-11,2022-02-11,17044000000,,1320000000,686000000,1.5085e+09,1,1.5085e+09,0.5099999999999998,0.5099999999999998,9.178e+09,7.3068e+10,8.797e+09,3.1485e+10
RTX,2022-03-31,2022-04-26,2022-04-26,15716000000,,1080000000,1084000000,1.4979e+09,1,1.4979e+09,0.51,0.51,9.749e+09,7.2462e+10,6.897e+09,3.1423e+10
RTX,2022-06-30,2022-07-26,2022-07-26,16314000000,,1353000000,1304000000,1.4896e+09,1,1.4896e+09,1.1,1.1,1.0142e+10,7.0441e+10,5.555e+09,3.1367e+10
RTX,2022-09-30,2022-10-25,2022-10-25,16951000000,,1480000000,1387000000,1.4793e+09,1,1.4793e+09,0.0,0.0,1.0443e+10,7.0187e+10,6.121e+09,3.3404e+10
RTX,2022-12-31,2023-02-07,2023-02-07,18093000000,,1501000000,1422000000,1.4859e+09,1,1.4859e+09,0.55,0.55,1.0617e+10,7.2632e+10,6.994e+09,3.1914e+10
RTX,2023-03-31,2023-04-25,2023-04-25,17214000000,,1652000000,1426000000,1.4742e+09,1,1.4742e+09,0.55,0.55,1.1327e+10,7.2795e+10,6.596e+09,3.4478e+10
RTX,2023-06-30,2023-07-25,2023-07-25,18315000000,,1458000000,1327000000,1.4687e+09,1,1.4687e+09,1.18,1.18,1.1997e+10,7.248e+10,6.11e+09,3.5347e+10
RTX,2023-09-30,2023-10-24,2023-10-24,13464000000,,-1396000000,-984000000,1.4481e+09,1,1.4481e+09,0.0,0.0,1.205e+10,6.9596e+10,6.193e+09,3.5257e+10
RTX,2023-12-31,2024-02-05,2024-02-05,19927000000,,1847000000,1426000000,1.4354e+09,1,1.4354e+09,0.5899999999999999,0.5899999999999999,1.1777e+10,5.9798e+10,7.332e+09,4.3827e+10
RTX,2024-03-31,2024-04-23,2024-04-23,19305000000,,1870000000,1709000000,1.3373e+09,1,1.3373e+09,0.59,0.59,1.2386e+10,6.0485e+10,6.312e+09,4.2904e+10
RTX,2024-06-30,2024-07-25,2024-07-25,19721000000,,529000000,111000000,1.3421e+09,1,1.3421e+09,1.26,1.26,1.3047e+10,5.8985e+10,6.725e+09,4.2214e+10
RTX,2024-09-30,2024-10-22,2024-10-22,20089000000,,2028000000,1472000000,1.3462e+09,1,1.3462e+09,0.0,0.0,1.3465e+10,6.1114e+10,7.428e+09,4.2222e+10
RTX,2024-12-31,2025-02-03,2025-02-03,21623000000,,2111000000,1482000000,1.3436e+09,1,1.3436e+09,0.6299999999999999,0.6299999999999999,1.2768e+10,6.0156e+10,6.364e+09,4.1261e+10
RTX,2025-03-31,2025-04-22,2025-04-22,20306000000,,2035000000,1535000000,1.3518e+09,1,1.3518e+09,0.63,0.63,1.3618e+10,6.1516e+10,5.839e+09,4.137e+10
RTX,2025-06-30,2025-07-22,2025-07-22,21581000000,,2146000000,1657000000,1.354e+09,1,1.354e+09,1.36,1.36,1.4012e+10,6.2398e+10,5.461e+09,4.2051e+10
GD,2008-06-29,2009-08-04,2009-08-04,7303000000,2899000000.0,921000000,641000000,4.00625e+08,1,4.00625e+08,0.35,0.35,,,2.74e+09,0
GD,2008-09-28,2009-11-03,2009-11-03,7140000000,3027000000.0,933000000,634000000,3.98742e+08,1,3.98742e+08,0.35,0.35,,,2.617e+09,0
GD,2009-04-05,2010-05-04,2010-05-04,8264000000,3574000000.0,905000000,590000000,3.85621e+08,1,3.85621e+08,,,,,1.126e+09,0
GD,2009-07-05,2009-08-04,2009-08-04,8100000000,3209000000.0,945000000,618000000,3.87013e+08,1,3.87013e+08,0.38,0.38,2.138e+09,1.1001e+10,1.614e+09,3.915e+09
GD,2009-10-04,2009-11-03,2009-11-03,7719000000,3204000000.0,874000000,572000000,3.88088e+08,1,3.88088e+08,0.38,0.38,2.112e+09,1.1718e+10,1.409e+09,3.864e+09
GD,2009-12-31,2010-02-19,2010-02-19,7898000000,4186000000.0,951000000,614000000,3.87923e+08,1,3.87923e+08,,,2.126e+09,1.2423e+10,2.263e+09,3.864e+09
GD,2010-04-04,2010-05-04,2010-05-04,7750000000,3606000000.0,918000000,597000000,3.88984e+08,1,3.88984e+08,0.42,0.42,1.985e+09,1.2779e+10,2.025e+09,3.863e+09
GD,2010-07-04,2010-08-03,2010-08-03,8104000000,1463000000.0,985000000,648000000,3.88532e+08,1,3.88532e+08,0.42,0.42,1.967e+09,1.2839e+10,1.853e+09,3.862e+09
GD,2010-10-03,2010-11-02,2010-11-02,8011000000,1447000000.0,966000000,650000000,3.8254e+08,1,3.8254e+08,0.42,0.42,1.986e+09,1.3582e+10,1.843e+09,3.204e+09
GD,2010-12-31,2011-02-18,2011-02-18,8601000000,-607000000.0,1076000000,729000000,3.85236e+08,1,3.85236e+08,,,2.158e+09,1.3316e+10,2.613e+09,3.203e+09
GD,2011-04-03,2011-05-03,2011-05-03,7798000000,1438000000.0,929000000,618000000,3.76363e+08,1,3.76363e+08,0.47,0.47,2.273e+09,1.3877e+10,2.484e+09,3.203e+09
GD,2011-07-03,2011-08-03,2011-08-03,7879000000,1454000000.0,949000000,653000000,3.71417e+08,1,3.71417e+08,0.47,0.47,2.382e+09,1.3925e+10,2.157e+09,2.409e+09
GD,2011-10-02,2011-11-01,2011-11-01,7853000000,1490000000.0,998000000,652000000,3.62885e+08,1,3.62885e+08,0.47,0.47,2.506e+09,1.3619e+10,1.54e+09,4.107e+09
GD,2011-12-31,2012-02-17,2012-02-17,9147000000,11065000000.0,950000000,603000000,3.67524e+08,1,3.67524e+08,,,2.31e+09,1.3232e+10,2.649e+09,3.93e+09
GD,2012-04-01,2012-05-01,2012-05-01,7579000000,1395000000.0,860000000,564000000,3.5936e+08,1,3.5936e+08,0.51,0.51,2.444e+09,1.3854e+10,2.632e+09,3.908e+09
GD,2012-07-01,2012-08-01,2012-08-01,7922000000,1495000000.0,970000000,634000000,3.57373e+08,1,3.57373e+08,0.51,0.51,2.648e+09,1.3662e+10,2.54e+09,3.933e+09
GD,2012-09-30,2012-10-30,2012-10-30,7934000000,1415000000.0,905000000,600000000,3.52826e+08,1,3.52826e+08,0.51,0.51,2.661e+09,1.4272e+10,2.874e+09,3.925e+09
GD,2012-12-31,2013-02-08,2013-02-08,8078000000,-1196000000.0,-1902000000,-2130000000,3.53346e+08,1,3.53346e+08,,,2.776e+09,1.139e+10,2.649e+09,3.91e+09
GD,2013-03-31,2013-04-30,2013-04-30,7404000000,1354000000.0,847000000,571000000,3.53517e+08,1,3.53517e+08,0.56,0.56,2.863e+09,1.1582e+10,3.745e+09,3.91e+09
GD,2013-06-30,2013-07-24,2013-07-24,7911000000,1484000000.0,960000000,640000000,3.52932e+08,1,3.52932e+08,0.56,0.56,2.935e+09,1.1756e+10,3.757e+09,3.908e+09
GD,2013-09-29,2013-10-23,2013-10-23,7796000000,1463000000.0,957000000,651000000,3.52918e+08,1,3.52918e+08,0.56,0.56,2.986e+09,1.2605e+10,4.065e+09,3.936e+09
GD,2013-12-31,2014-02-07,2014-02-07,8107000000,1463000000.0,921000000,495000000,3.53499e+08,1,3.53499e+08,,,2.968e+09,1.4501e+10,5.301e+09,3.91e+09
GD,2014-03-30,2014-04-23,2014-04-23,7324000000,1370000000.0,871000000,595000000,3.47248e+08,1,3.47248e+08,0.62,0.62,2.977e+09,1.369e+10,4.296e+09,3.409e+09
GD,2014-06-29,2014-07-23,2014-07-23,7474000000,1435000000.0,949000000,541000000,3.42785e+08,1,3.42785e+08,0.62,0.62,3.158e+09,1.3119e+10,3.841e+09,3.409e+09
GD,2014-09-28,2014-10-22,2014-10-22,7751000000,1477000000.0,999000000,696000000,3.38181e+08,1,3.38181e+08,0.62,0.62,3.139e+09,1.301e+10,5.105e+09,3.41e+09
GD,2014-12-31,2015-02-09,2015-02-09,8303000000,11235000000.0,1070000000,701000000,3.41331e+08,1,3.41331e+08,,,3.221e+09,1.1829e+10,4.388e+09,4.412e+09
GD,2015-04-05,2015-04-29,2015-04-29,7784000000,1530000000.0,1027000000,716000000,3.34682e+08,1,3.34682e+08,0.69,0.69,3.397e+09,1.152e+10,4.412e+09,3.41e+09
GD,2015-07-05,2015-07-29,2015-07-29,7882000000,1548000000.0,1081000000,752000000,3.31426e+08,1,3.31426e+08,0.69,0.69,3.359e+09,1.1276e+10,4.032e+09,3.411e+09
GD,2015-10-04,2015-10-28,2015-10-28,7994000000,1510000000.0,1034000000,733000000,3.21938e+08,1,3.21938e+08,0.69,0.69,3.239e+09,1.0734e+10,3.372e+09,2.912e+09
GD,2015-12-31,2016-02-08,2016-02-08,7809000000,11010000000.0,1036000000,764000000,3.26652e+08,1,3.26652e+08,,,3.366e+09,1.0738e+10,2.785e+09,3.926e+09
GD,2016-04-03,2016-04-27,2016-04-27,7724000000,1513000000.0,1053000000,717000000,3.12346e+08,1,3.12346e+08,0.76,0.76,3.504e+09,1.0582e+10,1.907e+09,3.4e+09
GD,2016-07-03,2016-07-27,2016-07-27,7665000000,1556000000.0,1070000000,758000000,3.10208e+08,1,3.10208e+08,0.76,0.76,3.52e+09,1.0995e+10,1.899e+09,3.436e+09
GD,2016-10-02,2016-10-26,2016-10-26,7731000000,1540000000.0,1069000000,683000000,3.09728e+08,1,3.09728e+08,0.76,0.76,3.657e+09,1.1317e+10,2.303e+09,3.886e+09
GD,2016-12-31,2017-02-06,2017-02-06,8233000000,11301000000.0,1117000000,797000000,3.10387e+08,1,3.10387e+08,,,3.523e+09,1.0976e+10,2.334e+09,3.924e+09
GD,2017-04-02,2017-04-26,2017-04-26,7441000000,1516000000.0,1035000000,763000000,3.07282e+08,1,3.07282e+08,0.84,0.84,5.822e+09,1.0583e+10,2.168e+09,3.889e+09
GD,2017-07-02,2017-07-26,2017-07-26,7675000000,1561000000.0,1056000000,749000000,3.0535e+08,1,3.0535e+08,0.84,0.84,5.839e+09,1.0952e+10,1.856e+09,3.978e+09
GD,2017-10-01,2017-10-25,2017-10-25,7580000000,1562000000.0,1052000000,764000000,3.03751e+08,1,3.03751e+08,0.84,0.84,5.781e+09,1.1564e+10,2.722e+09,4.882e+09
GD,2017-12-31,2018-02-12,2018-02-12,8277000000,11535000000.0,1034000000,636000000,3.04637e+08,1,3.04637e+08,,,5.303e+09,1.1435e+10,2.983e+09,4.032e+09
GD,2018-04-01,2018-04-25,2018-04-25,7535000000,1545000000.0,1008000000,799000000,3.01104e+08,1,3.01104e+08,0.93,0.93,5.543e+09,1.1774e+10,4.332e+09,6.479e+09
GD,2018-07-01,2018-07-25,2018-07-25,9186000000,1677000000.0,1088000000,786000000,3.00139e+08,1,3.00139e+08,0.93,0.93,5.89e+09,1.1994e+10,1.862e+09,1.7281e+10
GD,2018-09-30,2018-10-24,2018-10-24,9094000000,1687000000.0,1135000000,851000000,2.99087e+08,1,2.99087e+08,0.93,0.93,6.247e+09,1.2755e+10,1.01e+09,1.4869e+10
GD,2018-12-31,2019-02-13,2019-02-13,10378000000,1806000000.0,1226000000,909000000,2.9916e+08,1,2.9916e+08,,,5.977e+09,1.1732e+10,9.63e+08,1.3491e+10
GD,2019-03-31,2019-04-24,2019-04-24,9261000000,1628000000.0,1014000000,745000000,2.90891e+08,1,2.90891e+08,1.02,1.02,6.185e+09,1.2234e+10,6.73e+08,1.3548e+10
GD,2019-06-30,2019-07-24,2019-07-24,9555000000,1686000000.0,1090000000,806000000,2.90815e+08,1,2.90815e+08,1.02,1.02,6.48e+09,1.2877e+10,7.02e+08,1.3935e+10
GD,2019-09-29,2019-10-23,2019-10-23,9761000000,1788000000.0,1216000000,913000000,2.90892e+08,1,2.90892e+08,1.02,1.02,6.573e+09,1.3513e+10,9.74e+08,1.365e+10
GD,2019-12-31,2020-02-10,2020-02-10,10773000000,1957000000.0,1328000000,1020000000,2.90836e+08,1,2.90836e+08,,,6.306e+09,1.3577e+10,9.02e+08,1.4925e+10
GD,2020-03-29,2020-04-29,2020-04-29,8749000000,,941000000,706000000,2.89943e+08,1,2.89943e+08,1.1,1.1,6.852e+09,1.32e+10,5.33e+09,1.7998e+10
GD,2020-06-28,2020-07-29,2020-07-29,9264000000,,841000000,625000000,2.86933e+08,1,2.86933e+08,1.1,1.1,6.666e+09,1.389e+10,2.3e+09,1.4591e+10
GD,2020-09-27,2020-10-28,2020-10-28,9431000000,,1084000000,834000000,2.87227e+08,1,2.87227e+08,1.1,1.1,6.402e+09,1.4716e+10,1.469e+09,9.978e+09
GD,2020-12-31,2021-02-09,2021-02-09,10481000000,,1267000000,1002000000,2.87913e+08,1,2.87913e+08,,,5.745e+09,1.5661e+10,2.824e+09,1.612e+10
GD,2021-04-04,2021-04-28,2021-04-28,9389000000,,938000000,708000000,2.85198e+08,1,2.85198e+08,1.19,1.19,5.688e+09,1.534e+10,1.811e+09,9.995e+09
GD,2021-07-04,2021-07-28,2021-07-28,9220000000,,959000000,737000000,2.82213e+08,1,2.82213e+08,1.19,1.19,5.803e+09,1.5321e+10,2.95e+09,1.4306e+10
GD,2021-10-03,2021-10-27,2021-10-27,9568000000,,1080000000,860000000,2.80405e+08,1,2.80405e+08,1.19,1.19,5.651e+09,1.5721e+10,3.139e+09,1.3668e+10
GD,2021-12-31,2022-02-09,2022-02-09,10292000000,,1186000000,952000000,2.82017e+08,1,2.82017e+08,,,5.34e+09,1.7641e+10,1.603e+09,1.2611e+10
GD,2022-04-03,2022-04-27,2022-04-27,9392000000,,908000000,730000000,2.79937e+08,1,2.79937e+08,1.26,1.26,5.548e+09,1.8014e+10,2.907e+09,1.1496e+10
GD,2022-07-03,2022-07-27,2022-07-27,9189000000,,978000000,766000000,2.78943e+08,1,2.78943e+08,1.26,1.26,6.158e+09,1.7381e+10,2.223e+09,1.1495e+10
GD,2022-10-02,2022-10-26,2022-10-26,9975000000,,1098000000,902000000,2.76382e+08,1,2.76382e+08,1.26,1.26,6.257e+09,1.7651e+10,2.496e+09,1.1491e+10
GD,2022-12-31,2023-02-07,2023-02-07,10851000000,,1227000000,992000000,2.78169e+08,1,2.78169e+08,,,6.322e+09,1.8568e+10,1.242e+09,1.1843e+10
GD,2023-04-02,2023-04-26,2023-04-26,9881000000,,938000000,730000000,2.76646e+08,1,2.76646e+08,1.32,1.32,7.006e+09,1.9087e+10,2.038e+09,1.0502e+10
GD,2023-07-02,2023-07-26,2023-07-26,10152000000,,962000000,744000000,2.75087e+08,1,2.75087e+08,1.32,1.32,7.642e+09,1.9478e+10,1.154e+09,9.755e+09
GD,2023-10-01,2023-10-25,2023-10-25,10571000000,,1057000000,836000000,2.74745e+08,1,2.74745e+08,1.32,1.32,8.282e+09,1.9957e+10,1.352e+09,9.255e+09
GD,2023-12-31,2024-02-08,2024-02-08,11668000000,,1288000000,1005000000,2.75725e+08,1,2.75725e+08,,,8.578e+09,2.1299e+10,1.913e+09,9.847e+09
GD,2024-03-31,2024-04-24,2024-04-24,10731000000,,1036000000,799000000,2.77004e+08,1,2.77004e+08,1.42,1.42,9.589e+09,2.141e+10,1.036e+09,9.259e+09
GD,2024-06-30,2024-07-24,2024-07-24,11976000000,,1156000000,905000000,2.77722e+08,1,2.77722e+08,1.42,1.42,9.686e+09,2.2036e+10,1.362e+09,9.261e+09
GD,2024-09-29,2024-10-23,2024-10-23,11671000000,,1181000000,930000000,2.77888e+08,1,2.77888e+08,1.42,1.42,1.0141e+10,2.2973e+10,2.101e+09,9.267e+09
GD,2024-12-31,2025-02-07,2025-02-07,13338000000,,1423000000,1148000000,2.77485e+08,1,2.77485e+08,,,9.724e+09,2.2063e+10,1.697e+09,1.0328e+10
GD,2025-03-30,2025-04-23,2025-04-23,12223000000,,1268000000,994000000,2.71749e+08,1,2.71749e+08,1.5,1.5,9.816e+09,2.2225e+10,1.242e+09,9.609e+09
GD,2025-06-29,2025-07-23,2025-07-23,13041000000,,1305000000,1014000000,2.70945e+08,1,2.70945e+08,1.5,1.5,9.889e+09,2.358e+10,1.523e+09,8.712e+09
LHX,2008-09-26,2009-10-28,2009-10-28,1172600000,380700000.0,,118700000,1.347e+08,1,1.347e+08,0.2,0.2,,,3.422e+08,0
LHX,2009-01-02,2010-01-28,2010-01-28,1333200000,407900000.0,,-38600000,1.333e+08,1,1.333e+08,0.2,0.2,,,3.527e+08,0
LHX,2009-04-03,2010-04-29,2010-04-29,1205100000,391800000.0,,114200000,1.331e+08,1,1.331e+08,0.2,0.2,,,4.52e+08,0
LHX,2009-07-03,2010-08-30,2010-08-30,1294100000,404400000.0,,-156400000,1.33e+08,1,1.33e+08,0.2,0.2,6.072e+08,1.8691e+09,2.812e+08,1.2837e+09
LHX,2009-10-02,2009-10-28,2009-10-28,1203000000,390900000.0,,104500000,1.319e+08,1,1.319e+08,0.22,0.22,6.335e+08,1.9208e+09,2.311e+08,2.5e+07
LHX,2010-01-01,2010-01-28,2010-01-28,1217700000,439100000.0,,139500000,1.313e+08,1,1.313e+08,0.22,0.22,6.722e+08,2.0135e+09,3.102e+08,4.5e+07
LHX,2010-04-02,2010-04-29,2010-04-29,1329500000,509500000.0,,166200000,1.307e+08,1,1.307e+08,0.22,0.22,6.472e+08,2.1169e+09,4.057e+08,0
LHX,2010-07-02,2010-08-30,2010-08-30,1455900000,532200000.0,,151400000,1.3e+08,1,1.3e+08,0.22,0.22,6.153e+08,2.1896e+09,4.552e+08,1.1766e+09
LHX,2010-10-01,2010-10-28,2010-10-28,1405400000,524300000.0,,163900000,1.277e+08,1,1.277e+08,0.25,0.25,6.708e+08,2.2937e+09,3.414e+08,2.75e+08
LHX,2010-12-31,2011-01-27,2011-01-27,1438500000,498000000.0,,151100000,1.268e+08,1,1.268e+08,0.25,0.25,6.519e+08,2.3879e+09,7.408e+08,1.8763e+09
LHX,2011-04-01,2011-05-04,2011-05-04,1413300000,517000000.0,,139500000,1.26e+08,1,1.26e+08,0.25,0.25,6.939e+08,2.4845e+09,8.851e+08,1.8868e+09
LHX,2011-07-01,2011-08-29,2011-08-29,1667400000,574800000.0,,133500000,1.263e+08,1,1.263e+08,0.25,0.25,7.208e+08,2.502e+09,3.669e+08,1.8872e+09
LHX,2011-09-30,2011-10-27,2011-10-27,1460300000,493600000.0,,121600000,1.194e+08,1,1.194e+08,0.28,0.28,6.905e+08,2.1595e+09,3.054e+08,5.61e+08
LHX,2011-12-30,2012-02-01,2012-02-01,1446400000,512500000.0,,133100000,1.128e+08,1,1.128e+08,0.28,0.28,7.013e+08,2.2438e+09,3.87e+08,5.449e+08
LHX,2012-03-30,2012-05-02,2012-05-02,1476000000,538100000.0,,-353200000,1.123e+08,1,1.123e+08,0.33,0.33,7.43e+08,1.8934e+09,2.99e+08,3.489e+08
LHX,2012-06-29,2012-08-27,2012-08-27,-4008400000,-4739200000.0,,129100000,1.148e+08,1,1.148e+08,,,6.178e+08,1.9389e+09,3.56e+08,1.883e+09
LHX,2012-09-28,2012-10-31,2012-10-31,1261500000,413200000.0,,-85800000,1.126e+08,1,1.126e+08,0.37,0.37,6.468e+08,1.8464e+09,3.268e+08,8.24e+07
LHX,2012-12-28,2013-01-30,2013-01-30,1286900000,441500000.0,,48500000,1.129e+08,1,1.129e+08,0.37,0.37,6.245e+08,1.8228e+09,3.281e+08,3.81e+07
LHX,2013-03-29,2013-05-01,2013-05-01,1203700000,400200000.0,,94800000,1.112e+08,1,1.112e+08,0.37,0.37,6.463e+08,1.6734e+09,4.59e+08,3.38e+07
LHX,2013-06-28,2013-08-26,2013-08-26,-3331800000,-4219600000.0,,55500000,1.112e+08,1,1.112e+08,,,6.687e+08,1.5613e+09,3.21e+08,1.5771e+09
LHX,2013-09-27,2013-10-30,2013-10-30,1191900000,417400000.0,,125800000,1.073e+08,1,1.073e+08,0.42,0.42,6.563e+08,1.6303e+09,3.372e+08,8.86e+07
LHX,2013-12-27,2014-01-29,2014-01-29,1223200000,427800000.0,,136200000,1.073e+08,1,1.073e+08,0.42,0.42,6.888e+08,1.7136e+09,3.344e+08,9.37e+07
LHX,2014-03-28,2014-04-30,2014-04-30,1267500000,426500000.0,,141400000,1.074e+08,1,1.074e+08,0.42,0.42,6.74e+08,1.7954e+09,3.496e+08,8.13e+07
LHX,2014-06-27,2014-08-25,2014-08-25,1329400000,429800000.0,,131400000,1.073e+08,1,1.073e+08,,,6.187e+08,1.826e+09,5.61e+08,1.5758e+09
LHX,2014-09-26,2014-10-29,2014-10-29,1155400000,392800000.0,,125100000,1.058e+08,1,1.058e+08,0.47,0.47,6.483e+08,1.7961e+09,4.491e+08,5.22e+07
LHX,2015-01-02,2015-02-10,2015-02-10,1206300000,398500000.0,,139500000,1.049e+08,1,1.049e+08,0.47,0.47,6.496e+08,1.8116e+09,4.695e+08,7.39e+07
LHX,2015-04-03,2015-05-06,2015-05-06,1186600000,433200000.0,,125700000,1.048e+08,1,1.048e+08,0.47,0.47,6.357e+08,1.8407e+09,4.877e+08,2.73e+07
LHX,2015-07-03,2015-08-31,2015-08-31,1534700000,496500000.0,,-56300000,1.068e+08,1,1.068e+08,,,1.015e+09,3.397e+09,4.81e+08,5.038e+09
LHX,2015-10-02,2015-11-06,2015-11-06,1811000000,591000000.0,,148000000,1.247e+08,1,1.247e+08,0.5,0.5,1.107e+09,3.462e+09,3.2e+08,5e+07
LHX,2016-01-01,2016-02-03,2016-02-03,1843000000,562000000.0,,-152000000,1.238e+08,1,1.238e+08,0.5,0.5,1.07e+09,3.251e+09,5.11e+08,1.98e+08
LHX,2016-04-01,2016-05-04,2016-05-04,1909000000,597000000.0,,168000000,1.251e+08,1,1.251e+08,0.5,0.5,9.92e+08,3.366e+09,3.02e+08,9.1e+07
LHX,2016-07-01,2016-08-29,2016-08-29,1904000000,585000000.0,,160000000,1.25e+08,1,1.25e+08,,,9.64e+08,3.056e+09,4.87e+08,4.876e+09
LHX,2016-09-30,2016-11-02,2016-11-02,1754000000,579000000.0,246000000.0,160000000,1.255e+08,1,1.255e+08,0.53,0.53,9.62e+08,3.053e+09,2.84e+08,1.9e+07
LHX,2016-12-30,2017-02-03,2017-02-03,1700000000,562000000.0,277000000.0,177000000,1.254e+08,1,1.254e+08,0.53,0.53,1.001e+09,3.157e+09,3.61e+08,1.83e+08
LHX,2017-03-31,2017-05-03,2017-05-03,1489000000,525000000.0,275000000.0,85000000,1.245e+08,1,1.245e+08,0.53,0.53,8.94e+08,2.914e+09,3.02e+08,2.33e+08
LHX,2017-06-30,2017-08-29,2017-08-29,957000000,423000000.0,275000000.0,131000000,1.243e+08,1,1.243e+08,,,8.41e+08,2.928e+09,4.84e+08,3.945e+09
LHX,2017-09-29,2017-10-31,2017-10-31,1413000000,515000000.0,272000000.0,161000000,1.212e+08,1,1.212e+08,0.57,0.57,8.96e+08,2.987e+09,3.88e+08,8e+07
LHX,2017-12-29,2018-01-31,2018-01-31,1535000000,536000000.0,272000000.0,139000000,1.209e+08,1,1.209e+08,0.57,0.57,9.42e+08,2.994e+09,4.22e+08,3.919e+09
LHX,2018-03-30,2018-05-03,2018-05-03,1568000000,561000000.0,256000000.0,201000000,1.21e+08,1,1.21e+08,0.57,0.57,9.63e+08,3.137e+09,4.43e+08,4.219e+09
LHX,2018-06-29,2018-08-27,2018-08-27,1666000000,639000000.0,322000000.0,217000000,1.211e+08,1,1.211e+08,,,9.25e+08,3.322e+09,2.88e+08,3.79e+09
LHX,2018-09-28,2018-10-26,2018-10-26,1542000000,532000000.0,,213000000,1.206e+08,1,1.206e+08,0.685,0.685,4.13e+08,3.244e+09,3.05e+08,2.94e+08
LHX,2018-12-28,2019-01-30,2019-01-30,1666000000,571000000.0,,225000000,1.2e+08,1,1.2e+08,0.685,0.685,4.25e+08,3.412e+09,3.43e+08,1.03e+08
LHX,2019-03-29,2019-05-02,2019-05-02,1728000000,589000000.0,,243000000,1.203e+08,1,1.203e+08,0.685,0.685,4.33e+08,3.607e+09,3.34e+08,1.03e+08
LHX,2019-06-28,2020-08-04,2020-08-04,1865000000,642000000.0,,268000000,1.211e+08,1,1.211e+08,,,3.6e+08,3.363e+09,5.3e+08,3.522e+09
LHX,2019-09-27,2019-10-31,2019-10-31,4431000000,1189000000.0,,429000000,2.254e+08,1,2.254e+08,,,1.339e+09,2.2773e+10,1.001e+09,6.966e+09
LHX,2020-01-03,2021-03-01,2021-03-01,4832000000,1348000000.0,,393000000,1.69e+08,1,1.69e+08,,,1.219e+09,2.2587e+10,8.24e+08,6.954e+09
LHX,2020-04-03,2020-05-07,2020-05-07,4626000000,1328000000.0,,217000000,2.193e+08,1,2.193e+08,,,9.9e+08,2.1898e+10,6.63e+08,6.296e+09
LHX,2020-07-03,2020-08-04,2020-08-04,4445000000,1270000000.0,,283000000,2.178e+08,1,2.178e+08,,,8.59e+08,2.2102e+10,1.947e+09,6.275e+09
LHX,2020-10-02,2020-11-02,2020-11-02,4463000000,1311000000.0,,426000000,2.151e+08,1,2.151e+08,,,8.94e+08,2.1313e+10,1.341e+09,6.263e+09
LHX,2021-01-01,2021-03-01,2021-03-01,4660000000,1399000000.0,,193000000,2.159e+08,1,2.159e+08,,,9.73e+08,2.0724e+10,1.276e+09,6.91e+09
LHX,2021-04-02,2021-05-03,2021-05-03,4567000000,1354000000.0,,468000000,2.085e+08,1,2.085e+08,,,9.04e+08,2.0367e+10,9.76e+08,2e+06
LHX,2021-07-02,2021-08-04,2021-08-04,4668000000,1417000000.0,,413000000,2.056e+08,1,2.056e+08,,,8.72e+08,1.9863e+10,2.029e+09,3e+06
LHX,2021-10-01,2021-10-29,2021-10-29,4229000000,1308000000.0,,481000000,2.016e+08,1,2.016e+08,,,1.024e+09,1.9484e+10,1.126e+09,2e+06
LHX,2021-12-31,2022-02-25,2022-02-25,4350000000,1297000000.0,,484000000,2.032e+08,1,2.032e+08,,,9.82e+08,1.9213e+10,9.41e+08,7.05e+09
LHX,2022-04-01,2022-04-29,2022-04-29,4103000000,1211000000.0,,475000000,1.951e+08,1,1.951e+08,,,1.09e+09,1.926e+10,4.02e+08,3e+06
LHX,2022-07-01,2022-07-29,2022-07-29,4135000000,1228000000.0,,471000000,1.94e+08,1,1.94e+08,1.12,1.12,1.241e+09,1.9086e+10,4.2e+08,2e+06
LHX,2022-09-30,2022-10-31,2022-10-31,4246000000,1194000000.0,,-300000000,1.913e+08,1,1.913e+08,1.12,1.12,1.339e+09,1.8337e+10,5.29e+08,2e+06
LHX,2022-12-30,2023-02-24,2023-02-24,4578000000,1294000000.0,,416000000,1.935e+08,1,1.935e+08,,,1.291e+09,1.8523e+10,8.8e+08,6.227e+09
LHX,2023-03-31,2023-04-28,2023-04-28,4471000000,1166000000.0,393000000.0,337000000,1.912e+08,1,1.912e+08,1.14,1.14,1.541e+09,1.8306e+10,5.45e+08,8.222e+09
LHX,2023-06-30,2023-07-26,2023-07-26,4693000000,1217000000.0,400000000.0,349000000,1.901e+08,1,1.901e+08,1.14,1.14,1.555e+09,1.8428e+10,3.66e+08,8.449e+09
LHX,2023-09-29,2023-10-27,2023-10-27,4915000000,1307000000.0,479000000.0,383000000,1.901e+08,1,1.901e+08,1.14,1.14,1.638e+09,1.8616e+10,4.99e+08,1.3173e+10
LHX,2023-12-29,2024-02-20,2024-02-20,5340000000,1423000000.0,154000000.0,158000000,1.906e+08,1,1.906e+08,1.1399999999999997,1.1399999999999997,1.472e+09,1.8765e+10,5.6e+08,1.2762e+10
LHX,2024-03-29,2024-04-26,2024-04-26,5211000000,1348000000.0,378000000.0,283000000,1.908e+08,1,1.908e+08,1.16,1.16,1.476e+09,1.8666e+10,4.77e+08,1.3343e+10
LHX,2024-06-28,2024-07-26,2024-07-26,5299000000,1360000000.0,476000000.0,366000000,1.906e+08,1,1.906e+08,1.16,1.16,1.432e+09,1.884e+10,5.47e+08,1.2635e+10
LHX,2024-09-27,2024-10-25,2024-10-25,5292000000,1419000000.0,495000000.0,400000000,1.905e+08,1,1.905e+08,1.16,1.16,1.399e+09,1.8998e+10,5.39e+08,1.227e+10
LHX,2025-01-03,2025-02-14,2025-02-14,5523000000,1397000000.0,569000000.0,453000000,1.907e+08,1,1.907e+08,1.1600000000000001,1.1600000000000001,1.33e+09,1.9514e+10,6.15e+08,1.1596e+10
LHX,2025-03-28,2025-04-24,2025-04-24,5132000000,1350000000.0,525000000.0,386000000,1.891e+08,1,1.891e+08,1.2,1.2,1.252e+09,1.9131e+10,5.17e+08,1.1512e+10
LHX,2025-06-27,2025-07-24,2025-07-24,5426000000,1335000000.0,571000000.0,458000000,1.878e+08,1,1.878e+08,1.2,1.2,1.258e+09,1.9278e+10,4.82e+08,1.1961e+10
TSLA,2010-03-31,2012-03-28,2012-03-28,20812000,3852000,,-29519000,,15,,,,,,,0
TSLA,2010-06-30,2011-08-12,2011-08-12,28405000,6261000,-31362000.0,-38517000,,15,,,,,,4.7304e+07,0
TSLA,2010-09-30,2011-11-14,2011-11-14,31241000,9296000,-37834000.0,-34935000,,15,,,,,,9.6563e+07,0
TSLA,2010-12-31,2012-03-28,2012-03-28,36286000,11321000,,-51358000,,15,,,,4.5182e+07,2.07048e+08,9.9558e+07,7.1828e+07
TSLA,2011-03-31,2012-03-28,2012-03-28,49030000,18028000,-47346000.0,-48941000,,15,,,,,,1.00655e+08,0
TSLA,2011-06-30,2011-08-12,2011-08-12,58171000,18508000,-58739000.0,-58903000,,15,,,,5.4312e+07,3.48452e+08,3.1938e+08,1.34177e+08
TSLA,2011-09-30,2011-11-14,2011-11-14,57666000,17224000,-64477000.0,-65078000,,15,,,,4.9216e+07,2.94118e+08,2.78388e+08,2.25e+08
TSLA,2011-12-31,2012-03-28,2012-03-28,39375000,7835000,-80926000.0,-81488000,,15,,,,5.0082e+07,2.24045e+08,2.80327e+08,2.76251e+08
TSLA,2012-03-31,2012-05-10,2012-05-10,30167000,10210000,-88763000.0,-89873000,1.04784e+08,15,1.57177e+09,,,5.5427e+07,1.53874e+08,2.43579e+08,3.60517e+08
TSLA,2012-06-30,2012-08-02,2012-08-02,26653000,4762000,-106175000.0,-105603000,1.04784e+08,15,1.57177e+09,,,6.6669e+07,6.2215e+07,2.10554e+08,4.31792e+08
TSLA,2012-09-30,2012-11-07,2012-11-07,50104000,-8761000,-108460000.0,-110804000,1.04784e+08,15,1.57177e+09,,,1.59048e+08,-2.7875e+07,8.5693e+07,4.65048e+08
TSLA,2012-12-31,2013-03-07,2013-03-07,306332000,23857000,-90885000.0,-89932000,1.07349e+08,15,1.61024e+09,,,2.68504e+08,1.247e+08,2.0189e+08,5.03177e+08
TSLA,2013-03-31,2013-05-10,2013-05-10,561792000,96320000,-5584000.0,11248000,1.24265e+08,15,1.86398e+09,,,2.37618e+08,1.68583e+08,2.14417e+08,4.39626e+08
TSLA,2013-06-30,2013-08-09,2013-08-09,405139000,100483000,-11792000.0,-30502000,1.17315e+08,15,1.75973e+09,,,2.54891e+08,6.29426e+08,7.46057e+08,5.7874e+08
TSLA,2013-09-30,2013-11-08,2013-11-08,431346000,102868000,-30554000.0,-38496000,1.21862e+08,15,1.82794e+09,,,3.47545e+08,5.64165e+08,7.95116e+08,5.825e+08
TSLA,2013-12-31,2014-02-26,2014-02-26,615219000,156590000,-13353000.0,-16264000,1.19421e+08,15,1.79132e+09,,,3.40355e+08,6.6712e+08,8.45889e+08,0
TSLA,2014-03-31,2014-05-09,2014-05-09,620542000,155128000,-43967000.0,-49800000,1.23473e+08,15,1.85209e+09,,,4.5073e+08,9.12056e+08,2.58302e+09,1.51997e+09
TSLA,2014-06-30,2014-08-08,2014-08-08,769349000,212995000,-28753000.0,-61900000,1.2425e+08,15,1.86376e+09,,,5.96927e+08,9.52333e+08,2.67491e+09,5.937e+08
TSLA,2014-09-30,2014-11-07,2014-11-07,851804000,251851000,-39129000.0,-74708000,1.24911e+08,15,1.87366e+09,,,7.52492e+08,9.58094e+08,2.37074e+09,5.976e+08
TSLA,2014-12-31,2015-02-26,2015-02-26,956661000,261697000,-74840000.0,-107630000,1.24539e+08,15,1.86809e+09,,,9.53675e+08,9.1171e+08,1.90571e+09,2.9598e+09
TSLA,2015-03-31,2015-05-11,2015-05-11,939880000,260073000,-102446000.0,-154181000,1.25947e+08,15,1.8892e+09,,,1.05484e+09,8.25997e+08,1.51008e+09,0
TSLA,2015-06-30,2015-08-07,2015-08-07,954976000,213370000,-170188000.0,-184227000,1.26689e+08,15,1.90033e+09,,,1.21228e+09,7.15934e+08,1.15067e+09,0
TSLA,2015-09-30,2015-11-05,2015-11-05,936789000,231496000,-183662000.0,-229858000,1.29006e+08,15,1.93509e+09,,,1.29372e+09,1.31466e+09,1.42604e+09,0
TSLA,2015-12-31,2016-02-24,2016-02-24,1214379000,218564000,-260333000.0,-320397000,1.28202e+08,15,1.92303e+09,,,1.27784e+09,1.08894e+09,1.21361e+09,0
TSLA,2016-03-31,2016-05-10,2016-05-10,1147048000,252468000,-248224000.0,-282267000,1.32676e+08,15,1.99014e+09,,,1.30196e+09,9.70365e+08,1.44179e+09,0
TSLA,2016-06-30,2016-08-05,2016-08-05,1270017000,274776000,-238040000.0,-293188000,1.39983e+08,15,2.09974e+09,,,1.60961e+09,2.52029e+09,3.2463e+09,0
TSLA,2016-09-30,2016-11-02,2016-11-02,2298436000,636735000,85622000.0,21878000,1.56935e+08,15,2.35402e+09,,,1.60457e+09,2.68049e+09,3.08426e+09,0
TSLA,2016-12-31,2017-03-01,2017-03-01,2284631000,435278000,-266698000.0,-121337000,1.44212e+08,15,2.16318e+09,,,2.06745e+09,4.75291e+09,3.39322e+09,7.00667e+06
TSLA,2017-03-31,2017-05-10,2017-05-10,2696270000,667946000,-257549000.0,-330277000,1.62129e+08,15,2.43194e+09,,,2.22034e+09,4.98772e+09,4.00659e+09,7.89167e+09
TSLA,2017-06-30,2017-08-04,2017-08-04,2789557000,666615000,-240916000.0,-336397000,1.65212e+08,15,2.47818e+09,,,2.43811e+09,5.10575e+09,3.03592e+09,7.51585e+09
TSLA,2017-09-30,2017-11-03,2017-11-03,2984675000,449140000,-535480000.0,-619376000,1.67294e+08,15,2.50941e+09,,,2.47138e+09,4.71148e+09,3.53003e+09,9.42524e+09
TSLA,2017-12-31,2018-02-23,2018-02-23,3288249000,438786000,-598141000.0,-675350000,1.65758e+08,15,2.48637e+09,,,2.26354e+09,4.23724e+09,3.36791e+09,9.62883e+09
TSLA,2018-03-31,2018-05-07,2018-05-07,3408751000,456526000,-596974000.0,-709551000,1.69146e+08,15,2.53719e+09,,,2.56583e+09,4.4507e+09,2.66567e+09,9.97521e+09
TSLA,2018-06-30,2018-08-06,2018-08-06,4002231000,618930000,-621392000.0,-717539000,1.69997e+08,15,2.54996e+09,,,3.32464e+09,3.90642e+09,2.23642e+09,1.0465e+10
TSLA,2018-09-30,2018-11-02,2018-11-02,6824413000,1523665000,416757000.0,311516000,1.78196e+08,15,2.67294e+09,,,3.31413e+09,4.50884e+09,2.9675e+09,1.04986e+10
TSLA,2018-12-31,2019-02-19,2019-02-19,7225873000,1442900000,413536000.0,139483000,1.70525e+08,15,2.55788e+09,,,3.11345e+09,4.92324e+09,3.68562e+09,1.06325e+10
TSLA,2019-03-31,2019-04-29,2019-04-29,4541464000,565743000,-521831000.0,-702135000,1.72989e+08,15,2.59484e+09,,,3.83685e+09,4.6056e+09,2.19817e+09,1.00026e+10
TSLA,2019-06-30,2019-07-29,2019-07-29,6349676000,921046000,-167458000.0,-408334000,1.76654e+08,15,2.64981e+09,,,3.38236e+09,5.71539e+09,4.95474e+09,1.13657e+10
TSLA,2019-09-30,2019-10-29,2019-10-29,6303000000,1191000000,261000000.0,143000000,1.84e+08,15,2.76e+09,,,3.581e+09,6.04e+09,5.338e+09,1.1739e+10
TSLA,2019-12-31,2020-02-13,2020-02-13,7384000000,1391000000,359289000.0,105000000,1.77e+08,15,2.655e+09,,,3.552e+09,6.618e+09,6.268e+09,1.1801e+10
TSLA,2020-03-31,2020-04-30,2020-04-30,5985000000,1234000000,283000000.0,16000000,1.99e+08,15,2.985e+09,,,4.494e+09,9.173e+09,8.08e+09,1.233e+10
TSLA,2020-06-30,2020-07-28,2020-07-28,6036000000,1267000000,327000000.0,104000000,2.07e+08,15,3.105e+09,,,4.018e+09,9.855e+09,8.615e+09,1.2564e+10
TSLA,2020-09-30,2020-10-26,2020-10-26,8771000000,2063000000,809000000.0,331000000,1.105e+09,3,3.315e+09,,,4.218e+09,1.6031e+10,1.4531e+10,1.2194e+10
TSLA,2020-12-31,2021-02-08,2021-02-08,10744000000,2066000000,575000000.0,270000000,1.083e+09,3,3.249e+09,,,4.101e+09,2.2225e+10,1.9384e+10,1.022e+10
TSLA,2021-03-31,2021-04-28,2021-04-28,10389000000,2215000000,594000000.0,438000000,1.133e+09,3,3.399e+09,,,4.132e+09,2.3017e+10,1.7141e+10,9.434e+09
TSLA,2021-06-30,2021-07-27,2021-07-27,11958000000,2884000000,1312000000.0,1142000000,1.119e+09,3,3.357e+09,,,4.733e+09,2.4804e+10,1.6229e+10,7.96e+09
TSLA,2021-09-30,2021-10-25,2021-10-25,13757000000,3660000000,2004000000.0,1618000000,1.123e+09,3,3.369e+09,,,5.199e+09,2.7053e+10,1.6095e+10,6.646e+09
TSLA,2021-12-31,2022-02-07,2022-02-07,17719000000,4847000000,2613000000.0,2321000000,1.129e+09,3,3.387e+09,,,5.757e+09,3.0189e+10,1.7707e+10,5.342e+09
TSLA,2022-03-31,2022-04-25,2022-04-25,18756000000,5460000000,3603000000.0,3318000000,1.157e+09,3,3.471e+09,,,6.691e+09,3.4085e+10,1.8013e+10,3.421e+09
TSLA,2022-06-30,2022-07-25,2022-07-25,16934000000,4234000000,2464000000.0,2259000000,1.155e+09,3,3.465e+09,,,8.108e+09,3.6376e+10,1.8915e+10,3.152e+09
TSLA,2022-09-30,2022-10-24,2022-10-24,21454000000,5382000000,3688000000.0,3292000000,3.468e+09,1,3.468e+09,,,1.0327e+10,3.9851e+10,2.1107e+10,2.397e+09
TSLA,2022-12-31,2023-01-31,2023-01-31,24318000000,5777000000,3901000000.0,3687000000,3.475e+09,1,3.475e+09,,,1.2839e+10,4.4704e+10,2.2185e+10,2.045e+09
TSLA,2023-03-31,2023-04-24,2023-04-24,23329000000,4511000000,2664000000.0,2513000000,3.468e+09,1,3.468e+09,,,1.4375e+10,4.8054e+10,2.2402e+10,1.752e+09
TSLA,2023-06-30,2023-07-24,2023-07-24,24927000000,4533000000,2399000000.0,2703000000,3.478e+09,1,3.478e+09,,,1.4356e+10,5.113e+10,2.3075e+10,1.519e+09
TSLA,2023-09-30,2023-10-23,2023-10-23,23350000000,4178000000,1764000000.0,1853000000,3.493e+09,1,3.493e+09,,,1.3721e+10,5.3466e+10,2.6077e+10,3.704e+09
TSLA,2023-12-31,2024-01-29,2024-01-29,25167000000,4438000000,2064000000.0,7928000000,3.485e+09,1,3.485e+09,,,1.3626e+10,6.2634e+10,2.9094e+10,4.657e+09
TSLA,2024-03-31,2024-04-24,2024-04-24,21301000000,3696000000,1171000000.0,1129000000,3.484e+09,1,3.484e+09,,,1.6033e+10,6.4378e+10,2.6863e+10,4.874e+09
TSLA,2024-06-30,2024-07-24,2024-07-24,25500000000,4578000000,1605000000.0,1478000000,3.481e+09,1,3.481e+09,,,1.4195e+10,6.6468e+10,3.072e+10,7.362e+09
TSLA,2024-09-30,2024-10-24,2024-10-24,25182000000,4997000000,2717000000.0,2167000000,3.497e+09,1,3.497e+09,,,1.453e+10,6.9931e+10,3.3648e+10,7.39e+09
TSLA,2024-12-31,2025-01-30,2025-01-30,25707000000,4179000000,1583000000.0,2317000000,3.498e+09,1,3.498e+09,,,1.2017e+10,7.2913e+10,3.6563e+10,7.878e+09
TSLA,2025-03-31,2025-04-23,2025-04-23,19335000000,3153000000,399000000.0,409000000,3.521e+09,1,3.521e+09,,,1.3706e+10,7.4653e+10,3.6996e+10,7.244e+09
TSLA,2025-06-30,2025-07-24,2025-07-24,22496000000,3878000000,923000000.0,1172000000,3.519e+09,1,3.519e+09,,,1.457e+10,7.7314e+10,3.6782e+10,6.956e+09
