ticker,cik,sector,gics,start,end,note
AOS,91142,gics_indu,Industrials,,,
ABT,1800,gics_health,Health Care,2013-01-31,,分拆 2013-01-02×2.0842
ABBV,1551152,gics_health,Health Care,,,
ACN,1467373,itservices,Information Technology,,,
ADBE,796343,software,Information Technology,,,
AMD,2488,semis,Information Technology,,,
AES,874761,gics_util,Utilities,,,
AFL,4977,gics_fin,Financials,,,
A,1090872,gics_health,Health Care,2014-11-30,,分拆 2014-11-03×1.398
APD,2969,gics_mat,Materials,2016-10-31,,分拆 2016-10-03×1.081
ABNB,1559720,gics_discr,Consumer Discretionary,,,
AKAM,1086222,internet,Information Technology,,,
ALB,915913,gics_mat,Materials,,,
ARE,1035443,gics_re,Real Estate,,,
ALGN,1097149,gics_health,Health Care,,,
ALLE,1579241,gics_indu,Industrials,,,
LNT,352541,gics_util,Utilities,,,
ALL,899051,gics_fin,Financials,,,
GOOGL,1652044,internet,Communication Services,,,
MO,764180,gics_staples,Consumer Staples,,,
AMZN,1018724,internet,Consumer Discretionary,,,
AMCR,1748790,gics_mat,Materials,,,
AEE,1002910,gics_util,Utilities,,,
AEP,4904,gics_util,Utilities,,,
AXP,4962,gics_fin,Financials,,,
AIG,5272,gics_fin,Financials,,,
AMT,1053507,gics_re,Real Estate,,,
AWK,1410636,gics_util,Utilities,,,
AMP,820027,gics_fin,Financials,,,
AME,1037868,gics_indu,Industrials,,,
AMGN,318154,gics_health,Health Care,,,
APH,820313,hardware,Information Technology,,,
ADI,6281,semis,Information Technology,,,
AON,315293,gics_fin,Financials,,,
APO,1858681,gics_fin,Financials,,,
AAPL,320193,hardware,Information Technology,,,
AMAT,6951,semicap,Information Technology,,,
APTV,1521332,gics_discr,Consumer Discretionary,2017-12-31,,分拆 2017-12-05×1.193
ACGL,947484,gics_fin,Financials,,,
ADM,7084,gics_staples,Consumer Staples,,,
ANET,1596532,hardware,Information Technology,,,
AJG,354190,gics_fin,Financials,,,
AIZ,1267238,gics_fin,Financials,,,
T,732717,gics_comm,Communication Services,,,
ATO,731802,gics_util,Utilities,,,
ADSK,769397,software,Information Technology,,,
ADP,8670,gics_indu,Industrials,2014-10-31,,分拆 2014-10-01×1.139
AZO,866787,gics_discr,Consumer Discretionary,,,
AVB,915912,gics_re,Real Estate,,,
AVY,8818,gics_mat,Materials,,,
AXON,1069183,gics_indu,Industrials,,,
BKR,1701605,gics_energy,Energy,,,
BALL,9389,gics_mat,Materials,,,
BAC,70858,gics_fin,Financials,,,
BAX,10456,gics_health,Health Care,2015-07-31,,分拆 2015-07-01×1.841
BDX,10795,gics_health,Health Care,2022-04-30,,分拆 2022-04-01×1.025
BBY,764478,gics_discr,Consumer Discretionary,,,
TECH,842023,gics_health,Health Care,,,
BIIB,875045,gics_health,Health Care,,,
BX,1393818,gics_fin,Financials,,,
XYZ,1512673,gics_fin,Financials,,,
BK,1390777,gics_fin,Financials,,,
BA,12927,gics_indu,Industrials,,,
BKNG,1075531,gics_discr,Consumer Discretionary,,,
BSX,885725,gics_health,Health Care,,,
BMY,14272,gics_health,Health Care,,,
AVGO,1730168,semis,Information Technology,,,
BR,1383312,gics_indu,Industrials,,,
BRO,79282,gics_fin,Financials,,,
BLDR,1316835,gics_indu,Industrials,,,
BG,1996862,gics_staples,Consumer Staples,,,
BXP,1037540,gics_re,Real Estate,,,
CHRW,1043277,gics_indu,Industrials,,,
CDNS,813672,software,Information Technology,,,
CZR,1590895,gics_discr,Consumer Discretionary,,,
CPT,906345,gics_re,Real Estate,,,
CPB,16732,gics_staples,Consumer Staples,,,
COF,927628,gics_fin,Financials,,,
CAH,721371,gics_health,Health Care,,,
KMX,1170010,gics_discr,Consumer Discretionary,,,
CCL,815097,gics_discr,Consumer Discretionary,,,
CARR,1783180,gics_indu,Industrials,,,
CAT,18230,gics_indu,Industrials,,,
CBOE,1374310,gics_fin,Financials,,,
CBRE,1138118,gics_re,Real Estate,,,
CDW,1402057,itservices,Information Technology,,,
COR,1140859,gics_health,Health Care,,,
CNC,1071739,gics_health,Health Care,,,
CNP,1130310,gics_util,Utilities,,,
CF,1324404,gics_mat,Materials,,,
CRL,1100682,gics_health,Health Care,,,
SCHW,316709,gics_fin,Financials,,,
CHTR,1091667,gics_comm,Communication Services,,,
CVX,93410,gics_energy,Energy,,,
CMG,1058090,gics_discr,Consumer Discretionary,,,
CB,896159,gics_fin,Financials,,,
CHD,313927,gics_staples,Consumer Staples,,,
CI,1739940,gics_health,Health Care,,,
CINF,20286,gics_fin,Financials,,,
CTAS,723254,gics_indu,Industrials,,,
CSCO,858877,hardware,Information Technology,,,
C,831001,gics_fin,Financials,,,
CFG,759944,gics_fin,Financials,,,
CLX,21076,gics_staples,Consumer Staples,,,
CME,1156375,gics_fin,Financials,,,
CMS,811156,gics_util,Utilities,,,
KO,21344,gics_staples,Consumer Staples,,,
CTSH,1058290,itservices,Information Technology,,,
COIN,1679788,gics_fin,Financials,,,
CL,21665,gics_staples,Consumer Staples,,,
CMCSA,1166691,gics_comm,Communication Services,,,
CAG,23217,gics_staples,Consumer Staples,2016-11-30,,分拆 2016-11-10×1.285
COP,1163165,gics_energy,Energy,2012-05-31,,分拆 2012-05-01×1.31179
ED,1047862,gics_util,Utilities,,,
STZ,16918,gics_staples,Consumer Staples,,,
CEG,1868275,gics_util,Utilities,,,
COO,711404,gics_health,Health Care,,,
CPRT,900075,gics_indu,Industrials,,,
GLW,24741,hardware,Information Technology,,,
CPAY,1175454,gics_fin,Financials,,,
CTVA,1755672,gics_mat,Materials,,,
CSGP,1057352,gics_re,Real Estate,,,
COST,909832,gics_staples,Consumer Staples,,,
CTRA,858470,gics_energy,Energy,,,
CRWD,1535527,software,Information Technology,,,
CCI,1051470,gics_re,Real Estate,,,
CSX,277948,gics_indu,Industrials,,,
CMI,26172,gics_indu,Industrials,,,
CVS,64803,gics_health,Health Care,,,
DRI,940944,gics_discr,Consumer Discretionary,2015-11-30,,分拆 2015-11-10×1.11869
DDOG,1561550,gics_it,Information Technology,,,
DVA,927066,gics_health,Health Care,,,
DAY,1725057,gics_indu,Industrials,,,
DECK,910521,gics_discr,Consumer Discretionary,,,
DE,315189,gics_indu,Industrials,,,
DELL,1571996,hardware,Information Technology,2021-12-01,,分拆 2018-12-28×1.806;2021-11-02×1.973
DAL,27904,gics_indu,Industrials,,,
DVN,1090012,gics_energy,Energy,,,
DXCM,1093557,gics_health,Health Care,,,
FANG,1539838,gics_energy,Energy,,,
DLR,1297996,gics_re,Real Estate,,,
DG,29534,gics_staples,Consumer Staples,,,
DLTR,935703,gics_staples,Consumer Staples,,,
D,715957,gics_util,Utilities,,,
DPZ,1286681,gics_discr,Consumer Discretionary,,,
DASH,1792789,gics_discr,Consumer Discretionary,,,
DOV,29905,gics_indu,Industrials,2014-03-31,,分拆 2014-03-03×1.205
DOW,1751788,gics_mat,Materials,,,
DHI,882184,gics_discr,Consumer Discretionary,,,
DUK,1326160,gics_util,Utilities,,,
DD,1666700,gics_mat,Materials,2019-06-30,,分拆 2019-06-03×0.4725
EMN,915389,gics_mat,Materials,,,
ETN,1551182,gics_indu,Industrials,,,
EBAY,1065088,internet,Consumer Discretionary,2015-08-01,,分拆 2015-07-20×2.376
ECL,31462,gics_mat,Materials,,,
EIX,827052,gics_util,Utilities,,,
EW,1099800,gics_health,Health Care,,,
EA,712515,internet,Communication Services,,,
ELV,1156039,gics_health,Health Care,,,
EMR,32604,gics_indu,Industrials,,,
ENPH,1463101,gics_it,Information Technology,,,
ETR,65984,gics_util,Utilities,,,
EOG,821189,gics_energy,Energy,,,
EPAM,1352010,itservices,Information Technology,,,
EQT,33213,gics_energy,Energy,2018-11-30,,分拆 2018-11-13×1.837
EFX,33185,gics_indu,Industrials,,,
EQIX,1101239,gics_re,Real Estate,,,
EQR,906107,gics_re,Real Estate,,,
ERIE,922621,gics_fin,Financials,,,
ESS,920522,gics_re,Real Estate,,,
EL,1001250,gics_staples,Consumer Staples,,,
EG,1095073,gics_fin,Financials,,,
EVRG,1711269,gics_util,Utilities,,,
ES,72741,gics_util,Utilities,,,
EXC,1109357,gics_util,Utilities,2022-02-28,,分拆 2022-02-02×1.402
EXE,895126,gics_energy,Energy,,,
EXPE,1324424,gics_discr,Consumer Discretionary,,,
EXPD,746515,gics_indu,Industrials,,,
EXR,1289490,gics_re,Real Estate,,,
XOM,34088,gics_energy,Energy,,,
FFIV,1048695,hardware,Information Technology,,,
FDS,1013237,gics_fin,Financials,,,
FICO,814547,software,Information Technology,,,
FAST,815556,gics_indu,Industrials,,,
FRT,34903,gics_re,Real Estate,,,
FDX,1048911,gics_indu,Industrials,,,
FIS,1136893,gics_fin,Financials,,,
FITB,35527,gics_fin,Financials,,,
FSLR,1274494,gics_it,Information Technology,,,
FE,1031296,gics_util,Utilities,,,
FI,798354,gics_fin,Financials,,,
F,37996,gics_discr,Consumer Discretionary,,,
FTNT,1262039,software,Information Technology,,,
FTV,1659166,gics_indu,Industrials,2020-10-31,,分拆 2020-10-09×1.195
FOXA,1754301,gics_comm,Communication Services,,,
BEN,38777,gics_fin,Financials,,,
FCX,831259,gics_mat,Materials,,,
GRMN,1121788,gics_discr,Consumer Discretionary,,,
IT,749251,itservices,Information Technology,,,
GE,40545,gics_indu,Industrials,2023-01-31,,分拆 2019-02-26×1.04;2023-01-04×1.281
GEHC,1932393,gics_health,Health Care,,,
GEN,849399,gics_it,Information Technology,,,
GNRC,1474735,gics_indu,Industrials,,,
GD,40533,gics_indu,Industrials,,,
GIS,40704,gics_staples,Consumer Staples,,,
GM,1467858,gics_discr,Consumer Discretionary,,,
GPC,40987,gics_discr,Consumer Discretionary,,,
GILD,882095,gics_health,Health Care,,,
GPN,1123360,gics_fin,Financials,,,
GL,320335,gics_fin,Financials,,,
GDDY,1609711,gics_it,Information Technology,,,
GS,886982,gics_fin,Financials,,,
HAL,45012,gics_energy,Energy,,,
HIG,874766,gics_fin,Financials,,,
HAS,46080,gics_discr,Consumer Discretionary,,,
HCA,860730,gics_health,Health Care,,,
DOC,765880,gics_re,Real Estate,2016-11-30,,分拆 2016-11-01×1.098
HSIC,1000228,gics_health,Health Care,2019-02-28,,分拆 2019-02-08×1.275
HSY,47111,gics_staples,Consumer Staples,,,
HPE,1645590,hardware,Information Technology,2017-09-30,,分拆 2017-09-01×1.289
HLT,1585689,gics_discr,Consumer Discretionary,2017-01-31,,分拆 2017-01-04×0.487329
HOLX,859737,gics_health,Health Care,,,
HD,354950,gics_discr,Consumer Discretionary,,,
HON,773840,gics_indu,Industrials,2018-10-31,,分拆 2016-10-03×1.00533;2018-10-01×1.011;2018-10-29×1.032
HRL,48465,gics_staples,Consumer Staples,,,
HST,1070750,gics_re,Real Estate,2009-11-30,,分拆 2009-11-04×1.0215
HWM,4281,gics_indu,Industrials,,,
HPQ,47217,hardware,Information Technology,2015-11-30,,分拆 2015-11-02×2.202
HUBB,48898,gics_indu,Industrials,,,
HUM,49071,gics_health,Health Care,,,
HBAN,49196,gics_fin,Financials,,,
HII,1501585,gics_indu,Industrials,,,
IBM,51143,itservices,Information Technology,2021-11-30,,分拆 2021-11-04×1.046
IEX,832101,gics_indu,Industrials,,,
IDXX,874716,gics_health,Health Care,,,
ITW,49826,gics_indu,Industrials,,,
INCY,879169,gics_health,Health Care,,,
IR,1699150,gics_indu,Industrials,,,
PODD,1145197,gics_health,Health Care,,,
INTC,50863,semis,Information Technology,,,
IBKR,1381197,gics_fin,Financials,,,
ICE,1571949,gics_fin,Financials,,,
IFF,51253,gics_mat,Materials,,,
IP,51434,gics_mat,Materials,2021-10-31,,分拆 2014-07-02×1.014;2021-10-01×1.056
IPG,51644,gics_comm,Communication Services,,,
INTU,896878,software,Information Technology,,,
ISRG,1035267,gics_health,Health Care,,,
IVZ,914208,gics_fin,Financials,,,
INVH,1687229,gics_re,Real Estate,,,
IQV,1478242,gics_health,Health Care,,,
IRM,1020569,gics_re,Real Estate,2014-09-30,,分拆 2014-09-26×1.082
JBHT,728535,gics_indu,Industrials,,,
JBL,898293,hardware,Information Technology,,,
JKHY,779152,gics_fin,Financials,,,
JNJ,200406,gics_health,Health Care,,,
JCI,833444,gics_indu,Industrials,2016-09-30,,分拆 2016-09-06×0.955
JPM,19617,gics_fin,Financials,,,
KVUE,1944048,gics_staples,Consumer Staples,,,
KDP,1418135,gics_staples,Consumer Staples,,,
KEY,91576,gics_fin,Financials,,,
KEYS,1601046,hardware,Information Technology,,,
KMB,55785,gics_staples,Consumer Staples,2014-11-30,,分拆 2014-11-03×1.043
KIM,879101,gics_re,Real Estate,,,
KMI,1506307,gics_energy,Energy,,,
KKR,1404912,gics_fin,Financials,,,
KLAC,319201,semicap,Information Technology,,,
KHC,1637459,gics_staples,Consumer Staples,,,
KR,56873,gics_staples,Consumer Staples,,,
LHX,202058,gics_indu,Industrials,2009-05-31,,分拆 2009-05-11×1.05843
LH,920148,gics_health,Health Care,2023-07-31,,分拆 2023-07-03×1.164
LRCX,707549,semicap,Information Technology,,,
LW,1679273,gics_staples,Consumer Staples,,,
LVS,1300514,gics_discr,Consumer Discretionary,,,
LDOS,1336920,gics_indu,Industrials,2013-09-30,,分拆 2013-09-30×0.405
LII,1069202,gics_indu,Industrials,,,
LLY,59478,gics_health,Health Care,,,
LIN,1707925,gics_mat,Materials,,,
LYV,1335258,gics_comm,Communication Services,,,
LKQ,1065696,gics_discr,Consumer Discretionary,,,
LMT,936468,gics_indu,Industrials,,,
L,60086,gics_fin,Financials,,,
LOW,60667,gics_discr,Consumer Discretionary,,,
LULU,1397187,gics_discr,Consumer Discretionary,,,
LYB,1489393,gics_mat,Materials,,,
MPC,1510295,gics_energy,Energy,,,
MKTX,1278021,gics_fin,Financials,,,
MAR,1048286,gics_discr,Consumer Discretionary,2011-11-30,,分拆 2009-06-23×1.004;2009-08-18×1.004;2009-11-17×1.003;2011-11-22×1.061
MMC,62709,gics_fin,Financials,,,
MLM,916076,gics_mat,Materials,,,
MAS,62996,gics_indu,Industrials,2015-07-31,,分拆 2015-07-01×1.138
MA,1141391,gics_fin,Financials,,,
MTCH,891103,gics_comm,Communication Services,2020-07-31,,分拆 2008-08-21×1.146;2020-07-01×3.502
MKC,63754,gics_staples,Consumer Staples,,,
MCD,63908,gics_discr,Consumer Discretionary,,,
MCK,927653,gics_health,Health Care,,,
MDT,1613103,gics_health,Health Care,,,
MRK,310158,gics_health,Health Care,2021-06-30,,分拆 2021-06-03×1.048
META,1326801,internet,Communication Services,,,
MET,1099219,gics_fin,Financials,2017-08-31,,分拆 2017-08-07×1.122
MTD,1037646,gics_health,Health Care,,,
MGM,789570,gics_discr,Consumer Discretionary,,,
MCHP,827054,semis,Information Technology,,,
MU,723125,memory,Information Technology,,,
MSFT,789019,software,Information Technology,,,
MAA,912595,gics_re,Real Estate,,,
MRNA,1682852,gics_health,Health Care,,,
MHK,851968,gics_discr,Consumer Discretionary,,,
MOH,1179929,gics_health,Health Care,,,
TAP,24545,gics_staples,Consumer Staples,,,
MDLZ,1103982,gics_staples,Consumer Staples,,,
MPWR,1280452,semis,Information Technology,,,
MNST,865752,gics_staples,Consumer Staples,,,
MCO,1059556,gics_fin,Financials,,,
MS,895421,gics_fin,Financials,,,
MOS,1285785,gics_mat,Materials,,,
MSI,68505,hardware,Information Technology,2011-02-01,,分拆 2011-01-04×0.247372
MSCI,1408198,gics_fin,Financials,,,
NDAQ,1120193,gics_fin,Financials,,,
NTAP,1002047,hardware,Information Technology,,,
NFLX,1065280,internet,Communication Services,,,
NEM,1164727,gics_mat,Materials,,,
NWSA,1564708,gics_comm,Communication Services,,,
NEE,753308,gics_util,Utilities,,,
NKE,320187,gics_discr,Consumer Discretionary,,,
NI,1111711,gics_util,Utilities,2015-07-31,,分拆 2015-07-02×2.545
NDSN,72331,gics_indu,Industrials,,,
NSC,702165,gics_indu,Industrials,,,
NTRS,73124,gics_fin,Financials,,,
NOC,1133421,gics_indu,Industrials,2011-03-31,,分拆 2011-03-31×1.10681
NCLH,1513761,gics_discr,Consumer Discretionary,,,
NRG,1013871,gics_util,Utilities,,,
NUE,73309,gics_mat,Materials,,,
NVDA,1045810,semis,Information Technology,,,
NVR,906163,gics_discr,Consumer Discretionary,,,
NXPI,1413447,semis,Information Technology,,,
ORLY,898173,gics_discr,Consumer Discretionary,,,
OXY,797468,gics_energy,Energy,2016-02-29,,分拆 2014-12-01×1.042;2016-02-25×1.0017
ODFL,878927,gics_indu,Industrials,,,
OMC,29989,gics_comm,Communication Services,,,
ON,1097864,semis,Information Technology,,,
OKE,1039684,gics_energy,Energy,2014-02-28,,分拆 2014-02-03×1.1422
ORCL,1341439,software,Information Technology,,,
OTIS,1781335,gics_indu,Industrials,,,
PCAR,75362,gics_indu,Industrials,,,
PKG,75677,gics_mat,Materials,,,
PLTR,1321655,software,Information Technology,,,
PANW,1327567,software,Information Technology,,,
PH,76334,gics_indu,Industrials,,,
PAYX,723531,gics_indu,Industrials,,,
PAYC,1590955,gics_indu,Industrials,,,
PYPL,1633917,gics_fin,Financials,,,
PNR,77360,gics_indu,Industrials,,,
PEP,77476,gics_staples,Consumer Staples,,,
PFE,78003,gics_health,Health Care,2020-11-30,,分拆 2020-11-17×1.054
PCG,1004980,gics_util,Utilities,,,
PM,1413329,gics_staples,Consumer Staples,,,
PSX,1534701,gics_energy,Energy,,,
PNW,764622,gics_util,Utilities,,,
PNC,713676,gics_fin,Financials,,,
POOL,945841,gics_discr,Consumer Discretionary,,,
PPG,79879,gics_mat,Materials,,,
PPL,922224,gics_util,Utilities,2015-06-30,,分拆 2015-06-02×1.07365
PFG,1126328,gics_fin,Financials,,,
PG,80424,gics_staples,Consumer Staples,,,
PGR,80661,gics_fin,Financials,,,
PLD,1045609,gics_re,Real Estate,,,
PRU,1137774,gics_fin,Financials,,,
PEG,788784,gics_util,Utilities,,,
PTC,857005,software,Information Technology,,,
PSA,1393311,gics_re,Real Estate,,,
PHM,822416,gics_discr,Consumer Discretionary,,,
PWR,1050915,gics_indu,Industrials,,,
QCOM,804328,semis,Information Technology,,,
DGX,1022079,gics_health,Health Care,,,
RL,1037038,gics_discr,Consumer Discretionary,,,
RJF,720005,gics_fin,Financials,,,
RTX,101829,gics_indu,Industrials,2020-04-30,,分拆 2020-04-03×1.589
O,726728,gics_re,Real Estate,2021-11-30,,分拆 2021-11-15×1.032
REG,910606,gics_re,Real Estate,,,
REGN,872589,gics_health,Health Care,,,
RSG,1060391,gics_indu,Industrials,,,
RMD,943819,gics_health,Health Care,,,
RVTY,31791,gics_health,Health Care,,,
ROK,1024478,gics_indu,Industrials,,,
ROL,84839,gics_indu,Industrials,,,
ROP,882835,gics_it,Information Technology,,,
ROST,745732,gics_discr,Consumer Discretionary,,,
RCL,884887,gics_discr,Consumer Discretionary,,,
SPGI,64040,gics_fin,Financials,,,
CRM,1108524,software,Information Technology,,,
SBAC,1034054,gics_re,Real Estate,,,
SLB,87347,gics_energy,Energy,,,
STX,1137789,memory,Information Technology,,,
SRE,1032208,gics_util,Utilities,,,
NOW,1373715,software,Information Technology,,,
SHW,89800,gics_mat,Materials,,,
SPG,1063761,gics_re,Real Estate,2014-05-31,,分拆 2009-08-13×1.00722;2009-11-12×1.0063;2014-05-29×1.063
SWKS,4127,semis,Information Technology,,,
SJM,91419,gics_staples,Consumer Staples,,,
SNA,91440,gics_indu,Industrials,,,
SO,92122,gics_util,Utilities,,,
LUV,92380,gics_indu,Industrials,,,
SWK,93556,gics_indu,Industrials,,,
SBUX,829224,gics_discr,Consumer Discretionary,,,
STT,93751,gics_fin,Financials,,,
STLD,1022671,gics_mat,Materials,,,
STE,1757898,gics_health,Health Care,,,
SYK,310764,gics_health,Health Care,,,
SMCI,1375365,hardware,Information Technology,,,
SNPS,883241,software,Information Technology,,,
SYY,96021,gics_staples,Consumer Staples,,,
TMUS,1283699,gics_comm,Communication Services,,,
TROW,1113169,gics_fin,Financials,,,
TTWO,946581,internet,Communication Services,,,
TPR,1116132,gics_discr,Consumer Discretionary,,,
TRGP,1389170,gics_energy,Energy,,,
TGT,27419,gics_staples,Consumer Staples,,,
TEL,1385157,hardware,Information Technology,,,
TDY,1094285,gics_it,Information Technology,,,
TER,97210,semicap,Information Technology,,,
TSLA,1318605,gics_discr,Consumer Discretionary,,,
TXN,97476,semis,Information Technology,,,
TPL,1811074,gics_energy,Energy,,,
TXT,217346,gics_indu,Industrials,,,
TMO,97745,gics_health,Health Care,,,
TJX,109198,gics_discr,Consumer Discretionary,,,
TTD,1671933,gics_comm,Communication Services,,,
TSCO,916365,gics_discr,Consumer Discretionary,,,
TT,1466258,gics_indu,Industrials,2020-03-31,,分拆 2020-03-02×1.289
TDG,1260221,gics_indu,Industrials,,,
TRV,86312,gics_fin,Financials,,,
TRMB,864749,hardware,Information Technology,,,
TYL,860731,software,Information Technology,,,
TSN,100493,gics_staples,Consumer Staples,,,
USB,36104,gics_fin,Financials,,,
UBER,1543151,gics_indu,Industrials,,,
UDR,74208,gics_re,Real Estate,,,
ULTA,1403568,gics_discr,Consumer Discretionary,,,
UNP,100885,gics_indu,Industrials,,,
UAL,100517,gics_indu,Industrials,,,
UPS,1090727,gics_indu,Industrials,,,
URI,1067701,gics_indu,Industrials,,,
UNH,731766,gics_health,Health Care,,,
UHS,352915,gics_health,Health Care,,,
VLO,1035002,gics_energy,Energy,2013-05-31,,分拆 2013-05-02×1.094
VTR,740260,gics_re,Real Estate,2015-08-31,,分拆 2015-08-18×0.8757
VRSN,1014473,internet,Information Technology,,,
VRSK,1442145,gics_indu,Industrials,,,
VZ,732712,gics_comm,Communication Services,2010-07-31,,分拆 2008-04-01×1.00465;2010-07-02×1.06622
VRTX,875320,gics_health,Health Care,,,
VTRS,1792044,gics_health,Health Care,,,
VICI,1705696,gics_re,Real Estate,,,
V,1403161,gics_fin,Financials,,,
VST,1692819,gics_util,Utilities,,,
VMC,1396009,gics_mat,Materials,,,
WRB,11544,gics_fin,Financials,,,
GWW,277135,gics_indu,Industrials,,,
WAB,943452,gics_indu,Industrials,,,
WMT,104169,gics_staples,Consumer Staples,,,
DIS,1744489,gics_comm,Communication Services,,,
WBD,1437107,gics_comm,Communication Services,2014-08-31,,分拆 2014-08-07×1.957
WM,823768,gics_indu,Industrials,,,
WAT,1000697,gics_health,Health Care,,,
WEC,783325,gics_util,Utilities,,,
WFC,72971,gics_fin,Financials,,,
WELL,766704,gics_re,Real Estate,,,
WST,105770,gics_health,Health Care,,,
WDC,106040,memory,Information Technology,,2025-01-31,
WY,106535,gics_re,Real Estate,,,
WSM,719955,gics_discr,Consumer Discretionary,,,
WMB,107263,gics_energy,Energy,2012-01-31,,分拆 2012-01-03×1.22669
WTW,1140536,gics_fin,Financials,2016-01-31,,分拆 2016-01-05×0.3775
WDAY,1327811,software,Information Technology,,,
WYNN,1174922,gics_discr,Consumer Discretionary,,,
XEL,72903,gics_util,Utilities,,,
XYL,1524472,gics_indu,Industrials,,,
YUM,1041061,gics_discr,Consumer Discretionary,2016-11-30,,分拆 2016-11-01×1.391
ZBRA,877212,hardware,Information Technology,,,
ZBH,1136869,gics_health,Health Care,2022-03-31,,分拆 2022-03-01×1.03
ZTS,1555280,gics_health,Health Care,,,
